domain,year,headline,breadth_signal_stated,clients_business,clients_business__n_claims,clients_business__n_buckets,what_they_sell,what_they_sell__n_claims,what_they_sell__n_buckets,problem_they_fix,problem_they_fix__n_claims,problem_they_fix__n_buckets,platform_or_channel,platform_or_channel__n_claims,platform_or_channel__n_buckets,clients_money_model,clients_money_model__n_claims,clients_money_model__n_buckets,clients_size,clients_size__n_claims,clients_size__n_buckets,where_clients_are,where_clients_are__n_claims,where_clients_are__n_buckets
0209design.nl,2011,Start vandaag nog...,N,,0,0,Branding & huisstijl,1,1,Klantbehoud & loyaliteit,1,1,,0,0,,0,0,,0,0,,0,0
0209design.nl,2020,0209design | concept & creatie - Creativiteit met een visie!,N,Retail & e-commerce (general consumer goods),2,1,Branding & huisstijl,1,1,Lancering nieuw product of concept,1,1,,0,0,Zakelijke afnemers (B2B),1,1,,0,0,,0,0
0209design.nl,2023,0209design | concept & creatie - Creativiteit met een visie!,N,Retail & e-commerce (general consumer goods),2,1,Branding & huisstijl;Campagnes & creatieve concepten;Website & webdesign,4,3,Groei & nieuwe markten;Lancering nieuw product of concept,2,2,,0,0,Zakelijke afnemers (B2B),2,1,,0,0,,0,0
0209design.nl,2025,0209design | concept & creatie - Creativiteit met een visie!,N,Retail & e-commerce (general consumer goods),2,1,Branding & huisstijl;Campagnes & creatieve concepten;Website & webdesign,4,3,Groei & nieuwe markten;Lancering nieuw product of concept,2,2,,0,0,Zakelijke afnemers (B2B),2,1,,0,0,,0,0
072design.nl,2009,Webdesign Alkmaar - 072design.nl,N,,0,0,,0,0,,0,0,,0,0,,0,0,,0,0,,0,0
072design.nl,2020,Wij helpen bedrijven groeien,Y,,0,0,Campagnes & creatieve concepten;Content & copywriting;Webshop & e-commerce;Website & webdesign,4,4,"Meer leads, aanvragen & verkoop",1,1,,0,0,,0,0,MKB / middelgroot,1,1,Regionaal (binnen Nederland),1,1
072design.nl,2023,"#1 online marketing in Alkmaar . PROFESSIONELE WEBSITES, SEO, GOOGLE ADS & MEER",N,,0,0,Online adverteren (paid ads);SEO & vindbaarheid;Website & webdesign,5,3,"Meer leads, aanvragen & verkoop",3,1,,0,0,,0,0,,0,0,Regionaal (binnen Nederland),1,1
072design.nl,2025,"WEBSITES DIE LEADS VERDUBBELEN . Strategie, design & onderhoud vanuit Alkmaar",N,,0,0,Content & copywriting;Online adverteren (paid ads);Strategie & advies;Website & webdesign,4,4,"Maatwerk software & efficiëntere processen;Meer leads, aanvragen & verkoop",3,2,,0,0,,0,0,,0,0,Nederlandse stad of plaats,2,1
0930.nl,2020,Rise and Shine,Y,"Fashion, beauty & personal goods",1,1,"Campagnes & creatieve concepten;Outcome-verkoop (leads, omzet, groei)",3,2,Groei & nieuwe markten;Naamsbekendheid & zichtbaarheid,2,2,,0,0,,0,0,,0,0,Nederlandse stad of plaats,1,1
0930.nl,2023,Rise and Shine,Y,"Fashion, beauty & personal goods",1,1,"Outcome-verkoop (leads, omzet, groei)",2,1,Groei & nieuwe markten,1,1,,0,0,,0,0,,0,0,Nederlandse stad of plaats,1,1
0930.nl,2025,Rise and Shine,Y,"Fashion, beauty & personal goods",1,1,"Outcome-verkoop (leads, omzet, groei)",2,1,Groei & nieuwe markten,1,1,,0,0,,0,0,,0,0,Nederlandse stad of plaats,1,1
10tycreative.nl,2016,Voor al uw creatieve uitdagingen!,Y,,0,0,"Branding & huisstijl;Grafisch ontwerp, drukwerk & print;Strategie & advies",9,3,,0,0,,0,0,,0,0,,0,0,,0,0
10tycreative.nl,2021,Voor al uw creatieve uitdagingen!,Y,,0,0,"Branding & huisstijl;Grafisch ontwerp, drukwerk & print;Strategie & advies",9,3,,0,0,,0,0,,0,0,,0,0,,0,0
10tycreative.nl,2023,Voor al uw creatieve uitdagingen!,Y,,0,0,"Branding & huisstijl;Grafisch ontwerp, drukwerk & print;Strategie & advies",9,3,,0,0,,0,0,,0,0,,0,0,,0,0
10tycreative.nl,2025,Voor al uw creatieve uitdagingen!,Y,,0,0,"Branding & huisstijl;Grafisch ontwerp, drukwerk & print;Strategie & advies",9,3,,0,0,,0,0,,0,0,,0,0,,0,0
10uur.nl,2004,10uur communicatie is een jong communicatiebureau.,N,,0,0,,1,0,,0,0,,0,0,,0,0,,0,0,,0,0
10uur.nl,2020,WIJ WETEN WAT WERKT,N,,0,0,Strategie & advies,2,1,,1,0,,0,0,,0,0,,0,0,Regionaal (binnen Nederland),1,1
10uur.nl,2023,Wij weten wat werkt.,N,,0,0,Campagnes & creatieve concepten;Strategie & advies,3,2,Groei & nieuwe markten,1,1,,0,0,,0,0,,0,0,,0,0
10uur.nl,2025,Wij weten wat werkt.,N,,0,0,Campagnes & creatieve concepten;Strategie & advies,3,2,Groei & nieuwe markten,1,1,,0,0,,0,0,,0,0,,0,0
1kilotekst.nl,2013,,N,,0,0,,0,0,,0,0,,0,0,,0,0,,0,0,,0,0
1kilotekst.nl,2021,,N,,0,0,,0,0,,0,0,,0,0,,0,0,,0,0,,0,0
1kilotekst.nl,2023,,N,,0,0,,0,0,,0,0,,0,0,,0,0,,0,0,,0,0
1kilotekst.nl,2025,,N,,0,0,,0,0,,0,0,,0,0,,0,0,,0,0,,0,0
2bmedia.nl,2007,"2B Media webdesign, voor ontwerp, onderhoud en zoekmachine optimalisatie van uw website.",N,,0,0,Branding & huisstijl,1,1,"Beter vindbaar in Google;Meer leads, aanvragen & verkoop",2,2,,0,0,,0,0,,0,0,,0,0
2bmedia.nl,2020,CREATING YOUR ONLINE FUTURE,N,,0,0,Branding & huisstijl;Online adverteren (paid ads);Website & webdesign,4,3,Beter vindbaar in Google;Naamsbekendheid & zichtbaarheid,3,2,,0,0,,0,0,,0,0,,0,0
2bmedia.nl,2023,WordPress website laten maken?,N,,0,0,Online adverteren (paid ads);Website & webdesign,3,2,Beter vindbaar in Google,3,1,,0,0,,0,0,,0,0,Nederlandse stad of plaats,1,1
2bmedia.nl,2025,WordPress website laten maken?,N,,0,0,Social media content & beheer;Website & webdesign,2,2,Beter vindbaar in Google;Naamsbekendheid & zichtbaarheid,2,2,,0,0,,0,0,,0,0,,0,0
2chairs.nl,2011,ALTIJD OP HET PUNTJE VAN UW STOEL...,N,,0,0,Social media content & beheer;Strategie & advies,2,2,,0,0,,0,0,,0,0,,0,0,,0,0
2chairs.nl,2020,A Marketing strategy that keeps you top of mind,Y,,0,0,Content & copywriting;Website & webdesign,3,2,,1,0,,0,0,,0,0,,0,0,,0,0
2chairs.nl,2023,Marketing that keeps you top of mind,Y,,0,0,Campagnes & creatieve concepten,1,1,,1,0,,0,0,,0,0,,0,0,,0,0
2kwadraat.nl,2019,SPECIALISTEN IN MARKETING | STORYTELLING | BRANDING,N,,0,0,"Branding & huisstijl;Content & copywriting;Online marketing, performance & CRO",3,3,"Merk, huisstijl & verhaal",1,1,,0,0,,0,0,,0,0,,0,0
2kwadraat.nl,2020,"2kwadraat Reclamebureau Roosendaal Marketing, Branding & Storytelling",N,,0,0,"Branding & huisstijl;Content & copywriting;Online marketing, performance & CRO;Website & webdesign",6,4,"Meer leads, aanvragen & verkoop;Merk, huisstijl & verhaal;Website verouderd of nieuw nodig",3,3,,0,0,,0,0,,0,0,Nederlandse stad of plaats,1,1
2kwadraat.nl,2023,wij zijn verhalenvertellers,N,,0,0,"Branding & huisstijl;Content & copywriting;Online marketing, performance & CRO;Website & webdesign",6,4,Groei & nieuwe markten,2,1,,0,0,,0,0,,0,0,,0,0
2kwadraat.nl,2025,wij zijn verhalenvertellers,N,,0,0,"Branding & huisstijl;Content & copywriting;Online marketing, performance & CRO;Website & webdesign",6,4,Groei & nieuwe markten,2,1,,0,0,,0,0,,0,0,,0,0
2manydots.nl,2020,Internetmarketingbureau 2manydots | Specialist in converterende websites,Y,Government & public sector;Healthcare & care;Manufacturing & industrial,3,3,Campagnes & creatieve concepten;Strategie & advies;Website & webdesign,3,3,"Meer leads, aanvragen & verkoop;Website verouderd of nieuw nodig",3,2,Multi-channel & omnichannel;Website & CMS,3,2,,0,0,MKB / middelgroot,1,1,Heel Nederland (landelijk),1,1
2manydots.nl,2023,WordPress bureau 2manydots: Specialist in converterende websites,Y,Government & public sector;Healthcare & care;Manufacturing & industrial,3,3,Campagnes & creatieve concepten;Website & webdesign,2,2,"Meer leads, aanvragen & verkoop",2,1,Website & CMS,2,1,,0,0,MKB / middelgroot,1,1,Heel Nederland (landelijk),1,1
2manydots.nl,2025,WordPress bureau 2manydots: Specialist in converterende websites,Y,Government & public sector,1,1,"E-mailmarketing, automation & funnels;Employer branding & recruitment;Online adverteren (paid ads);SEO & vindbaarheid;Social media content & beheer;Webshop & e-commerce;Website & webdesign",8,7,"Groei & nieuwe markten;Meer leads, aanvragen & verkoop;Personeel werven & werkgeversmerk",5,3,Website & CMS,1,1,,0,0,Groot / corporate / marktleider,1,1,,0,0
2mkb.nl,2011,U wilt uw kostbare tijd graag zinvol gebruiken ?,Y,,0,0,,1,0,,1,0,,0,0,,0,0,,0,0,,0,0
2mkb.nl,2020,"business support marketing, communicatie & business support voor MKB en cultuur-ondernemers idee, strategie, ontwerp, uitvoering & ondersteuning",Y,"Media, culture & entertainment",1,1,"Grafisch ontwerp, drukwerk & print;Online marketing, performance & CRO;Website & webdesign",4,3,,1,0,,0,0,,0,0,MKB / middelgroot,1,1,,0,0
2mkb.nl,2023,"business support marketing, communicatie & business support voor MKB en cultuur-ondernemers idee, strategie, ontwerp, uitvoering & ondersteuning",Y,"Media, culture & entertainment",1,1,"Grafisch ontwerp, drukwerk & print;Online marketing, performance & CRO;Website & webdesign",4,3,,1,0,,0,0,,0,0,MKB / middelgroot,1,1,,0,0
2mkb.nl,2025,2MKB.nl - Business support,Y,,0,0,"Grafisch ontwerp, drukwerk & print;Online marketing, performance & CRO;Website & webdesign",5,3,,2,0,,0,0,,0,0,,0,0,,0,0
2ndchapter.nl,2015,2nd Chapter | Webdesign Studio Katwijk,Y,,0,0,"Online marketing, performance & CRO;Website & webdesign",2,2,,0,0,,0,0,,0,0,,0,0,,0,0
2ndchapter.nl,2020,"Webbureau voor design, development & online marketing",Y,,0,0,"Online marketing, performance & CRO;Website & webdesign",2,2,"Meer leads, aanvragen & verkoop;Webshop & online verkoop",3,2,,0,0,,0,0,,0,0,Nederlandse stad of plaats,1,1
2ndchapter.nl,2023,Welkom bij 2nd Chapter,Y,,0,0,"Online marketing, performance & CRO;Website & webdesign",3,2,"Meer leads, aanvragen & verkoop;Naamsbekendheid & zichtbaarheid",3,2,"Data, tracking & CRO",1,1,,0,0,,0,0,,0,0
2ndchapter.nl,2025,Welkom bij 2nd Chapter,Y,,0,0,Online adverteren (paid ads);Website & webdesign,3,2,"Meer leads, aanvragen & verkoop;Naamsbekendheid & zichtbaarheid",2,2,"SEA, display & overige paid advertising",2,1,,0,0,,0,0,,0,0
2youmarketing.nl,2021,Altijd online zichtbaar zijn,N,,0,0,"Content & copywriting;Online marketing, performance & CRO;Social media content & beheer;Website & webdesign",5,4,,2,0,,0,0,,0,0,,0,0,,0,0
2youmarketing.nl,2023,Altijd online zichtbaar zijn,Y,,0,0,"Online marketing, performance & CRO;Social media content & beheer;Website & webdesign",4,3,Advertenties & campagnes renderen niet;Groei & nieuwe markten,3,2,,0,0,,0,0,,0,0,,0,0
2youmarketing.nl,2025,Altijd online zichtbaar zijn,Y,,0,0,"Online marketing, performance & CRO;Social media content & beheer;Website & webdesign",4,3,Advertenties & campagnes renderen niet;Groei & nieuwe markten,3,2,,0,0,,0,0,,0,0,,0,0
360-onlinemarketing.com,2021,360° Full Service Online Marketing Agency,Y,,0,0,"Online marketing, performance & CRO;Webshop & e-commerce",2,2,Advertenties & campagnes renderen niet;Beter vindbaar in Google,3,2,,0,0,,0,0,,0,0,,0,0
360-onlinemarketing.com,2025,360° Full Service Online Marketing Agency,Y,,0,0,"Online marketing, performance & CRO;Webshop & e-commerce",2,2,Advertenties & campagnes renderen niet;Beter vindbaar in Google,3,2,,0,0,,0,0,,0,0,,0,0
369production.nl,2015,,N,,0,0,,0,0,,0,0,,0,0,,0,0,,0,0,,0,0
369production.nl,2019,369 Production // graphic design // // web design // // logo design //,Y,,0,0,Branding & huisstijl,2,1,"Merk, huisstijl & verhaal",1,1,,0,0,,0,0,,0,0,Nederlandse stad of plaats,1,1
369production.nl,2023,369 Production // graphic design // // web design // // logo design //,Y,,0,0,Branding & huisstijl,2,1,"Merk, huisstijl & verhaal",1,1,,0,0,,0,0,,0,0,Nederlandse stad of plaats,1,1
369production.nl,2025,369 Production // graphic design // // web design // // logo design //,Y,,0,0,Branding & huisstijl,2,1,"Merk, huisstijl & verhaal",1,1,,0,0,,0,0,,0,0,Nederlandse stad of plaats,1,1
3mo.nl,2007,MM&MO in het kort,N,,0,0,"Online marketing, performance & CRO;Strategie & advies",2,2,Advertenties & campagnes renderen niet,2,1,,0,0,,1,0,,0,0,,0,0
3mo.nl,2020,Maximizing Marketing Communication & Media Opportunities,N,,0,0,"Online marketing, performance & CRO;Strategie & advies",2,2,,0,0,,0,0,,0,0,,0,0,,0,0
3mo.nl,2023,Maximizing Marketing Communication & Media Opportunities,N,,0,0,"Online marketing, performance & CRO;Strategie & advies",2,2,,0,0,,0,0,,0,0,,0,0,,0,0
3mo.nl,2025,Maximizing Marketing Communication & Media Opportunities,N,,0,0,"Online marketing, performance & CRO;Strategie & advies",2,2,,0,0,,0,0,,0,0,,0,0,,0,0
3wmedia.nl,2020,Full-Service Marketingbureau Eindhoven,Y,,0,0,Branding & huisstijl;SEO & vindbaarheid;Strategie & advies,3,3,Naamsbekendheid & zichtbaarheid,1,1,,0,0,,0,0,,0,0,Nederlandse stad of plaats,1,1
3wmedia.nl,2023,Wat zijn jouw online en offline doelen?,Y,,0,0,"Grafisch ontwerp, drukwerk & print;Strategie & advies;Website & webdesign",3,3,"Meer leads, aanvragen & verkoop",3,1,"SEA, display & overige paid advertising",1,1,,0,0,,0,0,,0,0
3wmedia.nl,2025,Vormgevers van online succes,Y,,0,0,SEO & vindbaarheid;Strategie & advies;Website & webdesign,5,3,"Merk, huisstijl & verhaal",2,1,,0,0,,0,0,,0,0,Nederlandse stad of plaats,1,1
4foot8.nl,2012,"Welcome to 4Foot8's Portfolio of Blood, Sweat & Keyframes.",N,,0,0,"Video, animatie & fotografie",2,1,,0,0,,0,0,,0,0,,0,0,,0,0
4foot8.nl,2020,"Welcome to 4Foot8 's Portfolio of Blood, Sweat & Keyframes.",N,,0,0,"Video, animatie & fotografie",1,1,,0,0,,0,0,,0,0,,0,0,,0,0
4foot8.nl,2023,"Welcome to 4Foot8 's Portfolio of Blood, Sweat & Keyframes.",N,,0,0,"Video, animatie & fotografie",1,1,,0,0,,0,0,,0,0,,0,0,,0,0
4foot8.nl,2025,"4Foot8 Design approaches each motion graphic design project creatively, aiming for a balance between client needs, innovation, captivating visuals, and compelling storytelling.",N,,0,0,"Video, animatie & fotografie",1,1,,0,0,,0,0,,0,0,,0,0,,0,0
4ksproductions.com,2019,4K's Productions – Drone piloot & grafisch ontwerper,N,,0,0,"Video, animatie & fotografie",1,1,,0,0,,0,0,,0,0,,0,0,,0,0
4ksproductions.com,2020,WIL JIJ GEZIEN WORDEN?,Y,,0,0,"Grafisch ontwerp, drukwerk & print;Online marketing, performance & CRO;Video, animatie & fotografie",3,3,Naamsbekendheid & zichtbaarheid,2,1,,0,0,,0,0,,0,0,,0,0
4ksproductions.com,2023,Allround reclamebureau dat jouw bedrijf naar een nieuw level brengt!,Y,,0,0,"Branding & huisstijl;Video, animatie & fotografie;Website & webdesign",4,3,,2,0,,0,0,,0,0,,0,0,Regionaal (binnen Nederland),1,1
4ksproductions.com,2025,Wij geven jouw merk een creatieve boost!,Y,,0,0,"Branding & huisstijl;Video, animatie & fotografie;Website & webdesign",4,3,"Merk, huisstijl & verhaal",2,1,,0,0,,0,0,,0,0,Regionaal (binnen Nederland),1,1
53gradennoord.nl,2020,Een alleskunner op reclamegebied!,Y,,0,0,Website & webdesign,1,1,"Meer leads, aanvragen & verkoop",1,1,,0,0,,0,0,,0,0,Regionaal (binnen Nederland),2,1
53gradennoord.nl,2023,Een alleskunner op reclamegebied!,Y,,0,0,Website & webdesign,1,1,"Meer leads, aanvragen & verkoop",1,1,,0,0,,0,0,,0,0,Regionaal (binnen Nederland),2,1
53gradennoord.nl,2025,Een alleskunner op reclamegebied!,Y,,0,0,Website & webdesign,1,1,"Meer leads, aanvragen & verkoop",1,1,,0,0,,0,0,,0,0,Regionaal (binnen Nederland),2,1
7w-internetmarketing.nl,2020,WELKOM OP DE GOLVEN VAN 7W,N,,0,0,"Campagnes & creatieve concepten;Content & copywriting;E-mailmarketing, automation & funnels;Online marketing, performance & CRO;SEO & vindbaarheid;Webshop & e-commerce;Website & webdesign",9,7,,2,0,,0,0,,0,0,,0,0,,0,0
7w-internetmarketing.nl,2023,WELKOM OP DE GOLVEN VAN 7W,N,,0,0,"Campagnes & creatieve concepten;Content & copywriting;E-mailmarketing, automation & funnels;Online marketing, performance & CRO;SEO & vindbaarheid;Webshop & e-commerce;Website & webdesign",9,7,,2,0,,0,0,,0,0,,0,0,,0,0
7w-internetmarketing.nl,2025,WELKOM OP DE GOLVEN VAN 7W,N,,0,0,"Campagnes & creatieve concepten;Content & copywriting;E-mailmarketing, automation & funnels;Online marketing, performance & CRO;SEO & vindbaarheid;Webshop & e-commerce;Website & webdesign",9,7,,2,0,,0,0,,0,0,,0,0,,0,0
8ontwerp.nl,2020,"HALLO, WELKOM BIJ 8ONTWERP",N,,0,0,"Grafisch ontwerp, drukwerk & print",1,1,Content & creatieve productie;Groei & nieuwe markten,2,2,,0,0,,0,0,,0,0,,0,0
8ontwerp.nl,2023,"HALLO, WELKOM BIJ 8ONTWERP",N,,0,0,"Grafisch ontwerp, drukwerk & print",1,1,Content & creatieve productie;Groei & nieuwe markten,2,2,,0,0,,0,0,,0,0,,0,0
8ontwerp.nl,2025,"HALLO, WELKOM BIJ 8ONTWERP",N,,0,0,"Grafisch ontwerp, drukwerk & print",1,1,Content & creatieve productie;Groei & nieuwe markten,2,2,,0,0,,0,0,,0,0,,0,0
90graden.com,2020,90GRADEN COMMUNICATIE communicatie vanuit een andere invalshoek,N,,0,0,,2,0,,2,0,,0,0,,0,0,,0,0,,0,0
90graden.com,2023,Wij creëren kansen!,N,,0,0,Strategie & advies,2,1,,1,0,,0,0,,0,0,,0,0,,0,0
90graden.com,2025,Wij creëren kansen!,N,,0,0,Strategie & advies,2,1,,1,0,,0,0,,0,0,,0,0,,0,0
aandagt.nl,2008,,N,,0,0,Website & webdesign,2,1,,0,0,,0,0,,0,0,,0,0,,0,0
aandagt.nl,2019,Reclame die altijd raakt!,Y,,0,0,"Campagnes & creatieve concepten;Online marketing, performance & CRO;Strategie & advies",4,3,Naamsbekendheid & zichtbaarheid,4,1,,0,0,,0,0,,0,0,,0,0
aandagt.nl,2023,Alles in huis Aandagt voor jou!,Y,,0,0,"Video, animatie & fotografie",3,1,Naamsbekendheid & zichtbaarheid,3,1,,0,0,,0,0,,0,0,,0,0
aandagt.nl,2025,Jouw merk verdient aandagt.,Y,,0,0,Branding & huisstijl;Strategie & advies,3,2,Naamsbekendheid & zichtbaarheid,3,1,,0,0,,0,0,,0,0,,0,0
aanjagers.nu,2018,The domain name aanjagers.nu is for sale!,N,,0,0,,0,0,,0,0,,0,0,,0,0,,0,0,,0,0
aanjagers.nu,2021,Wij zijn aanjagers Wat kunnen we voor jou maken?,N,,0,0,"Branding & huisstijl;Campagnes & creatieve concepten;Content & copywriting;Online marketing, performance & CRO",5,4,Groei & nieuwe markten,2,1,,0,0,,0,0,,0,0,,0,0
aanjagers.nu,2023,"Wij jagen jouw communicatie aan, zodat jij kunt doen waar jij goed in bent.",N,,0,0,Strategie & advies,3,1,"Merk, huisstijl & verhaal",2,1,,0,0,,0,0,,0,0,,0,0
aanjagers.nu,2025,"Wij jagen jouw communicatie aan, zodat jij kunt doen waar jij goed in bent.",N,Education & childcare,2,1,"Employer branding & recruitment;Grafisch ontwerp, drukwerk & print",3,2,"Merk, huisstijl & verhaal",2,1,,0,0,,0,0,,0,0,,0,0
abmarketingenmeer.nl,2013,Welkom bij AB Marketing & Meer,Y,,0,0,"Online marketing, performance & CRO;Social media content & beheer;Website & webdesign",3,3,,2,0,,0,0,,0,0,,0,0,,0,0
abmarketingenmeer.nl,2020,HAAL MEER UIT UW ONLINE MARKETING DOOR UW STRATEGISCHE MARKETING PLAN UW PROFESSIONELE WEBSITE UW WINSTGEVENDE WEBSHOP DOOR HET OPTIMALISEREN VAN UW CONVERSIE!,Y,,0,0,"Online marketing, performance & CRO;Website & webdesign",3,2,,1,0,,0,0,,0,0,,0,0,,0,0
abmarketingenmeer.nl,2023,HAAL MEER UIT UW ONLINE MARKETING DOOR UW STRATEGISCHE MARKETING PLAN UW PROFESSIONELE WEBSITE UW WINSTGEVENDE WEBSHOP DOOR HET OPTIMALISEREN VAN UW CONVERSIE!,Y,,0,0,"Online marketing, performance & CRO;Website & webdesign",3,2,,1,0,,0,0,,0,0,,0,0,,0,0
abmarketingenmeer.nl,2025,HAAL MEER UIT UW ONLINE MARKETING DOOR UW STRATEGISCHE MARKETING PLAN UW PROFESSIONELE WEBSITE UW WINSTGEVENDE WEBSHOP DOOR HET OPTIMALISEREN VAN UW CONVERSIE!,Y,,0,0,"Online marketing, performance & CRO;Website & webdesign",3,2,,1,0,,0,0,,0,0,,0,0,,0,0
acato.nl,2020,Digital Agency in Den Haag en Utrecht. Acato maakt het makkelijk,Y,,0,0,Strategie & advies;Website & webdesign,2,2,"Maatwerk software & efficiëntere processen;Meer leads, aanvragen & verkoop",2,2,,0,0,,0,0,,0,0,Regionaal (binnen Nederland),1,1
acato.nl,2023,Maakt het makkelijk Digitale producten die impact maken,N,,0,0,"Online marketing, performance & CRO;Website & webdesign",2,2,Maatwerk software & efficiëntere processen,2,1,,0,0,,0,0,,0,0,,0,0
acato.nl,2025,Maakt het makkelijk Digitale producten voor iedereen,Y,Government & public sector,1,1,Strategie & advies;Website & webdesign,2,2,,2,0,,0,0,,0,0,,0,0,,0,0
accentinteractive.nl,2009,"Accent Interactive ontwikkelt frisse en heldere maatwerk websites en online applicaties. Klantgericht, effici nt en professioneel.",Y,,0,0,Apps & maatwerk platforms;Campagnes & creatieve concepten;Website & webdesign,5,3,,2,0,,0,0,,0,0,,0,0,Regionaal (binnen Nederland),1,1
accentinteractive.nl,2020,"Wij zijn een team van strategen, ontwerpers en developers. Wij hebben één passie en dat is om jouw bedrijf online succesvol te maken.",Y,,0,0,Campagnes & creatieve concepten;Webshop & e-commerce,2,2,,2,0,Webshop & e-commerceplatform,1,1,,0,0,,0,0,,0,0
accentinteractive.nl,2023,Wij laten webshops en websites groeien. Hoe we dat doen? Dat vertellen we je graag persoonlijk.,Y,,0,0,Webshop & e-commerce,2,1,"Meer leads, aanvragen & verkoop;Naamsbekendheid & zichtbaarheid",3,2,Webshop & e-commerceplatform;Website & CMS,2,2,,0,0,,0,0,,0,0
accentinteractive.nl,2025,"Jouw partner voor digitale groei Applicaties, websites, webshops, AI en SEO & CRO met resultaat.",Y,,0,0,Apps & maatwerk platforms;Webshop & e-commerce,3,2,Groei & nieuwe markten;Naamsbekendheid & zichtbaarheid,3,2,Webshop & e-commerceplatform;Website & CMS,2,2,,0,0,Groot / corporate / marktleider,2,1,,0,0
achieve.nl,2017,"DOMEIN BEZET Helaas, dit domein is al geregistreerd door één van onze klanten.",Y,,0,0,Website & webdesign,4,1,,0,0,,0,0,,0,0,,0,0,,0,0
achieve.nl,2023,Groeien op basis van data en de kracht van creativiteit,N,,0,0,Campagnes & creatieve concepten,2,1,"Meer leads, aanvragen & verkoop",1,1,,0,0,,0,0,,0,0,,0,0
achieve.nl,2025,Groeien op basis van data en de kracht van creativiteit.,N,,0,0,Campagnes & creatieve concepten,2,1,"Meer leads, aanvragen & verkoop",1,1,,0,0,,0,0,,0,0,,0,0
acplusm.nl,2016,AC+M voor reclame en vormgeving,Y,,0,0,"Campagnes & creatieve concepten;Grafisch ontwerp, drukwerk & print",2,2,,1,0,,0,0,,0,0,,0,0,Nederlandse stad of plaats,1,1
acplusm.nl,2020,AC+M vorm met inhoud,Y,,0,0,"Branding & huisstijl;Campagnes & creatieve concepten;Grafisch ontwerp, drukwerk & print",3,3,,1,0,,0,0,,0,0,,0,0,Nederlandse stad of plaats,1,1
acplusm.nl,2023,AC+M vorm met inhoud,Y,,0,0,"Branding & huisstijl;Campagnes & creatieve concepten;Grafisch ontwerp, drukwerk & print",3,3,,1,0,,0,0,,0,0,,0,0,Nederlandse stad of plaats,1,1
acplusm.nl,2024,AC+M vorm met inhoud,Y,,0,0,"Branding & huisstijl;Campagnes & creatieve concepten;Grafisch ontwerp, drukwerk & print",3,3,,1,0,,0,0,,0,0,,0,0,Nederlandse stad of plaats,1,1
act.agency,2023,We bring ADVERTISING & CONTENT TOGETHER,N,,0,0,Content & copywriting;Strategie & advies,3,2,,0,0,,0,0,,0,0,,0,0,,0,0
act.agency,2025,"We bring Advertising, Content And Technology together",Y,,0,0,Branding & huisstijl;Content & copywriting,4,2,Maatwerk software & efficiëntere processen,1,1,,0,0,,0,0,,0,0,,0,0
addix.nl,2008,"Grafische vormgeving, webdesign en fotografie, 's-Hertogenbosch (Den Bosch)",Y,,0,0,"Grafisch ontwerp, drukwerk & print;Video, animatie & fotografie",2,2,,0,0,,0,0,,0,0,,0,0,,0,0
addix.nl,2020,"Addix – concept & creatie – Grafisch Ontwerp & DTP, webdesign, 's-Hertogenbosch (Den Bosch)",Y,,0,0,"Branding & huisstijl;Campagnes & creatieve concepten;Grafisch ontwerp, drukwerk & print",3,3,"Merk, huisstijl & verhaal",1,1,,0,0,,0,0,,0,0,,0,0
addvalore.com,2021,Full service Strategic partner,Y,,0,0,Branding & huisstijl;Campagnes & creatieve concepten;Strategie & advies,5,3,,1,0,,0,0,,0,0,,1,0,,0,0
addvalore.com,2023,Empower Your Success with Add Valore Your Partner in Strategic Excellence,N,,0,0,"Branding & huisstijl;Content & copywriting;Online marketing, performance & CRO;Strategie & advies;Website & webdesign",8,5,"Merk, huisstijl & verhaal",2,1,,0,0,,0,0,,0,0,,0,0
addvalore.com,2025,Empower Your Success with Add Valore Your Partner in Strategic Excellence,N,,0,0,"Branding & huisstijl;Online marketing, performance & CRO;SEO & vindbaarheid;Social media content & beheer;Strategie & advies;Website & webdesign",9,6,"Merk, huisstijl & verhaal",2,1,,0,0,,0,0,,0,0,,0,0
addvision.nl,2020,De top bereiken met internet? Wij gaan tot het uiterste!,N,,0,0,"Online marketing, performance & CRO;Website & webdesign",5,2,"Meer leads, aanvragen & verkoop",2,1,SEO & organische vindbaarheid,1,1,,0,0,,0,0,,0,0
addvision.nl,2023,De top bereiken met internet? Wij gaan tot het uiterste!,N,,0,0,"Online marketing, performance & CRO;Website & webdesign",3,2,"Meer leads, aanvragen & verkoop",2,1,,0,0,,0,0,,0,0,,0,0
addvision.nl,2025,Ervaar de kracht van internet,N,,0,0,Strategie & advies;Webshop & e-commerce,3,2,"Groei & nieuwe markten;Meer leads, aanvragen & verkoop",3,2,,0,0,,0,0,,0,0,,0,0
adfarm.nl,2024,"Wie niet zaait, kan niet oogsten. Online groeien? Zet je business op de kweek bij adfarm, wij zijn de vruchtbare grond voor jouw marketing campagnes.",N,,0,0,"Campagnes & creatieve concepten;Online adverteren (paid ads);SEO & vindbaarheid;Social media content & beheer;Video, animatie & fotografie;Website & webdesign",8,6,Naamsbekendheid & zichtbaarheid,2,1,"SEA, display & overige paid advertising",1,1,,0,0,,0,0,Nederlandse stad of plaats,1,1
adfarm.nl,2025,Oerend Hard ONLINE groeien BEGINT BIJ ADFARM,N,,0,0,"Online marketing, performance & CRO;Outcome-verkoop (leads, omzet, groei)",2,2,Groei & nieuwe markten,3,1,,0,0,,0,0,,0,0,Regionaal (binnen Nederland),4,1
adkings.nl,2018,King in online ads!,N,,0,0,Online adverteren (paid ads),1,1,,0,0,,0,0,,0,0,,0,0,,0,0
adkings.nl,2020,KING IN ONLINE ADVERTISING,N,,0,0,"Grafisch ontwerp, drukwerk & print;Online marketing, performance & CRO;SEO & vindbaarheid;Strategie & advies;Website & webdesign",6,5,Advertenties & campagnes renderen niet;Beter vindbaar in Google,6,2,,0,0,,0,0,,0,0,,0,0
adkings.nl,2023,KING IN ONLINE ADVERTISING,N,,0,0,"Grafisch ontwerp, drukwerk & print;Online marketing, performance & CRO;SEO & vindbaarheid;Strategie & advies;Website & webdesign",6,5,Advertenties & campagnes renderen niet;Beter vindbaar in Google,6,2,,0,0,,0,0,,0,0,,0,0
adkings.nl,2025,KING IN ONLINE ADVERTISING,N,,0,0,"Grafisch ontwerp, drukwerk & print;Online marketing, performance & CRO;SEO & vindbaarheid;Strategie & advies;Website & webdesign",6,5,Advertenties & campagnes renderen niet;Beter vindbaar in Google,6,2,,0,0,,0,0,,0,0,,0,0
advertisingheroes.com,2012,Welkom!,N,,0,0,Campagnes & creatieve concepten,1,1,,0,0,,0,0,,0,0,,0,0,,0,0
advertisingheroes.com,2020,Advertising Heroes | Reclamebureau | Social Media | Trainingen,N,,0,0,Online adverteren (paid ads);Social media content & beheer;Strategie & advies,3,3,,0,0,,1,0,,0,0,,2,0,,0,0
advertisingheroes.com,2023,Hét reclamebureau met een superfocus op social media,Y,,0,0,"Grafisch ontwerp, drukwerk & print;Social media content & beheer;Strategie & advies;Video, animatie & fotografie",5,4,Groei & nieuwe markten,1,1,Social media organisch,1,1,,0,0,MKB / middelgroot,1,1,,0,0
advertisingheroes.com,2025,Wij geven jouw marketing een Boost,Y,,0,0,"Branding & huisstijl;Online marketing, performance & CRO;Outcome-verkoop (leads, omzet, groei);Social media content & beheer;Video, animatie & fotografie",7,5,Groei & nieuwe markten,2,1,,0,0,,0,0,,0,0,,0,0
adwise.nl,2006,Uw partner op het gebied van internetmarketing!,N,,0,0,"Online marketing, performance & CRO",2,1,,1,0,,0,0,,0,0,,0,0,,0,0
adwise.nl,2020,Adwise - Your Digital Brain | Full service digital agency,Y,"Staffing, recruitment & HR",1,1,"Branding & huisstijl;Online marketing, performance & CRO;Strategie & advies;Website & webdesign",5,4,"Groei & nieuwe markten;Meer leads, aanvragen & verkoop",4,2,,0,0,Webshop consumenten (D2C),1,1,,0,0,,0,0
adwise.nl,2023,Adwise - Your Digital Brain | #1-3 Fullservice Digital Agency '21 '22 '23,Y,"Staffing, recruitment & HR",1,1,Strategie & advies,1,1,Groei & nieuwe markten,2,1,,0,0,Webshop consumenten (D2C);Zakelijke afnemers (B2B),2,2,,0,0,,0,0
adwise.nl,2025,Adwise - Your Digital Brain | Best Fullservice Digital Agency 2024,Y,"Staffing, recruitment & HR",1,1,Strategie & advies,1,1,Groei & nieuwe markten,2,1,,0,0,Webshop consumenten (D2C);Zakelijke afnemers (B2B),2,2,,0,0,Internationaal / wereldwijd,1,1
adwolves.nl,2018,AdWolves - Succesvol Online Adverteren in Google Adwords,N,,0,0,Online adverteren (paid ads);Social media content & beheer,2,2,"Advertenties & campagnes renderen niet;Meer leads, aanvragen & verkoop;Naamsbekendheid & zichtbaarheid",3,3,"SEA, display & overige paid advertising",1,1,,0,0,,0,0,,0,0
adwolves.nl,2020,Wij halen meer klanten uit jouw website,N,,0,0,"Online marketing, performance & CRO;Social media content & beheer;Webshop & e-commerce",3,3,"Meer leads, aanvragen & verkoop",3,1,,0,0,Webshop consumenten (D2C);Zakelijke afnemers (B2B),2,2,Klein / zelfstandig,1,1,,0,0
adwolves.nl,2025,AdWolves - Performance Marketing Agency Rotterdam,Y,,0,0,"Campagnes & creatieve concepten;Online marketing, performance & CRO;Social media content & beheer",3,3,"Meer leads, aanvragen & verkoop",2,1,"SEA, display & overige paid advertising",1,1,,0,0,,0,0,Nederlandse stad of plaats;Regionaal (binnen Nederland),2,2
adworth.nl,2012,Adworth-Onafhankelijk Adwords Advies,N,,0,0,Online adverteren (paid ads),3,1,Advertenties & campagnes renderen niet,3,1,"SEA, display & overige paid advertising",1,1,,0,0,,0,0,,0,0
adworth.nl,2020,Adworth - SEA Experts,N,,0,0,"Apps & maatwerk platforms;Online adverteren (paid ads);Online marketing, performance & CRO;Website & webdesign",4,4,Advertenties & campagnes renderen niet;Maatwerk software & efficiëntere processen,4,2,"SEA, display & overige paid advertising",1,1,,0,0,,0,0,,0,0
adworth.nl,2023,"Online groeien, dat doet u met Adworth.",Y,,0,0,Online adverteren (paid ads);Website & webdesign,3,2,"Groei & nieuwe markten;Meer leads, aanvragen & verkoop",2,2,"SEA, display & overige paid advertising",1,1,,0,0,,0,0,,0,0
adworth.nl,2025,Adworth - SEA Bureau en Google Ads Specialist | Internet Marketing Bureau,Y,,0,0,Online adverteren (paid ads);Website & webdesign,3,2,"Groei & nieuwe markten;Meer leads, aanvragen & verkoop",2,2,"SEA, display & overige paid advertising",2,1,,0,0,,0,0,,0,0
afdelingonline.nl,2013,Wij maken jou succesvol online.,Y,,0,0,Online adverteren (paid ads);Social media content & beheer;Strategie & advies;Webshop & e-commerce,6,4,,2,0,,0,0,,0,0,,0,0,,0,0
afdelingonline.nl,2020,Online Marketing Bureau gezocht?,Y,Business & professional services;Retail & e-commerce (general consumer goods),2,2,"Campagnes & creatieve concepten;Content & copywriting;Employer branding & recruitment;Online marketing, performance & CRO",5,4,,0,0,,0,0,Zakelijke afnemers (B2B),1,1,,0,0,,0,0
afdelingonline.nl,2023,Online Marketing Bureau gezocht?,N,Business & professional services;Retail & e-commerce (general consumer goods),2,2,"Online marketing, performance & CRO;Strategie & advies",4,2,Bewustwording & gedragsverandering,1,1,,0,0,Zakelijke afnemers (B2B),1,1,,0,0,,0,0
afdelingonline.nl,2025,Online Marketing Bureau gezocht?,N,Business & professional services;Retail & e-commerce (general consumer goods),2,2,"Online marketing, performance & CRO;Strategie & advies",5,2,,0,0,,0,0,Zakelijke afnemers (B2B),1,1,,0,0,,0,0
afix.nl,2001,,N,,0,0,,0,0,,0,0,,0,0,,0,0,,0,0,,0,0
afix.nl,2020,Afix maakt ambitieuze bedrijven succesvol op internet,Y,,0,0,"Online marketing, performance & CRO;Website & webdesign",3,2,"Meer leads, aanvragen & verkoop",1,1,,0,0,,0,0,,0,0,,0,0
afix.nl,2023,Wij zijn jouw partner voor online succes.,Y,,0,0,"Online marketing, performance & CRO;Website & webdesign",3,2,Groei & nieuwe markten,1,1,,0,0,,0,0,,0,0,,0,0
afix.nl,2025,Wij zijn jouw partner voor online succes.,Y,,0,0,"Online marketing, performance & CRO;Website & webdesign",3,2,Groei & nieuwe markten,1,1,,0,0,,0,0,,0,0,Nederlandse stad of plaats,1,1
afontwerp.nl,2020,Krijgt u wel eens een compliment over uw website of huisstijl? AFontwerp kan er voor zorgen!,N,,0,0,"Branding & huisstijl;Grafisch ontwerp, drukwerk & print",3,2,"Content & creatieve productie;Merk, huisstijl & verhaal",2,2,,0,0,,0,0,,0,0,,0,0
afontwerp.nl,2023,Krijgt u wel eens een compliment over uw website of huisstijl? AFontwerp kan er voor zorgen!,N,,0,0,"Branding & huisstijl;Grafisch ontwerp, drukwerk & print",3,2,"Content & creatieve productie;Merk, huisstijl & verhaal",2,2,,0,0,,0,0,,0,0,,0,0
afontwerp.nl,2025,Unieke en krachtige ontwerpen met een sterke inhoud,N,,0,0,Branding & huisstijl;Website & webdesign,3,2,"Merk, huisstijl & verhaal",1,1,,0,0,,0,0,,0,0,,0,0
afslagzuid.nl,2020,"Wij zijn Afslagzuid, bureau voor creatieve communicatie",N,,0,0,"Branding & huisstijl;Campagnes & creatieve concepten;Grafisch ontwerp, drukwerk & print;PR & influencer marketing;Website & webdesign",6,5,,1,0,,0,0,,0,0,,0,0,,0,0
afslagzuid.nl,2023,"Wij zijn Afslagzuid, bureau voor creatieve communicatie",N,,0,0,"Branding & huisstijl;Campagnes & creatieve concepten;Content & copywriting;Grafisch ontwerp, drukwerk & print;Website & webdesign",6,5,,1,0,,0,0,,0,0,,0,0,,0,0
afslagzuid.nl,2025,"Wij zijn Afslagzuid, bureau voor creatieve communicatie",N,,0,0,"Branding & huisstijl;Campagnes & creatieve concepten;Content & copywriting;Grafisch ontwerp, drukwerk & print;Website & webdesign",6,5,,1,0,,0,0,,0,0,,0,0,,0,0
aim.nu,2020,Wij zijn aim.,Y,,0,0,,2,0,,1,0,,0,0,,0,0,,0,0,,0,0
aim.nu,2023,Wij zijn aim.,Y,,0,0,,2,0,,1,0,,0,0,,0,0,,0,0,,0,0
akkerontwerp.nl,2015,,N,,0,0,,0,0,,0,0,,0,0,,0,0,,0,0,,0,0
akkerontwerp.nl,2019,Ontwerp van drukwerk en digitale media,N,,0,0,"Branding & huisstijl;Campagnes & creatieve concepten;Grafisch ontwerp, drukwerk & print;Website & webdesign",7,4,,0,0,,0,0,,0,0,,0,0,,0,0
akkerontwerp.nl,2023,Ontwerp van drukwerk en digitale media,N,,0,0,"Branding & huisstijl;Campagnes & creatieve concepten;Grafisch ontwerp, drukwerk & print;Website & webdesign",7,4,,0,0,,0,0,,0,0,,0,0,,0,0
akkerontwerp.nl,2025,Ontwerp van drukwerk en digitale media,N,,0,0,"Branding & huisstijl;Campagnes & creatieve concepten;Grafisch ontwerp, drukwerk & print;Website & webdesign",7,4,,0,0,,0,0,,0,0,,0,0,,0,0
akqa.com,1998,,N,,0,0,,0,0,,0,0,,0,0,,0,0,,0,0,,0,0
akqa.com,2020,The imaginative application of art and science.,N,,0,0,,1,0,,0,0,,0,0,,0,0,,0,0,,0,0
akqa.com,2023,The imaginative application of artificial intelligence,N,,0,0,,1,0,,0,0,,0,0,,0,0,,0,0,,0,0
akqa.com,2025,The imaginative application of artificial intelligence,N,,0,0,,1,0,,0,0,,0,0,,0,0,,0,0,,0,0
alexxdesign.nl,2007,,N,,0,0,,0,0,,0,0,,0,0,,0,0,,0,0,,0,0
alexxdesign.nl,2020,"Uw visie, onze missie",Y,Government & public sector,1,1,Website & webdesign,2,1,,0,0,,0,0,,1,0,Klein / zelfstandig;Startup / jong / groeiend,2,2,Nederlandse stad of plaats,1,1
alexxdesign.nl,2025,ALEXXDESIGN - geavanceerd en actueel web bureau voor uw online succes.,Y,,0,0,Website & webdesign,2,1,"Meer leads, aanvragen & verkoop",1,1,,0,0,,0,0,,0,0,,0,0
alfred.nl,2001,,N,,0,0,,0,0,,0,0,,0,0,,0,0,,0,0,,0,0
alfred.nl,2020,,N,,0,0,,0,0,,0,0,,0,0,,0,0,,0,0,,0,0
alfred.nl,2023,Bureau voor de Happy Many,N,,0,0,,1,0,,0,0,,0,0,,0,0,,0,0,,0,0
alfred.nl,2025,bureau voor de Happy Many,N,,0,0,,1,0,,0,0,,0,0,,0,0,,0,0,,0,0
aliens.nl,2020,Aliens Reclamebureau in Den Bosch | Fullservice Marketingcommunicatie,Y,,0,0,"Online marketing, performance & CRO",1,1,,0,0,,0,0,,0,0,,0,0,Nederlandse stad of plaats,1,1
aliens.nl,2023,"Wij luisteren, denken vooruit, leven ons in in je bedrijf en spelen in op veranderingen. Zo creëren we krachtige strategieën en onderscheidende creatieve communicatie.",N,,0,0,Strategie & advies,1,1,,0,0,,0,0,,0,0,,0,0,,0,0
aliens.nl,2025,"Wij luisteren, denken vooruit, leven ons in in je bedrijf en spelen in op veranderingen. Zo creëren we krachtige strategieën en onderscheidende creatieve communicatie.",N,,0,0,Strategie & advies,1,1,,0,0,,0,0,,0,0,,0,0,,0,0
alientrick.com,2001,,N,,0,0,,0,0,,0,0,,0,0,,0,0,,0,0,,0,0
alientrick.com,2020,The creative cosmic agency,N,,0,0,Campagnes & creatieve concepten;Strategie & advies,2,2,Groei & nieuwe markten,2,1,,0,0,,0,0,Groot / corporate / marktleider,1,1,,0,0
alientrick.com,2023,We are AlienTrick: The creative cosmic agency,Y,,0,0,Campagnes & creatieve concepten;Strategie & advies;Website & webdesign,3,3,,0,0,,0,0,,0,0,Groot / corporate / marktleider,1,1,,0,0
alientrick.com,2025,We are AlienTrick - The creative cosmic agency,Y,,0,0,Branding & huisstijl;Strategie & advies,2,2,,0,0,,0,0,,0,0,,0,0,,0,0
alion.nl,2020,Creators of Digital Power,Y,,0,0,Apps & maatwerk platforms,2,1,Groei & nieuwe markten,2,1,,0,0,,0,0,,0,0,,0,0
alion.nl,2023,Digital agency for Business Growth,N,,0,0,Branding & huisstijl,2,1,Groei & nieuwe markten;Klantbehoud & loyaliteit;Maatwerk software & efficiëntere processen,3,3,,0,0,,0,0,,0,0,,0,0
alion.nl,2025,Jouw digitale MERKVERSTERKER.,N,,0,0,"Online marketing, performance & CRO;Website & webdesign",4,2,Beter vindbaar in Google;Maatwerk software & efficiëntere processen;Naamsbekendheid & zichtbaarheid,4,3,,0,0,,0,0,,0,0,,0,0
aliveandkicking.nl,2014,,N,,0,0,,0,0,,0,0,,0,0,,0,0,,0,0,,0,0
aliveandkicking.nl,2023,Online groei voor jouw business,N,,0,0,,0,0,"Content & creatieve productie;Groei & nieuwe markten;Meer leads, aanvragen & verkoop;Naamsbekendheid & zichtbaarheid",4,4,Webshop & e-commerceplatform,1,1,,0,0,,0,0,,0,0
aliveandkicking.nl,2025,Marketing Agency voor ambitieuze merken.,N,,0,0,Apps & maatwerk platforms;Campagnes & creatieve concepten;Strategie & advies,3,3,Naamsbekendheid & zichtbaarheid,1,1,Social media organisch,1,1,,0,0,Startup / jong / groeiend,1,1,Nederlandse stad of plaats,1,1
all-it.nl,2017,"Voor een eigen WEB APP voor bedrijf, winkel, enquete, congres, symposium, evenement, bruiloft, verjaardag, feest, jubileum, club, school, leden of personeel",Y,,0,0,"Apps & maatwerk platforms;Grafisch ontwerp, drukwerk & print",2,2,,0,0,,0,0,,0,0,,0,0,,0,0
all-it.nl,2021,IK HEB EEN NIEUWE WEBSITE NODIG!,N,,0,0,Website & webdesign,3,1,"Meer leads, aanvragen & verkoop",3,1,,0,0,,0,0,MKB / middelgroot,1,1,,0,0
all-it.nl,2023,website voor elk budget,N,,0,0,Website & webdesign,4,1,,1,0,,0,0,,0,0,MKB / middelgroot,2,1,,0,0
all-it.nl,2025,website voor elk budget,N,,0,0,Website & webdesign,4,1,,1,0,,0,0,,0,0,MKB / middelgroot,2,1,,0,0
alldots.nl,2003,All Dots | Print | Web design | Presentaties,Y,,0,0,"Grafisch ontwerp, drukwerk & print",1,1,Naamsbekendheid & zichtbaarheid,1,1,,0,0,,0,0,MKB / middelgroot,1,1,,0,0
alldots.nl,2020,"All Dots, reclame- ontwerpbureau almere",N,,0,0,,0,0,,0,0,,0,0,,0,0,,0,0,Nederlandse stad of plaats,1,1
alldots.nl,2023,"All Dots, reclame- ontwerpbureau almere",N,,0,0,,0,0,,0,0,,0,0,,0,0,,0,0,Nederlandse stad of plaats,1,1
alldots.nl,2025,"All Dots, reclame- ontwerpbureau almere",N,,0,0,,0,0,,0,0,,0,0,,0,0,,0,0,Nederlandse stad of plaats,1,1
allison.nl,2000,,N,,0,0,,0,0,,0,0,,0,0,,0,0,,0,0,,0,0
allison.nl,2020,Allison grafische vormgeving communicatieadvies,N,,0,0,"Grafisch ontwerp, drukwerk & print",1,1,,0,0,,0,0,,0,0,,0,0,,0,0
allison.nl,2023,Allison grafische vormgeving communicatieadvies,N,,0,0,"Grafisch ontwerp, drukwerk & print",1,1,,0,0,,0,0,,0,0,,0,0,,0,0
allison.nl,2025,Allison grafische vormgeving communicatieadvies,N,,0,0,"Grafisch ontwerp, drukwerk & print",1,1,,0,0,,0,0,,0,0,,0,0,,0,0
allyourmedia.nl,2020,Wij zijn een bureau voor merkcommunicatie,Y,,0,0,Campagnes & creatieve concepten,1,1,,2,0,,0,0,,0,0,,0,0,Nederlandse stad of plaats,1,1
allyourmedia.nl,2023,Wij zijn een bureau voor merkcommunicatie,Y,,0,0,Campagnes & creatieve concepten,1,1,,2,0,,0,0,,0,0,,0,0,Nederlandse stad of plaats,1,1
allyourmedia.nl,2025,Wij zijn een bureau voor merkcommunicatie,Y,,0,0,Campagnes & creatieve concepten,1,1,,2,0,,0,0,,0,0,,0,0,Nederlandse stad of plaats,1,1
alonamarketing.nl,2019,Online Marketing mét resultaat,Y,,0,0,"Online adverteren (paid ads);Online marketing, performance & CRO;SEO & vindbaarheid;Social media content & beheer",4,4,"Meer leads, aanvragen & verkoop",2,1,,0,0,,0,0,,0,0,,0,0
alonamarketing.nl,2020,Online Marketing mét resultaat,Y,,0,0,"Online marketing, performance & CRO;Social media content & beheer",2,2,"Meer leads, aanvragen & verkoop",1,1,,0,0,,0,0,,0,0,,0,0
alonamarketing.nl,2023,Let's Maximize digital growth together.,Y,,0,0,"Online adverteren (paid ads);Online marketing, performance & CRO;SEO & vindbaarheid;Social media content & beheer;Website & webdesign",7,5,Groei & nieuwe markten,1,1,,0,0,,0,0,MKB / middelgroot,1,1,,0,0
alonamarketing.nl,2025,groei met impact door slimme digital marketing & ai,N,,0,0,Online adverteren (paid ads);SEO & vindbaarheid;Social media content & beheer;Strategie & advies;Website & webdesign,6,5,"Meer leads, aanvragen & verkoop",3,1,,0,0,,0,0,,0,0,,0,0
amazing.nl,1997,Amazing Marketing & Advertising Consultants bv,Y,,0,0,"Campagnes & creatieve concepten;Grafisch ontwerp, drukwerk & print;Strategie & advies",4,3,,0,0,,0,0,Zakelijke afnemers (B2B),1,1,,0,0,Heel Nederland (landelijk),2,1
amazing.nl,2020,"we do wow in strategy, concepting, development & design.",N,,0,0,Strategie & advies,2,1,"Merk, huisstijl & verhaal",1,1,,0,0,,0,0,,0,0,,0,0
amazing.nl,2023,"we do wow in strategy, concepting, development & design.",N,,0,0,Strategie & advies,2,1,"Merk, huisstijl & verhaal",1,1,,0,0,,0,0,,0,0,,0,0
amazing.nl,2025,Wij zijn Amazing. Full stack creatives.,Y,,0,0,Strategie & advies,3,1,,1,0,,0,0,,0,0,,0,0,,0,0
amcreative.io,2021,we make each half of the glass feel beautiful,N,,0,0,"Online marketing, performance & CRO;Strategie & advies",2,2,,0,0,,0,0,,0,0,,0,0,Europa,2,1
amcreative.io,2023,We make each half of the glass feel beautiful,N,,0,0,"Online marketing, performance & CRO;Strategie & advies",2,2,,0,0,,0,0,,0,0,,0,0,Europa,2,1
amcreative.io,2025,We make each half of the glass feel beautiful,N,,0,0,"Online marketing, performance & CRO;Strategie & advies",2,2,,0,0,,0,0,,0,0,,0,0,Europa,2,1
amici-consulting.nl,2021,Het woord vriend staat centraal bij Amici Consulting.,N,,0,0,SEO & vindbaarheid,3,1,,2,0,,0,0,,0,0,,0,0,,0,0
amici-consulting.nl,2023,Het woord vriend staat centraal bij Amici Consulting.,N,,0,0,SEO & vindbaarheid,3,1,,2,0,,0,0,,0,0,,0,0,,0,0
amici-consulting.nl,2025,Het woord vriend staat centraal bij Amici Consulting.,N,,0,0,SEO & vindbaarheid,3,1,,2,0,,0,0,,0,0,,0,0,,0,0
amigosagency.nl,2023,Full Service design agency in oss.,Y,,0,0,Branding & huisstijl,1,1,,0,0,,0,0,,0,0,,0,0,Nederlandse stad of plaats,1,1
amigosagency.nl,2023,"Pittig team, Scherpe resultaten",Y,,0,0,"Branding & huisstijl;Online marketing, performance & CRO",2,2,"Meer leads, aanvragen & verkoop;Merk, huisstijl & verhaal;Website verouderd of nieuw nodig",3,3,,0,0,,0,0,,0,0,Heel Nederland (landelijk),1,1
amigosagency.nl,2025,We spice up the game,N,,0,0,UX/UI & interface design;Website & webdesign,2,2,"Merk, huisstijl & verhaal",2,1,,0,0,,0,0,,0,0,Nederlandse stad of plaats,1,1
an-image.nl,2021,,N,,0,0,,0,0,,0,0,,0,0,,0,0,,0,0,,0,0
an-image.nl,2023,,N,,0,0,"Video, animatie & fotografie;Website & webdesign",2,2,,0,0,,0,0,,0,0,,0,0,,0,0
an-image.nl,2025,,N,,0,0,"Video, animatie & fotografie;Website & webdesign",2,2,,0,0,,0,0,,0,0,,0,0,,0,0
anmediasolutions.nl,2021,AN Media Solutions – Solutions for a better future,N,,0,0,"Online marketing, performance & CRO",1,1,,1,0,,0,0,,0,0,,0,0,,0,0
anmediasolutions.nl,2024,,N,,0,0,,0,0,,0,0,,0,0,,0,0,,0,0,,0,0
anmediasolutions.nl,2025,AN Media Solutions – Solutions for a better future!,Y,,0,0,"Apps & maatwerk platforms;Grafisch ontwerp, drukwerk & print;Online adverteren (paid ads);Social media content & beheer;Strategie & advies;Website & webdesign",8,6,Groei & nieuwe markten,2,1,,0,0,,0,0,,0,0,,0,0
annabel.nl,2013,Domein gereserveerd,N,,0,0,,0,0,,0,0,,0,0,,0,0,,0,0,,0,0
annabel.nl,2020,ANNABEL.NL IS EEN JONG EN CREATIEF BEDRIJF DIE DOOR MIDDEL VAN SIMPEL TE BESTELLEN PAKKETTEN VIDEO CONTENT AANBIEDT.,N,,0,0,"Video, animatie & fotografie",1,1,Content & creatieve productie,1,1,,0,0,,0,0,,0,0,,0,0
annabel.nl,2023,ANNABEL.NL IS EEN JONG EN CREATIEF BEDRIJF DIE DOOR MIDDEL VAN SIMPEL TE BESTELLEN PAKKETTEN VIDEO CONTENT AANBIEDT.,N,,0,0,"Video, animatie & fotografie",1,1,Content & creatieve productie,1,1,,0,0,,0,0,,0,0,,0,0
annabel.nl,2025,ANNABEL.NL IS EEN JONG EN CREATIEF BEDRIJF DIE DOOR MIDDEL VAN SIMPEL TE BESTELLEN PAKKETTEN VIDEO EN PODCAST CONTENT AANBIEDT.,N,"Nonprofits, charities & associations",1,1,"Video, animatie & fotografie",3,1,,2,0,,0,0,,0,0,,0,0,,0,0
anothersite.nl,2020,Zoekt u een webdesigner die snel en probleemloos uw website maakt?,Y,,0,0,Website & webdesign,5,1,Website verouderd of nieuw nodig,1,1,,0,0,,0,0,,0,0,Nederlandse stad of plaats,3,1
anothersite.nl,2023,Zoekt u een webdesigner die snel en probleemloos uw website maakt?,Y,,0,0,Website & webdesign,5,1,Website verouderd of nieuw nodig,1,1,,0,0,,0,0,,0,0,Nederlandse stad of plaats,3,1
anothersite.nl,2026,Zoekt u een webdesigner die snel en probleemloos uw website maakt?,Y,,0,0,Website & webdesign,5,1,Website verouderd of nieuw nodig,1,1,,0,0,,0,0,,0,0,Nederlandse stad of plaats,3,1
anyscreensize.com,2012,"How does your website on the iPad, iPhone or Android? Is your site ready for the mobile web future?",N,,0,0,Website & webdesign,3,1,Website verouderd of nieuw nodig,2,1,Website & CMS,1,1,,0,0,,0,0,,0,0
anyscreensize.com,2020,Any Screen Size UX designer / Developer / MODX CMS expert,N,Business & professional services,1,1,Website & webdesign,2,1,,0,0,Website & CMS,2,1,,0,0,,0,0,,0,0
anyscreensize.com,2023,"We help companies create Websites, CMS systems, SEO optimalisation and digital experiences.",N,,0,0,Website & webdesign,3,1,Maatwerk software & efficiëntere processen,1,1,Website & CMS,1,1,,0,0,,0,0,,0,0
anyscreensize.com,2025,"We design, develop and host custom-made, modern websites for a fair price.",Y,,0,0,"Grafisch ontwerp, drukwerk & print;Website & webdesign",3,2,Beter vindbaar in Google;Website verouderd of nieuw nodig,2,2,Website & CMS,1,1,,0,0,,0,0,,0,0
anytime.nl,2001,,N,,0,0,,0,0,,0,0,,0,0,,0,0,,0,0,,0,0
anytime.nl,2020,Reclamestudio Anytime,Y,,0,0,Website & webdesign,2,1,,0,0,,0,0,,0,0,MKB / middelgroot,2,1,,0,0
anytime.nl,2023,"Anytime is een partner in design, vormgeving en dtp",Y,,0,0,"Grafisch ontwerp, drukwerk & print",2,1,,0,0,,0,0,,0,0,,0,0,,0,0
anytime.nl,2025,Reclamestudio Anytime - Voor Vormgeving & Design,N,,0,0,"Grafisch ontwerp, drukwerk & print",2,1,,0,0,,0,0,,0,0,,0,0,Heel Nederland (landelijk),1,1
artdigital.nl,2001,Art Digital - Grafische Vormgeving & Webdesign,N,,0,0,"Grafisch ontwerp, drukwerk & print",1,1,,0,0,,0,0,,0,0,,0,0,,0,0
artdigital.nl,2020,Art Digital | Creative Studio,Y,"Food, beverage & agriculture",1,1,"Branding & huisstijl;Grafisch ontwerp, drukwerk & print;Webshop & e-commerce",3,3,,0,0,,0,0,,0,0,,0,0,,0,0
artdigital.nl,2023,Art Digital | Creative Studio,Y,"Food, beverage & agriculture",1,1,"Branding & huisstijl;Grafisch ontwerp, drukwerk & print;Webshop & e-commerce",3,3,,0,0,,0,0,,0,0,,0,0,,0,0
artdigital.nl,2025,Art Digital | Creative Studio,Y,"Food, beverage & agriculture",1,1,"Branding & huisstijl;Grafisch ontwerp, drukwerk & print;Webshop & e-commerce",4,3,,0,0,,0,0,,0,0,,0,0,,0,0
artdustries.com,2020,"Welkom bij Artdustries! Grafische Vormgeving, Webdesign & Multimedia Maastricht",Y,,0,0,"Grafisch ontwerp, drukwerk & print;Website & webdesign",5,2,,1,0,,0,0,,0,0,,0,0,,0,0
artdustries.com,2023,"Welkom bij Artdustries! Grafische Vormgeving, Webdesign & Multimedia Maastricht",Y,,0,0,"Grafisch ontwerp, drukwerk & print;Website & webdesign",4,2,,1,0,,0,0,,0,0,Groot / corporate / marktleider,1,1,,0,0
artdustries.com,2025,"Welkom bij Artdustries! Grafische Vormgeving, Webdesign & Multimedia Maastricht",Y,,0,0,"Grafisch ontwerp, drukwerk & print;Website & webdesign",4,2,,1,0,,0,0,,0,0,Groot / corporate / marktleider,1,1,,0,0
articollation.com,2016,"Articollation | visualization, implementation, collaboration",N,,0,0,Branding & huisstijl,2,1,,0,0,,0,0,,0,0,,0,0,,0,0
articollation.com,2020,LET US REALIZE YOUR IDEAS FOR YOU,Y,,0,0,Website & webdesign,1,1,,1,0,,0,0,,0,0,,0,0,,0,0
articollation.com,2024,LET US REALIZE YOUR IDEAS FOR YOU,Y,,0,0,Website & webdesign,1,1,,1,0,,0,0,,0,0,,0,0,,0,0
articollation.com,2025,LET US REALIZE YOUR IDEAS FOR YOU,Y,,0,0,Website & webdesign,1,1,,1,0,,0,0,,0,0,,0,0,,0,0
artitex.nl,2013,Wij doen het!,Y,,0,0,Website & webdesign,2,1,,0,0,,0,0,,0,0,MKB / middelgroot,1,1,,0,0
artitex.nl,2020,Webdesign en Grafisch ontwerp - Fullservice Internetbureau | Artitex,Y,,0,0,"Apps & maatwerk platforms;Grafisch ontwerp, drukwerk & print;Website & webdesign",3,3,,2,0,,0,0,,0,0,MKB / middelgroot,1,1,,0,0
artitex.nl,2023,Full-service Digital Agency,Y,,0,0,Website & webdesign,3,1,Beter vindbaar in Google;Groei & nieuwe markten;Website verouderd of nieuw nodig,4,3,Website & CMS,1,1,,0,0,MKB / middelgroot,1,1,,0,0
artitex.nl,2025,Full-service Digital Agency,Y,,0,0,Website & webdesign,3,1,Beter vindbaar in Google;Groei & nieuwe markten;Website verouderd of nieuw nodig,4,3,Website & CMS,1,1,,0,0,MKB / middelgroot,1,1,,0,0
artnic.nl,2020,"Ontwerp en communicatie maken uw merk, product, boodschap of organisatie herkenbaar en toegankelijk.",Y,,0,0,Strategie & advies,2,1,"Merk, huisstijl & verhaal",1,1,,0,0,Webshop consumenten (D2C),1,1,,0,0,Nederlandse stad of plaats,1,1
artnic.nl,2023,"Ontwerp en communicatie maken uw merk, product, boodschap of organisatie herkenbaar en toegankelijk.",Y,,0,0,Strategie & advies,2,1,"Merk, huisstijl & verhaal",1,1,,0,0,Webshop consumenten (D2C),1,1,,0,0,Nederlandse stad of plaats,1,1
artnic.nl,2025,"Ontwerp en communicatie maken uw merk, product, boodschap of organisatie herkenbaar en toegankelijk.",Y,,0,0,Strategie & advies,2,1,"Merk, huisstijl & verhaal",1,1,,0,0,Webshop consumenten (D2C),1,1,,0,0,Nederlandse stad of plaats,1,1
artofadvertising.nl,2020,WIJ MAKEN VAN JOUW CAMPAGNE EEN KUNSTWERK,N,,0,0,"Campagnes & creatieve concepten;Online marketing, performance & CRO;Strategie & advies",3,3,Naamsbekendheid & zichtbaarheid,1,1,,0,0,,0,0,,0,0,,0,0
artofadvertising.nl,2023,Investeer jij in online marketing zonder resultaat? Master your marketing.,N,Retail & e-commerce (general consumer goods),1,1,"Campagnes & creatieve concepten;Online marketing, performance & CRO",2,2,Advertenties & campagnes renderen niet,2,1,,0,0,,0,0,,0,0,,0,0
ascend-online.nl,2022,Hét online marketing bureau voor groei,Y,,0,0,"Content & copywriting;Online adverteren (paid ads);Online marketing, performance & CRO;Social media content & beheer",5,4,Advertenties & campagnes renderen niet;Groei & nieuwe markten,4,2,,0,0,,0,0,,0,0,,0,0
ascend-online.nl,2023,Hét online marketing bureau voor groei,Y,,0,0,"Content & copywriting;Online adverteren (paid ads);Online marketing, performance & CRO;Social media content & beheer",5,4,Advertenties & campagnes renderen niet;Groei & nieuwe markten,4,2,,0,0,,0,0,,0,0,,0,0
ascend-online.nl,2025,Hét online marketing bureau voor groei,Y,,0,0,"Content & copywriting;Online adverteren (paid ads);Online marketing, performance & CRO;Social media content & beheer",5,4,Advertenties & campagnes renderen niet;Groei & nieuwe markten,4,2,,0,0,,0,0,,0,0,,0,0
asociaalmarketing.nl,2021,Wij helpen jouw bedrijf groeien!,Y,,0,0,"Social media content & beheer;Video, animatie & fotografie",4,2,"Groei & nieuwe markten;Meer leads, aanvragen & verkoop",2,2,Social media organisch,1,1,,0,0,,0,0,Nederlandse stad of plaats,1,1
asociaalmarketing.nl,2023,Creative Online Marketing Agency,Y,,0,0,"Branding & huisstijl;Content & copywriting;Online adverteren (paid ads);Online marketing, performance & CRO;Social media content & beheer;Strategie & advies",8,6,"Advertenties & campagnes renderen niet;Meer leads, aanvragen & verkoop",3,2,,0,0,,0,0,,0,0,Nederlandse stad of plaats,1,1
asociaalmarketing.nl,2025,Creative Online Marketing Agency,Y,,0,0,"Online adverteren (paid ads);Online marketing, performance & CRO;SEO & vindbaarheid;Video, animatie & fotografie",7,4,"Groei & nieuwe markten;Meer leads, aanvragen & verkoop",4,2,,0,0,,0,0,,0,0,Nederlandse stad of plaats,2,1
astrolads.com,2020,Get your innovative ideas to the end user.,N,,1,0,Branding & huisstijl,1,1,,1,0,,0,0,,0,0,,0,0,,0,0
astrolads.com,2023,Astrolads is een digitaal bureau van jonge creatieven die hun talenten inzetten om de uitdagingen van onze tijd aan te pakken.,Y,Government & public sector,1,1,"Social media content & beheer;Video, animatie & fotografie",7,2,,1,0,,0,0,,0,0,,0,0,,0,0
astrolads.com,2025,Nieuwe werelden ontdekken. En anderen erbij betrekken.,Y,Government & public sector,1,1,"Campagnes & creatieve concepten;Video, animatie & fotografie",2,2,,1,0,,0,0,,0,0,,0,0,,0,0
atlantiscreative.nl,2013,Zoekmachine- en klantvriendelijke websites en sterke online campagnes,N,,0,0,Website & webdesign,1,1,,2,0,,0,0,,0,0,,0,0,Nederlandse stad of plaats,1,1
atlantiscreative.nl,2020,Digitale voorsprong,N,,0,0,Website & webdesign,1,1,Maatwerk software & efficiëntere processen,1,1,,0,0,,0,0,,0,0,,1,0
atlantiscreative.nl,2023,Digitale voorsprong,N,,0,0,Website & webdesign,1,1,Maatwerk software & efficiëntere processen,1,1,,0,0,,0,0,,0,0,,1,0
atlantiscreative.nl,2025,Hét internetbureau voor digitale groei,N,,0,0,Website & webdesign,1,1,Maatwerk software & efficiëntere processen,1,1,,0,0,,0,0,,0,0,,1,0
atypisch.nl,2009,atypisch - vorm en functie,N,,0,0,Website & webdesign,1,1,,0,0,,0,0,,0,0,,0,0,,0,0
atypisch.nl,2020,Wordpress webdevelopment te Utrecht,N,"Nonprofits, charities & associations",1,1,Website & webdesign,3,1,,0,0,Website & CMS,1,1,,0,0,Klein / zelfstandig,1,1,Nederlandse stad of plaats,1,1
atypisch.nl,2023,maatwerk wordpress webdevelopment,N,Government & public sector,1,1,Website & webdesign,2,1,,0,0,Website & CMS,1,1,,0,0,MKB / middelgroot,1,1,Nederlandse stad of plaats,1,1
atypisch.nl,2025,Uw online presence. Technisch scherp. Toegesneden op resultaat.,N,,0,0,Apps & maatwerk platforms;Website & webdesign,4,2,Beter vindbaar in Google,2,1,Website & CMS,1,1,,0,0,,0,0,,0,0
autobahn.nl,2003,,N,,0,0,,0,0,,0,0,,0,0,,0,0,,0,0,,0,0
autobahn.nl,2023,"Autobahn is a Dutch creative studio based in Amsterdam and Rotterdam with speciality in communication design, branding, typography and strategic visual content.",N,,0,0,Branding & huisstijl,1,1,,0,0,,0,0,,0,0,,0,0,,0,0
autobahn.nl,2025,"Autobahn is a Dutch creative studio based in Haarlem and Rotterdam with speciality in communication design, branding, typography and strategic visual content.",N,,0,0,Branding & huisstijl,1,1,,0,0,,0,0,,0,0,,0,0,,0,0
avancecommunicatie.nl,2008,"Avancé Communicatie actief in advies, ontwerp en webdesign",Y,,0,0,"Grafisch ontwerp, drukwerk & print",2,1,,2,0,,0,0,,0,0,,0,0,,0,0
avancecommunicatie.nl,2020,Wij maken je online groter en offline natuurlijk ook...,Y,,0,0,"Content & copywriting;Online marketing, performance & CRO;Strategie & advies;Website & webdesign",4,4,Beter vindbaar in Google;Groei & nieuwe markten,3,2,"SEA, display & overige paid advertising",1,1,,0,0,,0,0,,0,0
avancecommunicatie.nl,2023,Wij maken je online groter en offline natuurlijk ook...,Y,,0,0,"Content & copywriting;Online marketing, performance & CRO;Strategie & advies;Website & webdesign",4,4,Beter vindbaar in Google;Groei & nieuwe markten,2,2,"SEA, display & overige paid advertising",1,1,,0,0,,0,0,,0,0
avancecommunicatie.nl,2025,Wij brengen digitale ambities in beweging,Y,,1,0,Strategie & advies;Website & webdesign,4,2,Groei & nieuwe markten;Website verouderd of nieuw nodig,3,2,"SEA, display & overige paid advertising",1,1,,0,0,,0,0,,0,0
avantlalettre.nl,2001,,N,,0,0,,0,0,,0,0,,0,0,,0,0,,0,0,,0,0
avantlalettre.nl,2020,Grafisch ontwerp,N,,0,0,"Grafisch ontwerp, drukwerk & print",1,1,,0,0,,0,0,,0,0,,0,0,,0,0
avantlalettre.nl,2023,Grafisch ontwerp,N,,0,0,"Grafisch ontwerp, drukwerk & print",1,1,,0,0,,0,0,,0,0,,0,0,,0,0
avantlalettre.nl,2025,Grafisch ontwerp,N,,0,0,"Grafisch ontwerp, drukwerk & print",1,1,,0,0,,0,0,,0,0,,0,0,,0,0
axioma.nl,2020,Wij zijn Axioma Content- en communicatiebureau met impact,N,,0,0,"Content & copywriting;Video, animatie & fotografie",4,2,,3,0,,0,0,,0,0,,0,0,,0,0
axioma.nl,2023,Wil jij écht contact maken?,N,,0,0,Branding & huisstijl;Content & copywriting;Strategie & advies,3,3,Klantbehoud & loyaliteit,3,1,,0,0,,0,0,,0,0,,0,0
axioma.nl,2025,ÉCHT CONTACT VERBINDT,N,,0,0,Branding & huisstijl;Campagnes & creatieve concepten;Content & copywriting;Strategie & advies,4,4,Advertenties & campagnes renderen niet,3,1,,0,0,,0,0,,0,0,,0,0
baakbeeld.nl,2020,home - Baakbeeld | Ontwerp & communicatie Tilburg,Y,,0,0,Branding & huisstijl,1,1,,0,0,,0,0,,0,0,,0,0,Nederlandse stad of plaats,1,1
baakbeeld.nl,2023,home - Baakbeeld | Ontwerp & communicatie Tilburg,Y,,0,0,Branding & huisstijl,1,1,,0,0,,0,0,,0,0,,0,0,Nederlandse stad of plaats,1,1
baakbeeld.nl,2025,home - Baakbeeld | Ontwerp & communicatie Tilburg,Y,,0,0,Branding & huisstijl,1,1,,0,0,,0,0,,0,0,,0,0,Nederlandse stad of plaats,1,1
baasenbaas.nl,2015,WIL JIJ DE BAAS WORDEN IN GOOGLE?,N,,0,0,Content & copywriting;SEO & vindbaarheid;Website & webdesign,4,3,"Beter vindbaar in Google;Meer leads, aanvragen & verkoop",3,2,,0,0,,0,0,Startup / jong / groeiend,1,1,,0,0
baasenbaas.nl,2020,WIL JIJ DE BAAS WORDEN IN ?,N,,0,0,"Content & copywriting;Online adverteren (paid ads);Online marketing, performance & CRO;SEO & vindbaarheid;Website & webdesign",7,5,"Meer leads, aanvragen & verkoop;Website verouderd of nieuw nodig",2,2,,0,0,,0,0,,0,0,,0,0
baasenbaas.nl,2023,Wij zijn Baas & Baas - Full Service Digital Agency Jouw impactvolle onderneming laten groeien met onze groeistrategie,Y,,0,0,"E-mailmarketing, automation & funnels;SEO & vindbaarheid;Strategie & advies;Website & webdesign",5,4,Groei & nieuwe markten;Naamsbekendheid & zichtbaarheid,2,2,,0,0,,0,0,,0,0,Nederlandse stad of plaats,1,1
baasenbaas.nl,2025,Baas & Baas - Full Service Digital Agency Amsterdam,Y,,0,0,,0,0,,0,0,,0,0,,0,0,,0,0,Nederlandse stad of plaats,1,1
baazenco.nl,2019,"Los van elkaar goed, samen geweldig!",N,,0,0,Campagnes & creatieve concepten,1,1,,1,0,,0,0,,0,0,,0,0,,0,0
baazenco.nl,2020,Concept & Creatie - baaz&co,Y,,0,0,Branding & huisstijl;Campagnes & creatieve concepten;Strategie & advies,3,3,,0,0,,0,0,,0,0,,0,0,,0,0
baazenco.nl,2023,"Welkom bij Baaz&Co, het creatieve en strategische bureau",Y,,0,0,Strategie & advies,2,1,"Merk, huisstijl & verhaal",1,1,,0,0,,0,0,,0,0,,0,0
baazenco.nl,2025,"Welkom bij Baaz&Co, het creative communicatiebureau",Y,,0,0,Campagnes & creatieve concepten;Strategie & advies,4,2,"Merk, huisstijl & verhaal",1,1,,0,0,,0,0,,0,0,Regionaal (binnen Nederland),1,1
bajaca.nl,2020,Targeted traffic Generation.,Y,,0,0,"E-mailmarketing, automation & funnels;Website & webdesign",2,2,"Meer leads, aanvragen & verkoop",2,1,,0,0,,0,0,,0,0,,0,0
bajaca.nl,2023,Targeted traffic Generation.,Y,,0,0,"E-mailmarketing, automation & funnels;Website & webdesign",2,2,"Meer leads, aanvragen & verkoop",2,1,,0,0,,0,0,,0,0,,0,0
bajaca.nl,2025,Targeted traffic Generation.,Y,,0,0,"E-mailmarketing, automation & funnels;Website & webdesign",2,2,"Meer leads, aanvragen & verkoop",2,1,,0,0,,0,0,,0,0,,0,0
bandwerk.nl,2020,"Professioneel reclamebureau in Rijssen-Holten, Overijssel",N,,0,0,Branding & huisstijl,2,1,,0,0,,0,0,,0,0,,0,0,Regionaal (binnen Nederland),2,1
bandwerk.nl,2023,"Professioneel reclamebureau in Rijssen-Holten, Overijssel",N,,0,0,Branding & huisstijl,2,1,,0,0,,0,0,,0,0,,0,0,Regionaal (binnen Nederland),2,1
bandwerk.nl,2025,"Altijd vooruit, altijd in beweging",N,,0,0,,2,0,Naamsbekendheid & zichtbaarheid;Website verouderd of nieuw nodig,3,2,,0,0,,0,0,,0,0,Regionaal (binnen Nederland),1,1
barneymedia.nl,2018,Barney Media helpt kleine- en middelgrote bedrijven om meer business te krijgen door middel van Online Marketing.,N,,0,0,"Branding & huisstijl;E-mailmarketing, automation & funnels;Online adverteren (paid ads);Social media content & beheer;Webshop & e-commerce;Website & webdesign",6,6,"Meer leads, aanvragen & verkoop",3,1,,0,0,,0,0,MKB / middelgroot,2,1,,0,0
barneymedia.nl,2021,Wij verzorgen volle sales funnels voor technische B2B bedrijven.,N,Manufacturing & industrial,2,1,"Content & copywriting;Outcome-verkoop (leads, omzet, groei);Social media content & beheer",3,3,"Meer leads, aanvragen & verkoop;Naamsbekendheid & zichtbaarheid",3,2,Social media organisch,1,1,Zakelijke afnemers (B2B),1,1,,0,0,,0,0
barneymedia.nl,2023,B2B MARKETING VOOR TECHNISCHE BEDRIJVEN.,N,Manufacturing & industrial,3,1,"Outcome-verkoop (leads, omzet, groei);Strategie & advies",2,2,"Meer leads, aanvragen & verkoop;Naamsbekendheid & zichtbaarheid",2,2,,0,0,Zakelijke afnemers (B2B),1,1,,0,0,,0,0
barneymedia.nl,2025,"B2B Marketing, Sales en AI voor Technische Bedrijven.",N,Manufacturing & industrial,2,1,"Online marketing, performance & CRO",1,1,"Meer leads, aanvragen & verkoop",3,1,,0,0,Zakelijke afnemers (B2B),1,1,,0,0,,0,0
bbld.nl,2017,BBLD | creatief bureau voor Marketing & Reclame,N,,0,0,Campagnes & creatieve concepten,2,1,,2,0,,0,0,,0,0,,0,0,,0,0
bbld.nl,2023,Een sterke positionering met een Brand Direction,N,,0,0,"Campagnes & creatieve concepten;Online marketing, performance & CRO;Strategie & advies",5,3,"Merk, huisstijl & verhaal",2,1,,0,0,,0,0,Groot / corporate / marktleider,1,1,Internationaal / wereldwijd,1,1
bbld.nl,2025,Een sterke positionering met een Brand Direction,N,,0,0,"Campagnes & creatieve concepten;Online marketing, performance & CRO;Strategie & advies",4,3,"Merk, huisstijl & verhaal;Naamsbekendheid & zichtbaarheid",3,2,,0,0,,0,0,Groot / corporate / marktleider,1,1,Internationaal / wereldwijd,1,1
be-interactive.nl,2010,BE-Interactive is een klein reclamebureau met grote ambities!,Y,,0,0,"Apps & maatwerk platforms;Campagnes & creatieve concepten;Grafisch ontwerp, drukwerk & print;Website & webdesign",5,4,,0,0,,0,0,,0,0,,0,0,,0,0
be-interactive.nl,2020,"Geen grootspraak of poespas, gewoon duidelijk en eerlijk",Y,,0,0,Apps & maatwerk platforms;Branding & huisstijl;Campagnes & creatieve concepten;Website & webdesign,7,4,,0,0,,0,0,,0,0,,0,0,Nederlandse stad of plaats,1,1
be-interactive.nl,2023,Geen poespas. Helder!,Y,,0,0,Apps & maatwerk platforms;Campagnes & creatieve concepten;Content & copywriting,4,3,,0,0,,0,0,,0,0,,0,0,Nederlandse stad of plaats,1,1
be-interactive.nl,2025,Concept. Design. Digital. Al 25 jaar!,Y,,0,0,Apps & maatwerk platforms;Campagnes & creatieve concepten;Content & copywriting,4,3,,0,0,,0,0,,0,0,,0,0,Nederlandse stad of plaats,1,1
be-remarkable.nl,2021,Opvallen en uitblinken,Y,,0,0,"Online marketing, performance & CRO;Website & webdesign",4,2,Naamsbekendheid & zichtbaarheid,2,1,,0,0,,0,0,,0,0,,1,0
be-remarkable.nl,2023,Opvallen & uitblinken,Y,,0,0,Strategie & advies;Website & webdesign,3,2,Naamsbekendheid & zichtbaarheid,2,1,,0,0,,0,0,,0,0,,1,0
be-remarkable.nl,2025,Opvallen & uitblinken,Y,,0,0,Strategie & advies;Website & webdesign,3,2,Naamsbekendheid & zichtbaarheid,2,1,,0,0,,0,0,,0,0,,1,0
bearsfactory.nl,2019,,N,,0,0,,0,0,,0,0,,0,0,,0,0,,0,0,,0,0
bearsfactory.nl,2021,BEAR'S FACTORY DIGITALE MARKETING,N,,0,0,"Online marketing, performance & CRO",1,1,,0,0,,0,0,,0,0,,0,0,,0,0
bearsfactory.nl,2023,We produce marketing,Y,,0,0,"Online marketing, performance & CRO;Website & webdesign",3,2,Groei & nieuwe markten,2,1,,0,0,,0,0,,0,0,,0,0
bearsfactory.nl,2025,We produce marketing,Y,,0,0,"Online marketing, performance & CRO;Website & webdesign",3,2,Groei & nieuwe markten,1,1,,0,0,,0,0,,0,0,,0,0
beeinteractive.nl,2015,,N,,0,0,,0,0,,0,0,,0,0,,0,0,,0,0,,0,0
beeinteractive.nl,2019,Online marketing bureau in Zaltbommel,N,,0,0,"Online marketing, performance & CRO",1,1,,0,0,,0,0,,0,0,,0,0,Nederlandse stad of plaats,1,1
beeinteractive.nl,2023,Voor de online verstuiving van uw business,Y,,0,0,"Online marketing, performance & CRO",3,1,Beter vindbaar in Google;Groei & nieuwe markten,2,2,"SEA, display & overige paid advertising",1,1,,0,0,,0,0,Nederlandse stad of plaats,1,1
beeinteractive.nl,2025,Bee Interactive: Voor de online groei van jouw business,Y,,0,0,"Online marketing, performance & CRO",3,1,Beter vindbaar in Google;Groei & nieuwe markten,2,2,,0,0,,0,0,,0,0,Regionaal (binnen Nederland),1,1
beeld5.nl,2019,"Reclamebureau Beeld5 | Actief in o.a. Den Haag, Utrecht, Gouda, Zeist..",N,,0,0,"Grafisch ontwerp, drukwerk & print;Website & webdesign",3,2,"Merk, huisstijl & verhaal",1,1,,0,0,,0,0,,0,0,Regionaal (binnen Nederland),2,1
beeld5.nl,2019,"Reclamebureau Beeld5 | Actief in o.a. Den Haag, Utrecht, Gouda, Zeist..",N,,0,0,"Grafisch ontwerp, drukwerk & print;Website & webdesign",3,2,"Merk, huisstijl & verhaal",1,1,,0,0,,0,0,,0,0,Regionaal (binnen Nederland),2,1
beeld5.nl,2023,"Reclamebureau Beeld5 | Actief in o.a. Den Haag, Utrecht, Gouda, Zeist..",N,,0,0,"Grafisch ontwerp, drukwerk & print;Website & webdesign",3,2,"Merk, huisstijl & verhaal",1,1,,0,0,,0,0,,0,0,Regionaal (binnen Nederland),2,1
beeld5.nl,2025,"Reclamebureau Beeld5 | Actief in o.a. Den Haag, Utrecht, Gouda, Zeist..",N,,0,0,"Grafisch ontwerp, drukwerk & print;Website & webdesign",3,2,"Merk, huisstijl & verhaal",1,1,,0,0,,0,0,,0,0,Regionaal (binnen Nederland),2,1
begradient.com,2018,FORESIGHT INTO FUTURE,N,,0,0,"Online marketing, performance & CRO",3,1,Groei & nieuwe markten;Klantbehoud & loyaliteit;Maatwerk software & efficiëntere processen,3,3,,0,0,,0,0,Groot / corporate / marktleider,1,1,,0,0
begradient.com,2020,DUURZAME DIGITALE GROEIVERSNELLing digital marketing experiences die werken.,Y,,0,0,"Outcome-verkoop (leads, omzet, groei);Strategie & advies",3,2,"Groei & nieuwe markten;Klantbehoud & loyaliteit;Meer leads, aanvragen & verkoop",4,3,,0,0,,0,0,,0,0,,0,0
begradient.com,2023,Fast-tracking B2B growth,Y,,0,0,"Online marketing, performance & CRO;Strategie & advies",2,2,"Groei & nieuwe markten;Meer leads, aanvragen & verkoop",2,2,,0,0,Zakelijke afnemers (B2B),2,1,,0,0,,0,0
behaviourclub.nl,2021,Gedragsverandering staat centraal bij de Behaviour Club.,N,,0,0,,0,0,,0,0,,0,0,,0,0,,0,0,Nederland plus buurlanden,1,1
behaviourclub.nl,2023,WIJ BRENGEN MENSEN IN BEWEGING,N,"Nonprofits, charities & associations",1,1,Campagnes & creatieve concepten;Strategie & advies,3,2,"Advertenties & campagnes renderen niet;Merk, huisstijl & verhaal",2,2,,0,0,,0,0,,0,0,Nederland plus buurlanden,1,1
behaviourclub.nl,2025,WIJ BRENGEN MENSEN IN BEWEGING,N,Government & public sector,1,1,Campagnes & creatieve concepten;Strategie & advies,3,2,"Advertenties & campagnes renderen niet;Merk, huisstijl & verhaal",2,2,,0,0,,0,0,,0,0,Nederland plus buurlanden,1,1
bengelmedia.nl,2023,Eén aanspreekpunt voor al jouw marketing,Y,,0,0,"Online marketing, performance & CRO;Strategie & advies",2,2,,1,0,,0,0,Gemengd,1,1,,0,0,Regionaal (binnen Nederland),1,1
bengelmedia.nl,2025,"Fullservice marketingbureau Strategie, marketing, creatie en media",Y,,0,0,"Online marketing, performance & CRO;Strategie & advies",3,2,,0,0,,0,0,Gemengd,1,1,,0,0,,0,0
bestmarketingbureau.nl,2023,Marketing zonder vakjargon Normaalste zaak bij Best.,N,,0,0,Branding & huisstijl;Content & copywriting;Strategie & advies;Website & webdesign,4,4,Website verouderd of nieuw nodig,1,1,,0,0,,0,0,,0,0,Regionaal (binnen Nederland),1,1
bestmarketingbureau.nl,2025,Wij helpen jou Gewoon met je marketing,Y,,0,0,"Content & copywriting;Online marketing, performance & CRO;Website & webdesign",4,3,,2,0,,0,0,,0,0,,0,0,Regionaal (binnen Nederland),1,1
betawerk.nl,2011,"betawerk is een bureau voor webcommunicatie, content en strategie.",N,,0,0,Strategie & advies;Website & webdesign,4,2,,1,0,,0,0,,0,0,,0,0,,0,0
betawerk.nl,2020,Strategisch internetbureau,N,Government & public sector,1,1,"Online marketing, performance & CRO;Strategie & advies;Website & webdesign",7,3,Beter vindbaar in Google;Website verouderd of nieuw nodig,3,2,,0,0,,0,0,,0,0,,0,0
betawerk.nl,2023,Strategisch internetbureau,N,Government & public sector,1,1,"Online marketing, performance & CRO;Strategie & advies;Website & webdesign",5,3,Beter vindbaar in Google;Website verouderd of nieuw nodig,3,2,,0,0,,0,0,,0,0,,0,0
betawerk.nl,2025,Strategisch internetbureau,N,Government & public sector,1,1,"Online marketing, performance & CRO;Strategie & advies;Website & webdesign",5,3,Beter vindbaar in Google;Website verouderd of nieuw nodig,3,2,,0,0,,0,0,,0,0,,0,0
bigbirdmedia.nl,2012,"Grafisch ontwerp, website design, fotografie, illustraties, marketing, mailing, social media",N,,0,0,"Grafisch ontwerp, drukwerk & print",1,1,,0,0,,0,0,,0,0,,0,0,,0,0
bigbirdmedia.nl,2020,Maak van je merk een beleving,N,,0,0,"Branding & huisstijl;Campagnes & creatieve concepten;Grafisch ontwerp, drukwerk & print",3,3,,1,0,,0,0,,0,0,,0,0,Regionaal (binnen Nederland),1,1
bigfat.nl,2022,"Wij maken het internet nog mooier, vetter en groter",N,,0,0,Website & webdesign,2,1,Website verouderd of nieuw nodig,1,1,Website & CMS,1,1,,0,0,,0,0,,0,0
bigfat.nl,2023,Wij laten online zien hoe jij offline bent,N,,0,0,Website & webdesign,2,1,Website verouderd of nieuw nodig,1,1,Website & CMS,1,1,,0,0,,0,0,,0,0
bigfat.nl,2025,Wij laten online zien hoe jij offline bent,N,,0,0,Website & webdesign,2,1,Website verouderd of nieuw nodig,1,1,Website & CMS,1,1,,0,0,,0,0,,0,0
bigfish.nl,2023,Sinds 2010 zijn we actief met animatie en film producties.,N,,0,0,"Video, animatie & fotografie",3,1,Content & creatieve productie,2,1,,0,0,,0,0,,0,0,Nederland plus buurlanden,1,1
bigfish.nl,2025,Boosting brands with data-driven content for real results Strategy.content.results.,N,,0,0,"Campagnes & creatieve concepten;Content & copywriting;Strategie & advies;Video, animatie & fotografie",5,4,Content & creatieve productie,3,1,,0,0,,0,0,,0,0,Nederland plus buurlanden,1,1
bijlpr.nl,2000,"Welkom bij Bijl, partners in public relations",N,,0,0,PR & influencer marketing,1,1,,0,0,,0,0,,0,0,,0,0,,0,0
bijlpr.nl,2020,"Bijl PR, communicatie en PR bureau",N,"Government & public sector;Healthcare & care;Hospitality, tourism, sports & recreation;Manufacturing & industrial;Retail & e-commerce (general consumer goods)",5,5,Content & copywriting;PR & influencer marketing;Strategie & advies,7,3,"Merk, huisstijl & verhaal",1,1,,0,0,,0,0,,0,0,Nederlandse stad of plaats,1,1
bijlpr.nl,2023,Bijl PR - Een eigenzinnig pr-bureau in Nederland,N,,0,0,,1,0,,0,0,,0,0,,0,0,,0,0,Heel Nederland (landelijk),1,1
binkinspireert.nl,2011,BINK inspireert met hart en ziel,N,,0,0,Strategie & advies,2,1,Bewustwording & gedragsverandering,2,1,,0,0,,0,0,,0,0,,0,0
binkinspireert.nl,2020,BINK inspireert: Hét inspirerende full-service reclamebureau in Deventer,Y,,0,0,Strategie & advies,3,1,,3,0,,0,0,,0,0,,0,0,Nederlandse stad of plaats,1,1
binkinspireert.nl,2023,BINK inspireert inspireert: Hét inspirerende full-service reclamebureau in Deventer,Y,,0,0,"Campagnes & creatieve concepten;Online marketing, performance & CRO;Strategie & advies;Video, animatie & fotografie;Website & webdesign",11,5,"Merk, huisstijl & verhaal",2,1,,0,0,Gemengd,1,1,,0,0,Nederlandse stad of plaats,1,1
binkinspireert.nl,2025,BINK inspireert inspireert: Hét inspirerende full-service reclamebureau in Deventer,Y,,0,0,"Campagnes & creatieve concepten;Online marketing, performance & CRO;Strategie & advies;Video, animatie & fotografie;Website & webdesign",11,5,"Merk, huisstijl & verhaal",3,1,,0,0,Gemengd,1,1,,0,0,Nederlandse stad of plaats,1,1
bishop.nl,2020,Online Marketing As A Service (OMAAS),Y,Healthcare & care,1,1,"Online adverteren (paid ads);SEO & vindbaarheid;Social media content & beheer;Video, animatie & fotografie;Website & webdesign",9,5,Website verouderd of nieuw nodig,2,1,Website & CMS,1,1,,0,0,,0,0,,0,0
bishop.nl,2025,Online Marketing en Drupal specialist,Y,,0,0,"Content & copywriting;Online adverteren (paid ads);Online marketing, performance & CRO;SEO & vindbaarheid;Social media content & beheer;Strategie & advies;Website & webdesign",12,7,"Meer leads, aanvragen & verkoop",2,1,"SEA, display & overige paid advertising;Website & CMS",3,2,,0,0,,0,0,,0,0
bitfactory.nl,2020,Next step digital _,N,,0,0,Apps & maatwerk platforms;Website & webdesign,4,2,Maatwerk software & efficiëntere processen,1,1,,0,0,,0,0,,0,0,Nederlandse stad of plaats,1,1
bitfactory.nl,2023,Next level digital products,N,,0,0,Apps & maatwerk platforms;Website & webdesign,3,2,Maatwerk software & efficiëntere processen,1,1,,0,0,,0,0,,0,0,Nederlandse stad of plaats,2,1
bitfactory.nl,2025,Digital Agency Rotterdam: Bitfactory,N,Retail & e-commerce (general consumer goods),1,1,"Apps & maatwerk platforms;Online marketing, performance & CRO;Webshop & e-commerce;Website & webdesign",6,4,"Groei & nieuwe markten;Meer leads, aanvragen & verkoop",3,2,Webshop & e-commerceplatform,1,1,Webshop B2B;Webshop consumenten (D2C),2,2,Startup / jong / groeiend,1,1,Nederlandse stad of plaats,1,1
blinktuit.nl,2015,BLINKTUIT IN DIGITALE MEDIA JIJ OOK?,Y,,0,0,"Branding & huisstijl;Outcome-verkoop (leads, omzet, groei);Website & webdesign",3,3,Groei & nieuwe markten,1,1,,0,0,,0,0,,0,0,,0,0
blinktuit.nl,2020,BlinktUit - Bouw een Duurzame Online Marketing Infrastructuur,N,,0,0,"Online marketing, performance & CRO;Outcome-verkoop (leads, omzet, groei);Strategie & advies",4,3,Groei & nieuwe markten;Website verouderd of nieuw nodig,2,2,,0,0,,0,0,,0,0,,0,0
blinktuit.nl,2023,BlinktUit | Sales & Growth Hacking | Leadgeneratie Bureau,N,,0,0,"Outcome-verkoop (leads, omzet, groei);SEO & vindbaarheid",2,2,"Meer leads, aanvragen & verkoop",2,1,Social media organisch,1,1,Zakelijke afnemers (B2B),1,1,,0,0,,0,0
blinktuit.nl,2025,BlinktUit: Leadgeneratie & HubSpot Partner voor Online Groei,N,,0,0,"E-mailmarketing, automation & funnels;Outcome-verkoop (leads, omzet, groei);Strategie & advies",3,3,"Maatwerk software & efficiëntere processen;Meer leads, aanvragen & verkoop",2,2,Social media organisch,2,1,Zakelijke afnemers (B2B),1,1,,0,0,,0,0
bliqvangers.nl,2022,Aandacht pakken en nooit meer loslaten!,N,,0,0,Branding & huisstijl;Content & copywriting;Website & webdesign,4,3,Groei & nieuwe markten,2,1,,0,0,,0,0,,0,0,,0,0
bliqvangers.nl,2023,Wij zetten jouw business creatief in de spotlight!,N,"Hospitality, tourism, sports & recreation",1,1,Branding & huisstijl,2,1,Naamsbekendheid & zichtbaarheid,1,1,,0,0,,0,0,,0,0,Regionaal (binnen Nederland),1,1
bliqvangers.nl,2025,WIJ HELPEN BEDRIJVEN BIJ HET CREËREN VAN DIGITALE BELEVINGEN.,N,"Hospitality, tourism, sports & recreation",1,1,Branding & huisstijl,2,1,"Merk, huisstijl & verhaal",1,1,,0,0,,0,0,,0,0,Regionaal (binnen Nederland),1,1
bloeimedia.nl,2020,Het reclamebureau van bloeiend Groningen,Y,,0,0,Website & webdesign,1,1,,0,0,,0,0,,0,0,,0,0,Regionaal (binnen Nederland),1,1
bloeimedia.nl,2023,Hét designbureau van het bloeiende Noorden,Y,,0,0,"Branding & huisstijl;Grafisch ontwerp, drukwerk & print;Strategie & advies",3,3,"Merk, huisstijl & verhaal",1,1,,0,0,,0,0,,0,0,Regionaal (binnen Nederland),2,1
bloeimedia.nl,2025,Hét designbureau van het bloeiende Noorden,Y,,0,0,"Branding & huisstijl;Grafisch ontwerp, drukwerk & print;Strategie & advies",3,3,"Merk, huisstijl & verhaal",1,1,,0,0,,0,0,,0,0,,2,0
blok56.nl,2018,Bedenken. ontwerpen. lanceren.,Y,,0,0,Branding & huisstijl;Website & webdesign,3,2,"Merk, huisstijl & verhaal",1,1,,0,0,,0,0,,0,0,,0,0
blok56.nl,2020,Bedenken. ontwerpen. lanceren.,Y,,0,0,"Branding & huisstijl;Grafisch ontwerp, drukwerk & print;Video, animatie & fotografie;Website & webdesign",9,4,"Merk, huisstijl & verhaal",1,1,,0,0,,0,0,,0,0,,0,0
blok56.nl,2023,"Sinds 2010 ontwerpen we stijlvolle maatwerk logo's, huisstijlen, websites en webshops.",Y,,0,0,"Branding & huisstijl;Grafisch ontwerp, drukwerk & print;Video, animatie & fotografie;Webshop & e-commerce;Website & webdesign",7,5,,0,0,,0,0,,0,0,,0,0,,0,0
blok56.nl,2025,"Jouw verhaal, onze creativiteit",Y,,0,0,"Branding & huisstijl;Grafisch ontwerp, drukwerk & print;Webshop & e-commerce;Website & webdesign",5,4,"Beter vindbaar in Google;Meer leads, aanvragen & verkoop;Merk, huisstijl & verhaal;Naamsbekendheid & zichtbaarheid;Website verouderd of nieuw nodig",6,5,,0,0,,0,0,,0,0,,0,0
blucactus.nl,2020,Positioneer uw merk,Y,,0,0,"Branding & huisstijl;Campagnes & creatieve concepten;Grafisch ontwerp, drukwerk & print;Online marketing, performance & CRO;Website & webdesign",5,5,"Meer leads, aanvragen & verkoop;Naamsbekendheid & zichtbaarheid",4,2,,0,0,,0,0,,0,0,,0,0
blucactus.nl,2023,Positioneer uw merk,Y,,0,0,"Branding & huisstijl;Campagnes & creatieve concepten;Online marketing, performance & CRO;Website & webdesign",4,4,"Meer leads, aanvragen & verkoop;Naamsbekendheid & zichtbaarheid",4,2,,0,0,,0,0,,0,0,,0,0
blucactus.nl,2025,Positioneer uw merk,Y,,0,0,"Branding & huisstijl;Campagnes & creatieve concepten;Online marketing, performance & CRO;Website & webdesign",4,4,"Meer leads, aanvragen & verkoop;Naamsbekendheid & zichtbaarheid",4,2,,0,0,,0,0,,0,0,,0,0
bolden.nl,2020,Contextual digital design & branding,N,,0,0,Branding & huisstijl,1,1,,0,0,,0,0,,0,0,,0,0,,0,0
bolden.nl,2023,Branding & UX/UI design studio,N,,0,0,"Branding & huisstijl;Grafisch ontwerp, drukwerk & print",2,2,,1,0,Webshop & e-commerceplatform,1,1,,0,0,,0,0,,0,0
bolden.nl,2025,"Brand strategy, brand identity, digital and e-commerce experiences",N,,0,0,Branding & huisstijl,2,1,,1,0,Webshop & e-commerceplatform;Website & CMS,2,2,,0,0,,0,0,,0,0
bona-agency.com,2025,Shining a light on your brand,N,,0,0,UX/UI & interface design;Website & webdesign,2,2,Naamsbekendheid & zichtbaarheid,1,1,,0,0,,0,0,Groot / corporate / marktleider;Startup / jong / groeiend,3,2,Nederland plus buurlanden,1,1
bona-agency.com,2025,Your digital agency—designed to grow what matters,Y,,0,0,Strategie & advies;UX/UI & interface design,3,2,,1,0,,0,0,,0,0,Startup / jong / groeiend,1,1,,0,0
boodschapenbeeld.nl,2019,JOUW MARKETING TEAM OP AFROEP!,Y,,0,0,"Online marketing, performance & CRO;Social media content & beheer",2,2,Events & activaties,2,1,,0,0,,0,0,,0,0,,0,0
boodschapenbeeld.nl,2020,JOUW MARKETING TEAM OP AFROEP!,Y,,0,0,"Online marketing, performance & CRO;Social media content & beheer",2,2,Events & activaties,2,1,,0,0,,0,0,,0,0,,0,0
boodschapenbeeld.nl,2023,JOUW MARKETING TEAM OP AFROEP!,Y,,0,0,"Online marketing, performance & CRO;Social media content & beheer",2,2,Events & activaties,2,1,,0,0,,0,0,,0,0,,0,0
boodschapenbeeld.nl,2025,JOUW MARKETING TEAM OP AFROEP!,Y,,0,0,"Online marketing, performance & CRO",2,1,,1,0,,0,0,,0,0,,0,0,,0,0
boomerangagency.com,2007,,N,,0,0,,0,0,,0,0,,0,0,,0,0,,0,0,,0,0
boomerangagency.com,2020,Hey you! What&#039;s good?,N,,0,0,"Video, animatie & fotografie",1,1,,1,0,,0,0,,0,0,,0,0,,0,0
boomerangagency.com,2023,Hey you! What&#039;s good?,N,,0,0,,1,0,,1,0,,0,0,,0,0,,0,0,Specifiek buitenland,1,1
boomerangagency.com,2025,WE ARE SOCIAL BY NATURE,N,,0,0,,1,0,,1,0,,0,0,,0,0,,0,0,Specifiek buitenland,1,1
booomdigital.nl,2016,BOOOM DIGITAL EEN PERFECTE COMBINATIE TUSSEN CREATIVITEIT EN TECHNIEK!,N,,0,0,"Grafisch ontwerp, drukwerk & print;Website & webdesign",5,2,Beter vindbaar in Google,1,1,,0,0,,0,0,,0,0,,0,0
booomdigital.nl,2020,Online de baas zijn begint bij ons.,N,,0,0,Website & webdesign,3,1,Groei & nieuwe markten,1,1,,0,0,,0,0,,0,0,Nederlandse stad of plaats,2,1
booomdigital.nl,2025,"Wij zorgen voor meer zichtbaarheid en conversie, zodat jij je kunt focussen op de groei van jouw onderneming",Y,,0,0,Branding & huisstijl;SEO & vindbaarheid;Strategie & advies;Website & webdesign,4,4,"Groei & nieuwe markten;Meer leads, aanvragen & verkoop",2,2,,0,0,,0,0,,0,0,,0,0
boostyour.marketing,2024,Geef jouw bedrijf de boost die het verdient!,Y,,0,0,Content & copywriting,2,1,"Merk, huisstijl & verhaal",2,1,,0,0,,0,0,,0,0,,0,0
boostyour.marketing,2025,"High-End, Persoonlijk & 100% Maatwerk! Jij droomt groot. Wij maken het groter.",Y,,0,0,Branding & huisstijl;Content & copywriting,2,2,"Merk, huisstijl & verhaal",2,1,,0,0,,0,0,,0,0,,0,0
bootspat.nl,2020,Uw bedrijf in de spotlights zetten,Y,,0,0,"Branding & huisstijl;Grafisch ontwerp, drukwerk & print;Website & webdesign",5,3,Advertenties & campagnes renderen niet;Naamsbekendheid & zichtbaarheid,4,2,,0,0,,0,0,,0,0,Regionaal (binnen Nederland),2,1
bootspat.nl,2023,Uw bedrijf in de spotlights zetten,Y,,0,0,"Branding & huisstijl;Grafisch ontwerp, drukwerk & print;Website & webdesign",5,3,Advertenties & campagnes renderen niet;Naamsbekendheid & zichtbaarheid,4,2,,0,0,,0,0,,0,0,Regionaal (binnen Nederland),2,1
bootspat.nl,2025,STERK IN ONTWERP Slim in uitvoering,Y,,0,0,"Branding & huisstijl;Grafisch ontwerp, drukwerk & print;Website & webdesign",3,3,Advertenties & campagnes renderen niet;Naamsbekendheid & zichtbaarheid,2,2,,0,0,,0,0,,0,0,Regionaal (binnen Nederland),1,1
born05.com,2012,Born05 Creative Digital Agency,N,,0,0,,3,0,,0,0,,0,0,,0,0,,0,0,,0,0
born05.com,2020,Agency for the new digital era,Y,,0,0,"Outcome-verkoop (leads, omzet, groei);Strategie & advies",3,2,,1,0,,0,0,,0,0,,0,0,,0,0
brainstormenconcept.nl,2011,Op zoek naar een bureau met pit ?,Y,,0,0,Campagnes & creatieve concepten,2,1,,1,0,,0,0,,0,0,,0,0,Nederlandse stad of plaats,1,1
brainstormenconcept.nl,2020,brainstorm en concept - creatief communicatiebureau in Breda,Y,,0,0,"Apps & maatwerk platforms;Branding & huisstijl;Campagnes & creatieve concepten;Strategie & advies;Video, animatie & fotografie",6,5,,0,0,,0,0,,0,0,,0,0,Nederlandse stad of plaats,1,1
brainstormenconcept.nl,2023,wij geven kleur aan uw communicatie,Y,,0,0,"Apps & maatwerk platforms;Branding & huisstijl;Campagnes & creatieve concepten;Video, animatie & fotografie;Website & webdesign",7,5,Klantbehoud & loyaliteit,4,1,,0,0,,0,0,,0,0,,0,0
brainstormenconcept.nl,2025,wij geven kleur aan uw communicatie,Y,,0,0,"Apps & maatwerk platforms;Branding & huisstijl;Campagnes & creatieve concepten;Video, animatie & fotografie;Website & webdesign",7,5,Klantbehoud & loyaliteit,4,1,,0,0,,0,0,,0,0,,0,0
brancom.nl,2020,"Internetbureau voor websites, webshops en internetmarketing",Y,,0,0,Website & webdesign,2,1,,0,0,,0,0,,0,0,,0,0,,0,0
brancom.nl,2023,"Internetbureau voor websites, webshops en internetmarketing",Y,,0,0,Website & webdesign,2,1,,0,0,,0,0,,0,0,,0,0,,0,0
brancom.nl,2025,Van stagnatie naar groei,Y,,0,0,Apps & maatwerk platforms;Website & webdesign,3,2,Groei & nieuwe markten;Maatwerk software & efficiëntere processen,4,2,,0,0,,0,0,,0,0,,0,0
brandbits.nl,2021,Every bit for your brand,N,,0,0,Strategie & advies;Website & webdesign,2,2,"Merk, huisstijl & verhaal",3,1,,0,0,,0,0,,0,0,,0,0
brandbits.nl,2023,EVERY BIT FOR YOUR BRAND,N,,0,0,Branding & huisstijl,2,1,"Merk, huisstijl & verhaal",1,1,,0,0,,0,0,,0,0,,0,0
brandbits.nl,2025,BUILDING YOUR BRAND®,N,,0,0,"Branding & huisstijl;Campagnes & creatieve concepten;Social media content & beheer;Strategie & advies;Video, animatie & fotografie;Webshop & e-commerce;Website & webdesign",11,7,,0,0,,0,0,,0,0,,0,0,,0,0
brandcode.nl,2020,Dare to show your Brandcode .,N,,0,0,"Branding & huisstijl;Online marketing, performance & CRO;Website & webdesign",5,3,"Groei & nieuwe markten;Merk, huisstijl & verhaal",3,2,,0,0,,0,0,,0,0,,0,0
brandcode.nl,2020,Dare to show your Brandcode .,N,,0,0,"Branding & huisstijl;Online marketing, performance & CRO;Website & webdesign",5,3,"Groei & nieuwe markten;Merk, huisstijl & verhaal",3,2,,0,0,,0,0,,0,0,,0,0
brandcode.nl,2023,Dare to show your Brandcode .,N,,0,0,"Branding & huisstijl;Online marketing, performance & CRO;Video, animatie & fotografie;Website & webdesign",6,4,"Groei & nieuwe markten;Merk, huisstijl & verhaal",3,2,,0,0,,0,0,,0,0,,0,0
brandcode.nl,2025,"Wat je raakt, onthoud je .",N,,0,0,"Branding & huisstijl;Campagnes & creatieve concepten;Strategie & advies;Video, animatie & fotografie",7,4,"Merk, huisstijl & verhaal",3,1,,0,0,,0,0,,0,0,Nederlandse stad of plaats,1,1
brandfirm.nl,2015,Wilt u meer klanten via internet?,N,,0,0,"E-mailmarketing, automation & funnels;SEO & vindbaarheid;Webshop & e-commerce",4,3,"Meer leads, aanvragen & verkoop",2,1,"SEA, display & overige paid advertising",1,1,,0,0,,0,0,,0,0
brandfirm.nl,2020,Hét online marketing bureau voor scale-ups,N,,0,0,Content & copywriting;Online adverteren (paid ads);SEO & vindbaarheid;Strategie & advies,4,4,"Groei & nieuwe markten;Meer leads, aanvragen & verkoop",3,2,"SEA, display & overige paid advertising",1,1,Zakelijke afnemers (B2B),1,1,Startup / jong / groeiend,2,1,,0,0
brandfirm.nl,2023,Online marketing voor bedrijven met groeiambities.,Y,,0,0,"Online marketing, performance & CRO;SEO & vindbaarheid",2,2,,2,0,,0,0,,0,0,Startup / jong / groeiend,3,1,,0,0
brandfirm.nl,2025,Online marketingbureau voor bedrijven met groeiambities.,Y,,0,0,"Online marketing, performance & CRO;SEO & vindbaarheid",2,2,,2,0,,0,0,,0,0,Startup / jong / groeiend,3,1,,0,0
brandforlife.nl,2019,"Wij zijn een full service marketing-, communicatie-, design- en reclamebureau in Zwolle.",Y,,0,0,"Apps & maatwerk platforms;Campagnes & creatieve concepten;Grafisch ontwerp, drukwerk & print;Social media content & beheer;Strategie & advies;Website & webdesign",6,6,"Merk, huisstijl & verhaal",1,1,,0,0,,0,0,,0,0,Nederlandse stad of plaats;Regionaal (binnen Nederland),2,2
brandforlife.nl,2020,"Wij zijn een full service marketing-, communicatie-, design- en reclamebureau in Zwolle.",Y,,0,0,"Apps & maatwerk platforms;Campagnes & creatieve concepten;Grafisch ontwerp, drukwerk & print;Social media content & beheer;Strategie & advies;Website & webdesign",6,6,"Merk, huisstijl & verhaal",1,1,,0,0,,0,0,,0,0,Nederlandse stad of plaats;Regionaal (binnen Nederland),2,2
brandforlife.nl,2023,"Wij zijn een full-service marketing- en communicatiebureau dat zich elke dag bezighoudt met het bouwen, ontwerpen en creëren van sterke merken.",Y,,0,0,"Branding & huisstijl;Social media content & beheer;Video, animatie & fotografie;Website & webdesign",6,4,"Merk, huisstijl & verhaal",1,1,,0,0,,0,0,,0,0,Nederlandse stad of plaats,2,1
brandforlife.nl,2025,"Wij zijn een full-service marketing- en communicatiebureau dat zich bezighoudt met het bouwen, ontwerpen en creëren van sterke merken.",Y,,0,0,"Branding & huisstijl;Social media content & beheer;Video, animatie & fotografie;Website & webdesign",6,4,"Merk, huisstijl & verhaal",1,1,,0,0,,0,0,,0,0,Nederlandse stad of plaats,2,1
brandinwebdesign.nl,2016,Full-Service Internetbureau,Y,,0,0,SEO & vindbaarheid;Website & webdesign,4,2,"Beter vindbaar in Google;Meer leads, aanvragen & verkoop",2,2,,0,0,,0,0,,0,0,,0,0
brandinwebdesign.nl,2020,"Geweldige websites & webshops met Brand in Webdesign. Gemaakt met passie & creativiteit, tegen een betaalbare prijs!",Y,,0,0,"Grafisch ontwerp, drukwerk & print;SEO & vindbaarheid;Webshop & e-commerce;Website & webdesign",5,4,Beter vindbaar in Google,1,1,,0,0,,0,0,,0,0,Nederlandse stad of plaats,1,1
brandinwebdesign.nl,2025,Geweldige websites & webshops met Brand in Webdesign. Gemaakt met passie & creativiteit,Y,,0,0,"Grafisch ontwerp, drukwerk & print;SEO & vindbaarheid;Webshop & e-commerce;Website & webdesign",5,4,Beter vindbaar in Google,1,1,,0,0,,0,0,,0,0,Nederlandse stad of plaats,1,1
brandleemedia.nl,2021,Branding & marketing professionals,Y,,0,0,"Branding & huisstijl;Online adverteren (paid ads);Online marketing, performance & CRO",4,3,"Advertenties & campagnes renderen niet;Meer leads, aanvragen & verkoop;Merk, huisstijl & verhaal",3,3,"SEA, display & overige paid advertising",1,1,,0,0,MKB / middelgroot,1,1,,0,0
brandleemedia.nl,2023,Branding & marketing professionals,Y,,0,0,"Branding & huisstijl;Online adverteren (paid ads);Online marketing, performance & CRO",4,3,"Advertenties & campagnes renderen niet;Meer leads, aanvragen & verkoop;Merk, huisstijl & verhaal",3,3,"SEA, display & overige paid advertising",1,1,,0,0,MKB / middelgroot,1,1,,0,0
brandleemedia.nl,2025,Branding & marketing professionals,Y,,0,0,"Branding & huisstijl;Online adverteren (paid ads);Online marketing, performance & CRO",4,3,"Advertenties & campagnes renderen niet;Meer leads, aanvragen & verkoop;Merk, huisstijl & verhaal",3,3,"SEA, display & overige paid advertising",1,1,,0,0,MKB / middelgroot,1,1,,0,0
brendly.nl,2015,Uw bedrijf overal perfect online.,N,,0,0,Branding & huisstijl;Website & webdesign,4,2,"Meer leads, aanvragen & verkoop;Website verouderd of nieuw nodig",3,2,,0,0,,0,0,,0,0,,0,0
brendly.nl,2020,Wij maken websites met wow-effect,Y,,0,0,Branding & huisstijl;Webshop & e-commerce;Website & webdesign,5,3,"Meer leads, aanvragen & verkoop;Website verouderd of nieuw nodig",2,2,,0,0,,0,0,Startup / jong / groeiend,1,1,Nederlandse stad of plaats,3,1
brendly.nl,2023,Wij maken websites met wow-effect,Y,,0,0,Branding & huisstijl;Webshop & e-commerce;Website & webdesign,5,3,"Meer leads, aanvragen & verkoop;Website verouderd of nieuw nodig",2,2,,0,0,,0,0,Startup / jong / groeiend,1,1,Nederlandse stad of plaats,3,1
brendly.nl,2025,Wij maken websites met wow-effect,N,,0,0,Branding & huisstijl;Website & webdesign,5,2,"Merk, huisstijl & verhaal;Website verouderd of nieuw nodig",2,2,,0,0,,0,0,Startup / jong / groeiend,2,1,Nederlandse stad of plaats,3,1
bright-bird.nl,2024,BE INSPIRING BE CREATIVE BE BRIGHT,Y,,0,0,"Online marketing, performance & CRO",1,1,Groei & nieuwe markten,2,1,,0,0,,0,0,,0,0,,0,0
bright-bird.nl,2025,BE INSPIRING BE CREATIVE BE BRIGHT,Y,,0,0,"Online marketing, performance & CRO",1,1,Groei & nieuwe markten,2,1,,0,0,,0,0,,0,0,,0,0
bsetmedia.nl,2009,Bset media creating more business,Y,,0,0,"Branding & huisstijl;Grafisch ontwerp, drukwerk & print;Website & webdesign",4,3,"Beter vindbaar in Google;Klantbehoud & loyaliteit;Meer leads, aanvragen & verkoop",3,3,,0,0,,0,0,Startup / jong / groeiend,1,1,,0,0
bsetmedia.nl,2020,"Hét Eindhovens full service online marketingbureau voor Business Ontwikkeling, Online Marketing én Marketing Support",Y,,0,0,"Outcome-verkoop (leads, omzet, groei);Video, animatie & fotografie;Website & webdesign",4,3,,2,0,,0,0,,0,0,Startup / jong / groeiend,1,1,Regionaal (binnen Nederland),2,1
bsetmedia.nl,2023,"Hét Eindhovens full service online marketingbureau voor Business Ontwikkeling, Online Marketing én Marketing Support",Y,,0,0,"Outcome-verkoop (leads, omzet, groei);Video, animatie & fotografie;Website & webdesign",4,3,,2,0,,0,0,,0,0,Startup / jong / groeiend,1,1,Regionaal (binnen Nederland),2,1
bsetmedia.nl,2025,"Hét Eindhovens full service online marketingbureau voor Business Ontwikkeling, Online Marketing én Marketing Support",Y,,0,0,"Outcome-verkoop (leads, omzet, groei);Video, animatie & fotografie;Website & webdesign",4,3,,2,0,,0,0,,0,0,Startup / jong / groeiend,1,1,Regionaal (binnen Nederland),2,1
bu3.nl,2008,"BU3 - Bureau voor ontwerp, TYPO3 CMS en internetmarketing",N,"Nonprofits, charities & associations",1,1,"Grafisch ontwerp, drukwerk & print",1,1,,0,0,,0,0,,0,0,MKB / middelgroot,1,1,Regionaal (binnen Nederland),1,1
bu3.nl,2020,creatief MarketingBUREAU voor bedrijven met GROEIwensen,Y,,0,0,"Grafisch ontwerp, drukwerk & print;SEO & vindbaarheid;Strategie & advies;Website & webdesign",5,4,Beter vindbaar in Google,3,1,,0,0,,0,0,Startup / jong / groeiend,1,1,,0,0
bu3.nl,2023,creatief MarketingBUREAU voor bedrijven met GROEIwensen,Y,,0,0,"Grafisch ontwerp, drukwerk & print;SEO & vindbaarheid;Strategie & advies",3,3,Beter vindbaar in Google,3,1,,0,0,,0,0,Startup / jong / groeiend,1,1,,0,0
bu3.nl,2025,creatief MarketingBUREAU voor bedrijven met GROEIwensen,Y,,0,0,"Grafisch ontwerp, drukwerk & print;SEO & vindbaarheid;Strategie & advies",3,3,Beter vindbaar in Google,3,1,,0,0,,0,0,Startup / jong / groeiend,1,1,,0,0
buenaparte.nl,2014,"Studio Buenaparte. Creëren, inspireren en verbinden.",N,,0,0,"Campagnes & creatieve concepten;Grafisch ontwerp, drukwerk & print;Strategie & advies;Website & webdesign",6,4,"Merk, huisstijl & verhaal;Naamsbekendheid & zichtbaarheid",2,2,,0,0,,0,0,,0,0,,0,0
buenaparte.nl,2020,Think it. Create it.,N,,0,0,Branding & huisstijl,1,1,,0,0,,0,0,,0,0,,0,0,,0,0
buenaparte.nl,2025,We'll blow your Mind to confetti,N,,2,0,Strategie & advies,2,1,"Merk, huisstijl & verhaal",2,1,,0,0,,0,0,,0,0,,0,0
bullin.nl,2021,We Be Bullin' 👋 Welkom bij grafisch ontwerp bureau Bullin',Y,"Construction, real estate & housing",1,1,"Branding & huisstijl;Grafisch ontwerp, drukwerk & print;Social media content & beheer;Video, animatie & fotografie;Website & webdesign",5,5,"Content & creatieve productie;Meer leads, aanvragen & verkoop;Naamsbekendheid & zichtbaarheid",3,3,Social media organisch,1,1,,0,0,,0,0,,0,0
bullin.nl,2025,Welkom bij grafisch ontwerp bureau Bullin' 🐂 Val beter online en offline op met geweldige grafische content.,N,Finance & insurance,1,1,,0,0,Groei & nieuwe markten;Naamsbekendheid & zichtbaarheid,2,2,,0,0,,0,0,,0,0,,0,0
bureaubijma.nl,2023,Jouw bedrijfsidentiteit onmiskenbaar herkenbaar,N,,0,0,"Branding & huisstijl;Online marketing, performance & CRO",4,2,,1,0,,0,0,,0,0,MKB / middelgroot,1,1,,0,0
bureaubijma.nl,2023,Jouw bedrijfsidentiteit onmiskenbaar herkenbaar,N,,0,0,Branding & huisstijl;SEO & vindbaarheid,4,2,"Meer leads, aanvragen & verkoop;Merk, huisstijl & verhaal",3,2,,0,0,,0,0,,0,0,,0,0
bureaubijma.nl,2025,"Groei door helderheid, strategie en structuur",N,,0,0,"Online marketing, performance & CRO;Outcome-verkoop (leads, omzet, groei);Strategie & advies",5,3,Groei & nieuwe markten,4,1,,0,0,,0,0,Omvang in cijfers;Startup / jong / groeiend,4,2,,0,0
bureaudrp.nl,2020,"We zijn deskundig, energiek en creatief. En dit is wat we maken:",N,,0,0,,1,0,,0,0,,0,0,,0,0,,0,0,Nederlandse stad of plaats,1,1
bureaudrp.nl,2023,Op zoek naar een creatief ontwerpbureau in Drenthe?,Y,Government & public sector,1,1,"Grafisch ontwerp, drukwerk & print;Website & webdesign",2,2,,0,0,,0,0,,0,0,,0,0,Nederlandse stad of plaats;Regionaal (binnen Nederland),2,2
bureaudrp.nl,2025,DRP Ontwerpbureau Assen | Makers van merken die gezien worden,Y,,0,0,"Apps & maatwerk platforms;Branding & huisstijl;Grafisch ontwerp, drukwerk & print;Website & webdesign",6,4,Naamsbekendheid & zichtbaarheid,2,1,,0,0,,0,0,,0,0,Regionaal (binnen Nederland),1,1
bureaugigengack.nl,2018,"Specialisten voor tekst, vorm en beeld",N,,0,0,"Content & copywriting;Grafisch ontwerp, drukwerk & print",2,2,"Merk, huisstijl & verhaal",1,1,,0,0,,0,0,,0,0,,0,0
bureaugigengack.nl,2020,"Collectief van specialisten op het vakgebied van tekst, vorm en beeld",Y,,0,0,"Grafisch ontwerp, drukwerk & print",2,1,,0,0,,0,0,,0,0,,0,0,,0,0
bureaugigengack.nl,2023,"Collectief van specialisten op het vakgebied van tekst, vorm en beeld",Y,,0,0,"Grafisch ontwerp, drukwerk & print",2,1,,0,0,,0,0,,0,0,,0,0,,0,0
bureaugigengack.nl,2025,"Specialisten in vorm, tekst en beeld.",Y,,0,0,"Grafisch ontwerp, drukwerk & print;Video, animatie & fotografie",2,2,,1,0,,0,0,,0,0,,0,0,,0,0
bureauimago.nl,2010,"imago | creatieve communicatie | huisstijl ontwerp, grafisch ontwerp, webdesign, nieuwe media, creatief schrijven",N,,0,0,Branding & huisstijl,3,1,Naamsbekendheid & zichtbaarheid,1,1,,0,0,,0,0,Startup / jong / groeiend,1,1,,0,0
bureauimago.nl,2020,Hallo! Wij zijn webbureau IMAGO,N,,0,0,Website & webdesign,2,1,Website verouderd of nieuw nodig,1,1,,0,0,,0,0,MKB / middelgroot,1,1,Nederlandse stad of plaats;Regionaal (binnen Nederland),2,2
bureauimago.nl,2023,Hallo! Wij zijn webbureau IMAGO,N,,0,0,Website & webdesign,2,1,Website verouderd of nieuw nodig,1,1,,0,0,,0,0,MKB / middelgroot,1,1,Nederlandse stad of plaats;Regionaal (binnen Nederland),2,2
bureauimago.nl,2025,Creatief bureau van nu,N,,0,0,"Branding & huisstijl;Grafisch ontwerp, drukwerk & print;Website & webdesign",5,3,Groei & nieuwe markten,1,1,,0,0,,0,0,,0,0,,0,0
bureauvisueel.com,2015,Bureau Visueel Den Haag,N,,0,0,,0,0,,0,0,,0,0,,0,0,,0,0,,0,0
bureauvisueel.com,2023,"Wij zijn Bureau Visueel en werken aan jouw identiteit, campagne, website, applicatie & evenement",N,,0,0,Campagnes & creatieve concepten,3,1,,0,0,,0,0,,0,0,,0,0,Nederlandse stad of plaats,1,1
bureauvisueel.com,2025,"Wij zijn Bureau Visueel en werken aan jouw identiteit, campagne, website, applicatie & evenement",N,,0,0,Campagnes & creatieve concepten,3,1,,0,0,,0,0,,0,0,,0,0,Nederlandse stad of plaats,1,1
buro19.nl,2020,"Resultaatgericht reclamebureau, toegewijd aan online én offline",Y,,0,0,Strategie & advies;Website & webdesign,2,2,,1,0,,0,0,,0,0,,0,0,Regionaal (binnen Nederland),1,1
buro19.nl,2023,"Resultaatgericht marketing en reclamebureau, toegewijd aan online én offline",Y,,0,0,Campagnes & creatieve concepten;Strategie & advies;Website & webdesign,4,3,,1,0,,0,0,,0,0,,0,0,Regionaal (binnen Nederland),1,1
buro19.nl,2025,Maakt werk van je marketing,Y,,0,0,Strategie & advies,3,1,,1,0,,0,0,,0,0,Startup / jong / groeiend,1,1,,0,0
buro28.nl,2012,Welkom bij Leonie Nennie Buro 28 Arnhem,N,,0,0,Branding & huisstijl;Website & webdesign,3,2,,0,0,,0,0,,0,0,,0,0,,0,0
buro28.nl,2020,Homepage - Buro 28,N,,0,0,,0,0,,0,0,,0,0,,0,0,,0,0,,0,0
buro28.nl,2023,Homepage - Buro 28,N,,0,0,,0,0,,0,0,,0,0,,0,0,,0,0,,0,0
buro28.nl,2025,Homepage - Buro 28,N,,0,0,,0,0,,0,0,,0,0,,0,0,,0,0,,0,0
buroboud.nl,2020,Welkom in onze ‘conceptstore’. Are you being served?,Y,,0,0,"Campagnes & creatieve concepten;Grafisch ontwerp, drukwerk & print;Online marketing, performance & CRO",5,3,,0,0,,0,0,,0,0,Groot / corporate / marktleider,1,1,,0,0
buroboud.nl,2023,WELKOM online conceptstore,N,,0,0,Content & copywriting,1,1,,0,0,,0,0,,0,0,,0,0,,0,0
buroboud.nl,2025,BUROBOUD I conceptstore is een 3D ontwerpburo,Y,,0,0,Campagnes & creatieve concepten,3,1,Naamsbekendheid & zichtbaarheid,1,1,,0,0,,0,0,,0,0,,0,0
byron.nl,2001,,N,,0,0,"Grafisch ontwerp, drukwerk & print",1,1,,0,0,,0,0,,0,0,,0,0,Internationaal / wereldwijd,1,1
byron.nl,2020,Wij zijn BYRON Brand directors,Y,,0,0,Branding & huisstijl,3,1,,1,0,,0,0,,0,0,,0,0,,0,0
byron.nl,2023,Jouw bureau voor branding,Y,,0,0,Branding & huisstijl;Website & webdesign,7,2,,1,0,,0,0,,0,0,,0,0,Nederlandse stad of plaats,1,1
byron.nl,2025,Jouw bureau voor branding,Y,,0,0,Branding & huisstijl;Website & webdesign,7,2,,1,0,,0,0,,0,0,,0,0,Nederlandse stad of plaats,1,1
bytomorrow.nl,2023,We create value out of stories.,N,,0,0,Content & copywriting,3,1,,1,0,,0,0,,0,0,,0,0,,0,0
bytomorrow.nl,2025,Alle sporters zijn helden,N,"Hospitality, tourism, sports & recreation",3,1,"Content & copywriting;Video, animatie & fotografie",2,2,Naamsbekendheid & zichtbaarheid,2,1,"Apps & custom platforms;Content, video & PR",2,2,,0,0,,0,0,,0,0
chasemarketing.nl,2019,Welkom bij Chase Marketing Webdesign & Online Marketing in Amsterdam.,N,,0,0,"Online adverteren (paid ads);Online marketing, performance & CRO;SEO & vindbaarheid;Webshop & e-commerce;Website & webdesign",5,5,Advertenties & campagnes renderen niet;Beter vindbaar in Google;Groei & nieuwe markten;Website verouderd of nieuw nodig,6,4,,0,0,,0,0,,0,0,Nederlandse stad of plaats,1,1
chasemarketing.nl,2020,Persoonlijkheid naar resultaat op #1,N,,0,0,"Campagnes & creatieve concepten;Online marketing, performance & CRO;Website & webdesign",4,3,"Groei & nieuwe markten;Meer leads, aanvragen & verkoop",4,2,,0,0,,0,0,,0,0,Nederlandse stad of plaats,1,1
chasemarketing.nl,2025,Online Marketing Bureau Amsterdam | Chase Marketing,N,,0,0,,0,0,,0,0,,0,0,,0,0,,0,0,Nederlandse stad of plaats,1,1
chunkagency.com,2017,LEADING BRANDS IN A DIGITAL WORLD,N,,0,0,,0,0,,2,0,,0,0,,0,0,,0,0,,0,0
chunkagency.com,2020,Specialized in Digital Creativity,Y,"Software, IT & telecom",1,1,Branding & huisstijl;Online adverteren (paid ads);Webshop & e-commerce,4,3,Bewustwording & gedragsverandering;Groei & nieuwe markten,2,2,Social media organisch,1,1,,0,0,,0,0,,0,0
chunkagency.com,2023,Specialised in Digital Creativity,Y,"Software, IT & telecom",1,1,Branding & huisstijl;Online adverteren (paid ads);Webshop & e-commerce,4,3,Bewustwording & gedragsverandering;Groei & nieuwe markten,3,2,Social media organisch,1,1,,0,0,,0,0,,0,0
chunkagency.com,2025,Specialised in Digital Creativity,Y,"Software, IT & telecom",1,1,Branding & huisstijl;Online adverteren (paid ads);Webshop & e-commerce,4,3,Bewustwording & gedragsverandering;Groei & nieuwe markten,3,2,Social media organisch,1,1,,0,0,,0,0,,0,0
cieremansvanreijn.nl,2011,"Creatief, fullservice bureau",Y,,0,0,"Grafisch ontwerp, drukwerk & print;Online marketing, performance & CRO",2,2,"Merk, huisstijl & verhaal",2,1,,0,0,,0,0,,0,0,,0,0
cieremansvanreijn.nl,2020,CieremansVanReijn - Reclamebureau,N,,0,0,"Online marketing, performance & CRO",1,1,,0,0,,0,0,,0,0,,0,0,Nederlandse stad of plaats,1,1
cieremansvanreijn.nl,2023,Hét fullservice reclamebureau in de Scheveningse haven waar creativiteit als een zilte bries naar binnen waait.,Y,,0,0,Strategie & advies,2,1,,1,0,,0,0,,0,0,,0,0,,1,0
cieremansvanreijn.nl,2025,Hét fullservice reclamebureau in de Scheveningse haven waar creativiteit als een zilte bries naar binnen waait.,Y,,0,0,Strategie & advies,2,1,,1,0,,0,0,,0,0,,0,0,,1,0
claimyouraim.nl,2011,Claim Your Aim B.V. | Communicatie Advies,N,,0,0,Strategie & advies,1,1,,0,0,,0,0,,0,0,,0,0,,0,0
claimyouraim.nl,2020,Welkom bij Claim Your Aim Partner in creatie van marketingcommunicatie,Y,,0,0,"Apps & maatwerk platforms;Branding & huisstijl;Grafisch ontwerp, drukwerk & print;Strategie & advies;Video, animatie & fotografie;Website & webdesign",7,6,,3,0,,0,0,,0,0,,0,0,Nederlandse stad of plaats,1,1
claimyouraim.nl,2023,Claim Your Aim B.V. | Het Deventer Conceptbureau,Y,,0,0,"Campagnes & creatieve concepten;Video, animatie & fotografie",3,2,Groei & nieuwe markten;Lancering nieuw product of concept,3,2,,0,0,,0,0,,0,0,Nederlandse stad of plaats,1,1
claimyouraim.nl,2025,Claim Your Aim B.V. | Het Deventer Conceptbureau,Y,,0,0,"Campagnes & creatieve concepten;Video, animatie & fotografie",3,2,Groei & nieuwe markten;Lancering nieuw product of concept,3,2,,0,0,,0,0,,0,0,Nederlandse stad of plaats,1,1
cloudfactory.nl,2020,CREATIVITY IS COLLECTIVE,N,,0,0,,0,0,,0,0,,0,0,,0,0,,0,0,,0,0
cloudfactory.nl,2023,WE ARE AN INDEPENDENT AGENCY. WE HELP BRANDS UNLEASH THEIR CREATIVITY TO PROVOKE CHANGE AND ACTIVATE PEOPLE. WE CALL THIS CREATIVE ACTIVISM.,N,,0,0,,2,0,Bewustwording & gedragsverandering,1,1,,0,0,,0,0,,0,0,,0,0
cloudfactory.nl,2025,"WE ARE AN INDEPENDENT, INTERNATIONAL CREATIVE AGENCY BUILDING BRANDS BY ACTIVATING THEIR BRAND MISSION. WE CALL THIS CREATIVE ACTIVISM.",N,,0,0,Branding & huisstijl,2,1,,0,0,,0,0,,0,0,,0,0,Internationaal / wereldwijd,1,1
codebreakers.nl,2020,WE BUILD PERFORMING BRANDS.,N,,0,0,Branding & huisstijl,2,1,"Merk, huisstijl & verhaal",1,1,,0,0,,0,0,,0,0,,0,0
codebreakers.nl,2023,Hét reclamebureau voor freelancers en klein-MKB,N,"Media, culture & entertainment",1,1,"Branding & huisstijl;Online marketing, performance & CRO;Website & webdesign",4,3,"Groei & nieuwe markten;Merk, huisstijl & verhaal",4,2,,0,0,,0,0,MKB / middelgroot,2,1,Regionaal (binnen Nederland),1,1
codebreakers.nl,2025,Hét reclamebureau voor freelancers en klein-MKB,N,"Media, culture & entertainment",1,1,"Branding & huisstijl;Online marketing, performance & CRO;Website & webdesign",4,3,"Groei & nieuwe markten;Merk, huisstijl & verhaal",4,2,,0,0,,0,0,MKB / middelgroot,2,1,Regionaal (binnen Nederland),1,1
colourcake.com,2020,The Creative Production Agency,Y,,0,0,Branding & huisstijl,1,1,,1,0,,0,0,,0,0,,0,0,,0,0
colourcake.com,2023,"Humanise the world, one brand at the time.",N,,0,0,Branding & huisstijl;Content & copywriting,2,2,,1,0,,0,0,,0,0,,0,0,,0,0
comlinq.nl,2020,Comlinq Internet marketing bureau uit Eindhoven,Y,,0,0,"Campagnes & creatieve concepten;Grafisch ontwerp, drukwerk & print;Online marketing, performance & CRO;SEO & vindbaarheid;Strategie & advies",5,5,Beter vindbaar in Google,2,1,,0,0,,0,0,,0,0,Nederlandse stad of plaats;Regionaal (binnen Nederland),3,2
comlinq.nl,2023,Comlinq Digital Agency - ROI driven online marketing,Y,,0,0,Campagnes & creatieve concepten;Strategie & advies;Website & webdesign,3,3,Advertenties & campagnes renderen niet,1,1,,0,0,,0,0,MKB / middelgroot,1,1,Internationaal / wereldwijd;Nederlandse stad of plaats,2,2
comlinq.nl,2025,Comlinq Digital Agency - ROI driven online marketing,Y,,0,0,Campagnes & creatieve concepten;Strategie & advies;Website & webdesign,3,3,Advertenties & campagnes renderen niet,1,1,,0,0,,0,0,MKB / middelgroot,1,1,Nederlandse stad of plaats;Regionaal (binnen Nederland),2,2
comm-on.nu,2020,Een stap voor…,N,,0,0,"Branding & huisstijl;Grafisch ontwerp, drukwerk & print",3,2,,1,0,,0,0,,0,0,,0,0,,0,0
comm-on.nu,2023,Een stap voor…,N,,0,0,"Branding & huisstijl;Grafisch ontwerp, drukwerk & print",3,2,,1,0,,0,0,,0,0,,0,0,,0,0
comm-on.nu,2025,digitale makers van Merken Webshops Websites,N,,0,0,Webshop & e-commerce,4,1,"Merk, huisstijl & verhaal;Webshop & online verkoop;Website verouderd of nieuw nodig",4,3,,0,0,,0,0,,0,0,Regionaal (binnen Nederland),1,1
commar.nl,2013,,N,,0,0,,0,0,,0,0,,0,0,,0,0,,0,0,,0,0
commar.nl,2020,COMMAAR OP! DAN LATEN WE DE WERELD ZIEN WIE JE BENT.,Y,,0,0,"Branding & huisstijl;Campagnes & creatieve concepten;Grafisch ontwerp, drukwerk & print;Online marketing, performance & CRO;Webshop & e-commerce;Website & webdesign",8,6,Groei & nieuwe markten;Naamsbekendheid & zichtbaarheid,2,2,,0,0,,0,0,,0,0,Regionaal (binnen Nederland),1,1
commar.nl,2023,"Meer klikken, Goed vindbaar, Slimme website, meer klanten.",N,,0,0,Online adverteren (paid ads);SEO & vindbaarheid;Website & webdesign,5,3,"Beter vindbaar in Google;Meer leads, aanvragen & verkoop;Personeel werven & werkgeversmerk",4,3,"SEA, display & overige paid advertising;Social media organisch",2,2,,0,0,MKB / middelgroot;Startup / jong / groeiend,2,2,Nederlandse stad of plaats,1,1
commar.nl,2025,"Meer klikken, Goed vindbaar, Slimme website, meer klanten.",N,,0,0,Online adverteren (paid ads);SEO & vindbaarheid;Website & webdesign,5,3,"Beter vindbaar in Google;Meer leads, aanvragen & verkoop;Personeel werven & werkgeversmerk",4,3,"SEA, display & overige paid advertising;Social media organisch",2,2,,0,0,MKB / middelgroot;Startup / jong / groeiend,2,2,Nederlandse stad of plaats,1,1
commesso.nl,2012,,N,,0,0,,0,0,,0,0,,0,0,,0,0,,0,0,,0,0
commesso.nl,2020,De mediaspecialist voor de effectieve inzet van uw reclamebudget!,Y,,0,0,Social media content & beheer,1,1,Advertenties & campagnes renderen niet,2,1,,0,0,,0,0,,0,0,,0,0
commesso.nl,2023,De mediaspecialist voor de effectieve inzet van uw reclamebudget!,Y,,0,0,Social media content & beheer,1,1,Advertenties & campagnes renderen niet,2,1,,0,0,,0,0,,0,0,,0,0
commesso.nl,2025,De mediaspecialist voor de effectieve inzet van uw reclamebudget!,Y,,0,0,Social media content & beheer,1,1,Advertenties & campagnes renderen niet,2,1,,0,0,,0,0,,0,0,,0,0
communicatiekrachten.nl,2020,Bureau voor Communicatie &#038; Creatie in Nijmegen,N,,0,0,Strategie & advies,2,1,,1,0,,0,0,,0,0,,0,0,Nederlandse stad of plaats,1,1
communicatiekrachten.nl,2023,Bureau voor Communicatie &#038; Creatie in Nijmegen,N,,0,0,Strategie & advies,2,1,,1,0,,0,0,,0,0,,0,0,Nederlandse stad of plaats,1,1
communicatieteam.nl,2020,Een goed begin is het halve merk.,Y,,0,0,,1,0,,1,0,,0,0,,0,0,,0,0,,0,0
communicatieteam.nl,2023,Communicatie waar je blij van wordt.,Y,,0,0,Branding & huisstijl;Employer branding & recruitment;Strategie & advies,5,3,Lancering nieuw product of concept,2,1,,0,0,,0,0,MKB / middelgroot,1,1,,0,0
communicatieteam.nl,2025,Communicatie waar je blij van wordt!,N,,0,0,Strategie & advies,2,1,"Bewustwording & gedragsverandering;Merk, huisstijl & verhaal;Personeel werven & werkgeversmerk",4,3,,0,0,,0,0,MKB / middelgroot,1,1,,0,0
conceptcrew.nl,2020,GOED VERHAAL,N,,0,0,Branding & huisstijl,1,1,,1,0,,0,0,,0,0,,0,0,,0,0
conceptcrew.nl,2023,GOED VERHAAL,N,,0,0,Branding & huisstijl,1,1,,1,0,,0,0,,0,0,,0,0,,0,0
conceptcrew.nl,2025,GOED VERHAAL,N,,0,0,Branding & huisstijl,2,1,,1,0,,0,0,,0,0,,0,0,,0,0
contentcoalitie.nl,2019,"Content Coalitie, een team van gedreven marketing, communicatie, PR en vormgeving experts.",Y,,0,0,"Online marketing, performance & CRO;Website & webdesign",3,2,"Meer leads, aanvragen & verkoop",1,1,,0,0,,0,0,,0,0,,0,0
contentcoalitie.nl,2021,"Content Coalitie, een team van gedreven marketing, communicatie, PR en vormgeving experts.",Y,,0,0,"Online marketing, performance & CRO;Website & webdesign",3,2,"Meer leads, aanvragen & verkoop",1,1,,0,0,,0,0,,0,0,,0,0
contentcoalitie.nl,2023,"Content Coalitie, een team van gedreven marketing, communicatie, PR en vormgeving experts.",Y,,0,0,"Online marketing, performance & CRO;Website & webdesign",3,2,"Meer leads, aanvragen & verkoop",1,1,,0,0,,0,0,,0,0,,0,0
contentcoalitie.nl,2025,"Content Coalitie, een team van gedreven marketing, communicatie, PR en vormgeving experts.",Y,,0,0,"Online marketing, performance & CRO;Website & webdesign",3,2,"Meer leads, aanvragen & verkoop",1,1,,0,0,,0,0,,0,0,,0,0
contentkunstenaar.nl,2020,Contentvraag? Het antwoord: Contentkunstenaar.,Y,,0,0,Content & copywriting,2,1,"Beter vindbaar in Google;Meer leads, aanvragen & verkoop",3,2,,0,0,,0,0,,0,0,,0,0
contentkunstenaar.nl,2023,Wij zorgen dat klanten jou vinden en onthouden,N,"Software, IT & telecom",1,1,Branding & huisstijl;Content & copywriting;Employer branding & recruitment;Strategie & advies,5,4,"Meer leads, aanvragen & verkoop;Personeel werven & werkgeversmerk",3,2,,0,0,,0,0,,0,0,Nederlandse stad of plaats,1,1
contentkunstenaar.nl,2025,Wij zorgen dat klanten jou vinden en onthouden,N,,0,0,Branding & huisstijl;Content & copywriting;Employer branding & recruitment;Strategie & advies,6,4,"Meer leads, aanvragen & verkoop;Personeel werven & werkgeversmerk",4,2,"Branding, campagne & activatie",1,1,,0,0,,0,0,Nederlandse stad of plaats,1,1
contentvorm.nl,2021,Content in iedere Vorm,Y,,0,0,Content & copywriting,2,1,,0,0,,0,0,,0,0,,0,0,,0,0
contentvorm.nl,2023,Geef je content meer vorm,Y,,0,0,Content & copywriting,1,1,,1,0,,0,0,,0,0,,0,0,,0,0
contentvorm.nl,2025,Partner voor contentstrategie en executie,N,,0,0,Strategie & advies,1,1,,0,0,,0,0,,0,0,,0,0,,0,0
contentxperience.nl,2012,Nieuw concept: MarketingXperience,Y,,0,0,"Content & copywriting;Online marketing, performance & CRO;Video, animatie & fotografie",3,3,,1,0,,0,0,,0,0,,0,0,,0,0
contentxperience.nl,2020,Vooroplopen in B2B-marketing door kwaliteit van content en resultaat van campagnes centraal te stellen.,N,,0,0,"Content & copywriting;Online marketing, performance & CRO",5,2,"Content & creatieve productie;Meer leads, aanvragen & verkoop",2,2,,0,0,Zakelijke afnemers (B2B),2,1,,0,0,Heel Nederland (landelijk),1,1
contentxperience.nl,2023,Vooroplopen in B2B-marketing door kwaliteit van content en resultaat van campagnes centraal te stellen.,N,,0,0,"Content & copywriting;Online marketing, performance & CRO",4,2,"Content & creatieve productie;Meer leads, aanvragen & verkoop",2,2,,0,0,Zakelijke afnemers (B2B),2,1,,0,0,Heel Nederland (landelijk),1,1
contentxperience.nl,2025,Wil jij ook kwalitatieve content? En resultaat behalen uit jouw marketing?,N,,0,0,"Apps & maatwerk platforms;Branding & huisstijl;Campagnes & creatieve concepten;Content & copywriting;E-mailmarketing, automation & funnels;Grafisch ontwerp, drukwerk & print;Online marketing, performance & CRO;Outcome-verkoop (leads, omzet, groei);Strategie & advies;UX/UI & interface design;Video, animatie & fotografie;Website & webdesign",27,12,Content & creatieve productie,1,1,,0,0,Zakelijke afnemers (B2B),1,1,,0,0,Heel Nederland (landelijk),1,1
conversiepartners.nl,2011,Maakt websites rendabeler,N,,0,0,"E-mailmarketing, automation & funnels;Online adverteren (paid ads);Online marketing, performance & CRO;Website & webdesign",5,4,"Beter vindbaar in Google;Meer leads, aanvragen & verkoop;Website verouderd of nieuw nodig",4,3,,0,0,,0,0,,0,0,,0,0
conversiepartners.nl,2020,Slimmere omzetgroei?,Y,,0,0,"Campagnes & creatieve concepten;Online marketing, performance & CRO;Outcome-verkoop (leads, omzet, groei);Website & webdesign",5,4,"Groei & nieuwe markten;Meer leads, aanvragen & verkoop",4,2,,0,0,,0,0,,0,0,Regionaal (binnen Nederland),1,1
conversiepartners.nl,2023,Meetbaar meer B2B-leads voor ondernemers met ambitie,Y,,0,0,"E-mailmarketing, automation & funnels;Online marketing, performance & CRO;Outcome-verkoop (leads, omzet, groei);Website & webdesign",6,4,"Meer leads, aanvragen & verkoop",2,1,"E-mail, CRM & marketing automation",1,1,Zakelijke afnemers (B2B),2,1,,0,0,Nederlandse stad of plaats,1,1
conversiepartners.nl,2025,Marketing die verkoopt. Zonder verspilling of gedoe.,N,,0,0,"Online marketing, performance & CRO;Strategie & advies",2,2,"Meer leads, aanvragen & verkoop",2,1,,0,0,,0,0,MKB / middelgroot,2,1,Nederlandse stad of plaats,1,1
conversive.nl,2007,"Conversive, het eerste media bureau gespecialiseerd in online marketing met een focus op resultaat!",Y,,0,0,"Online adverteren (paid ads);Online marketing, performance & CRO",2,2,Advertenties & campagnes renderen niet,2,1,,0,0,,0,0,,0,0,,0,0
conversive.nl,2020,Conversive helpt ambitieuze organisaties een voorsprong te behalen met Online Marketing,Y,,0,0,Online adverteren (paid ads),1,1,Groei & nieuwe markten,1,1,,0,0,,0,0,,0,0,,0,0
conversive.nl,2023,Reveal your online opportunities,N,Business & professional services;Retail & e-commerce (general consumer goods),3,2,"Online marketing, performance & CRO;SEO & vindbaarheid",2,2,Groei & nieuwe markten,2,1,,0,0,,0,0,Startup / jong / groeiend,2,1,,0,0
conversive.nl,2025,Turn Partner Marketing into a Powerful Growth Engine,N,,0,0,"Online adverteren (paid ads);Online marketing, performance & CRO;Webshop & e-commerce",3,3,"Groei & nieuwe markten;Meer leads, aanvragen & verkoop",2,2,"SEA, display & overige paid advertising",1,1,Webshop B2B,1,1,,0,0,,0,0
converzo.nl,2012,Online scoren met Converzo!,N,,0,0,Strategie & advies,1,1,,0,0,,0,0,,0,0,,0,0,,0,0
converzo.nl,2020,Slim internet raakt je doelgroep,Y,,0,0,"Online marketing, performance & CRO",2,1,Webshop & online verkoop,2,1,,0,0,,0,0,,0,0,,0,0
converzo.nl,2023,"Wordpress websites, webwinkels & Online Marketing",Y,,0,0,"Grafisch ontwerp, drukwerk & print;Online marketing, performance & CRO;Strategie & advies",3,3,Naamsbekendheid & zichtbaarheid,2,1,,0,0,,0,0,,0,0,,0,0
converzo.nl,2025,"Wordpress websites, webwinkels & Online Marketing",Y,,0,0,"Grafisch ontwerp, drukwerk & print;Online marketing, performance & CRO;Strategie & advies",3,3,Naamsbekendheid & zichtbaarheid,2,1,,0,0,,0,0,,0,0,,0,0
convident.nl,2013,,N,,0,0,,0,0,,0,0,,0,0,,0,0,,0,0,,0,0
convident.nl,2020,Webdesign Groningen | Vindbare websites met mooie designs,Y,,0,0,Apps & maatwerk platforms;Webshop & e-commerce,4,2,Beter vindbaar in Google,1,1,,0,0,Gemengd,1,1,,0,0,Regionaal (binnen Nederland),1,1
convident.nl,2023,"Full Service Digital Agency Websites, webshops en online marketing voor ambitieuze organisaties",Y,Retail & e-commerce (general consumer goods),1,1,Website & webdesign,3,1,Beter vindbaar in Google,1,1,,0,0,,0,0,,0,0,Regionaal (binnen Nederland),1,1
convident.nl,2025,Full Service Digital Agency - samen naar online Succes | Convident,Y,,0,0,Website & webdesign,2,1,Webshop & online verkoop,2,1,,0,0,,0,0,,0,0,,0,0
cookscrossover.com,2014,"Zoals een topkok smaken combineert en op elkaar afstemt zodat er een onvergetelijke smaaksensatie ontstaat, zo combineert COOKS communicatiekennis en ervaring binnen alle commerciële disciplines om co",Y,,0,0,,2,0,,2,0,,0,0,,0,0,,0,0,,0,0
cookscrossover.com,2020,"WHY FIT IN, WHEN YOU CAN STAND OUT!",N,,0,0,Strategie & advies,1,1,"Meer leads, aanvragen & verkoop",2,1,,1,0,,0,0,,0,0,,0,0
cookscrossover.com,2023,Dé specialist in Trade Marketing,Y,"Food, beverage & agriculture",2,1,Strategie & advies;Webshop & e-commerce,3,2,"Meer leads, aanvragen & verkoop",2,1,Webshop & e-commerceplatform,1,1,,0,0,,0,0,,0,0
cookscrossover.com,2025,Welkom bij de bruggenbouwers in commerciële strategie en creatie,Y,"Food, beverage & agriculture",1,1,Strategie & advies,2,1,,1,0,,0,0,,0,0,,0,0,,0,0
cop-y.nl,2016,Tekstschrijver nodig? Maak kennis met Cop-Y!,Y,,0,0,"Content & copywriting;E-mailmarketing, automation & funnels;Grafisch ontwerp, drukwerk & print;PR & influencer marketing;SEO & vindbaarheid",7,5,,0,0,,0,0,,0,0,,0,0,,0,0
cop-y.nl,2020,Tekstschrijver nodig? Maak kennis met Cop-Y!,Y,,0,0,Content & copywriting,2,1,,0,0,,0,0,,0,0,,0,0,,0,0
cop-y.nl,2023,Tekstschrijver nodig? Maak kennis met Cop-Y!,Y,,0,0,Content & copywriting,2,1,,0,0,,0,0,,0,0,,0,0,,0,0
cop-y.nl,2025,Tekstschrijver nodig? Maak kennis met Cop-Y!,Y,,0,0,Content & copywriting,2,1,,0,0,,0,0,,0,0,,0,0,,0,0
cornerstones.nl,2018,Wij zijn Creatieve Bouwmeesters.,N,,0,0,Branding & huisstijl;Website & webdesign,2,2,,0,0,,0,0,,0,0,,0,0,,0,0
cornerstones.nl,2020,Wij zijn digitale Bouwmeesters,Y,,0,0,Website & webdesign,2,1,,1,0,Webshop & e-commerceplatform,1,1,,0,0,,0,0,,0,0
cornerstones.nl,2023,Wij bouwen unieke E-commerce oplossingen,Y,,0,0,Webshop & e-commerce,2,1,,0,0,Webshop & e-commerceplatform,1,1,Webshop consumenten (D2C),1,1,,0,0,Heel Nederland (landelijk),1,1
cornerstones.nl,2025,Jouw Digitale Groeipartner,Y,,0,0,Webshop & e-commerce,2,1,,0,0,Webshop & e-commerceplatform,1,1,Webshop consumenten (D2C),1,1,,0,0,,0,0
cotd.nl,2019,,N,,0,0,,0,0,,0,0,,0,0,,0,0,,0,0,,0,0
cotd.nl,2023,Wij zijn Catch of the Day. Specialisten in online marketing. Top content met impact en conversie.,N,,0,0,"Content & copywriting;E-mailmarketing, automation & funnels;Online adverteren (paid ads);SEO & vindbaarheid;Social media content & beheer",6,5,"Content & creatieve productie;Events & activaties;Meer leads, aanvragen & verkoop;Naamsbekendheid & zichtbaarheid",4,4,,0,0,,0,0,,0,0,,0,0
cotd.nl,2025,Wij zijn Catch of the Day. Specialisten in online marketing en fundraising voor goede doelen en events,N,"Nonprofits, charities & associations",2,1,"Apps & maatwerk platforms;Content & copywriting;E-mailmarketing, automation & funnels;Online adverteren (paid ads);Strategie & advies",7,5,"Leden, leerlingen & donateurs werven;Meer leads, aanvragen & verkoop",3,2,Apps & custom platforms,1,1,,0,0,,0,0,,0,0
crcl.nl,2013,,N,,0,0,,0,0,,0,0,,0,0,,0,0,,0,0,,0,0
crcl.nl,2021,"Hoi, wij zijn CRCL. Wij laten jouw merk in het oog springen.",Y,,0,0,"Branding & huisstijl;Online marketing, performance & CRO;Strategie & advies;Video, animatie & fotografie;Website & webdesign",6,5,"Merk, huisstijl & verhaal",1,1,Website & CMS,1,1,,0,0,,0,0,,0,0
crcl.nl,2023,Maakt merken zichtbaar.,Y,,0,0,"Branding & huisstijl;Online marketing, performance & CRO;Strategie & advies;Video, animatie & fotografie;Website & webdesign",6,5,Naamsbekendheid & zichtbaarheid,1,1,Website & CMS,1,1,,0,0,,0,0,,0,0
crcl.nl,2025,Maakt merken zichtbaar.,Y,,0,0,"Branding & huisstijl;Online marketing, performance & CRO;Strategie & advies;Video, animatie & fotografie;Website & webdesign",6,5,Naamsbekendheid & zichtbaarheid,1,1,Website & CMS,1,1,,0,0,,0,0,,0,0
cre8agency.nl,2022,"Van naam naar online merk , met video en foto",Y,,0,0,Content & copywriting;Social media content & beheer,2,2,"Merk, huisstijl & verhaal",1,1,,0,0,,0,0,,0,0,,0,0
cre8agency.nl,2024,Blijf op de hoogte. Binnenkort zijn we open.,N,,0,0,,1,0,,0,0,,0,0,,0,0,,0,0,,0,0
cre8agency.nl,2025,Gegarandeerd resultaat met advertenties die je niet doorscrolt.,Y,,0,0,"Video, animatie & fotografie",2,1,"Advertenties & campagnes renderen niet;Meer leads, aanvragen & verkoop",2,2,Social media organisch,1,1,,0,0,Startup / jong / groeiend,1,1,Heel Nederland (landelijk),1,1
creanza.nl,2001,De Verhuizing,N,,0,0,,0,0,,0,0,,0,0,,0,0,,0,0,,0,0
creanza.nl,2020,,N,,0,0,"Branding & huisstijl;Campagnes & creatieve concepten;Strategie & advies;Video, animatie & fotografie",4,4,,0,0,,0,0,,0,0,,0,0,,0,0
creanza.nl,2023,"Creanza - Media, Concept, Beeld en Identiteit",N,,0,0,"Branding & huisstijl;Campagnes & creatieve concepten;Strategie & advies;Video, animatie & fotografie",4,4,,0,0,,0,0,,0,0,,0,0,,0,0
creanza.nl,2025,"Creanza - Media, Concept, Beeld en Identiteit",N,,0,0,"Branding & huisstijl;Campagnes & creatieve concepten;Strategie & advies;Video, animatie & fotografie",4,4,,0,0,,0,0,,0,0,,0,0,,0,0
create-convert.nl,2021,"YOU NAME IT, WE CREATE IT!",N,,0,0,"Online marketing, performance & CRO;Website & webdesign",2,2,,0,0,,0,0,,0,0,,0,0,,0,0
create-convert.nl,2023,Online groei start hier Waar begin jij...?,Y,,0,0,Website & webdesign,2,1,"Meer leads, aanvragen & verkoop",1,1,,0,0,,0,0,,0,0,,0,0
create-convert.nl,2025,Performance marketing die jouw B2B-bedrijf laat groeien,N,,0,0,Strategie & advies,1,1,"Meer leads, aanvragen & verkoop",1,1,,0,0,Zakelijke afnemers (B2B),3,1,,0,0,,0,0
createthebrand.nl,2019,,N,,0,0,,0,0,,0,0,,0,0,,0,0,,0,0,,0,0
createthebrand.nl,2020,On- & offline marketing in perfecte vorm,N,,0,0,Branding & huisstijl,2,1,Advertenties & campagnes renderen niet,1,1,,0,0,,0,0,,0,0,,0,0
createthebrand.nl,2023,On- & offline branding in perfecte vorm,N,,0,0,Branding & huisstijl;Website & webdesign,3,2,Advertenties & campagnes renderen niet,1,1,,0,0,,0,0,,0,0,,0,0
createthebrand.nl,2025,On- & offline branding in perfecte vorm,N,,0,0,Branding & huisstijl;Website & webdesign,3,2,Advertenties & campagnes renderen niet,1,1,,0,0,,0,0,,0,0,,0,0
creatievecampagnes.nl,2024,Unieke content voor jouw online advertenties .,Y,,0,0,"Content & copywriting;Video, animatie & fotografie",2,2,Content & creatieve productie,1,1,,0,0,,0,0,,0,0,,0,0
creatievecampagnes.nl,2025,Elke week zichtbaar op social media met 1 draaidag per maand.,Y,,0,0,"Content & copywriting;Video, animatie & fotografie",3,2,Advertenties & campagnes renderen niet;Naamsbekendheid & zichtbaarheid,2,2,Social media organisch,1,1,,0,0,,0,0,,0,0
creation.nl,2002,Welkom op: www.creation.nl,N,,0,0,,0,0,,0,0,,0,0,,0,0,,0,0,,0,0
creation.nl,2020,Online Marketing voor het creëren van online groei!,N,,0,0,Online adverteren (paid ads);Strategie & advies;Website & webdesign,3,3,Groei & nieuwe markten,2,1,"SEA, display & overige paid advertising",1,1,,0,0,MKB / middelgroot,1,1,Heel Nederland (landelijk),1,1
creation.nl,2023,"Samen werken aan meer bezoekers, conversies en online omzet",N,,0,0,Campagnes & creatieve concepten,3,1,Naamsbekendheid & zichtbaarheid;Website verouderd of nieuw nodig,3,2,,0,0,,0,0,,0,0,,0,0
creation.nl,2025,"Meer bezoekers, conversies en online omzet",Y,,0,0,"Campagnes & creatieve concepten;Online marketing, performance & CRO",3,2,,1,0,,0,0,,0,0,,0,0,,0,0
creational.nl,2007,Creational = Web Creations + Identity Creations,N,,0,0,Branding & huisstijl;Website & webdesign,2,2,,0,0,,0,0,,0,0,,0,0,,0,0
creational.nl,2023,Website ontwerp en ontwikkeling / Webapplicatie ontwerp / Grafische vormgeving / Huisstijlen,N,,0,0,"Grafisch ontwerp, drukwerk & print;Website & webdesign",2,2,"Merk, huisstijl & verhaal",2,1,,0,0,,0,0,,0,0,,0,0
creativeflavours.nl,2020,Een creatief & online marketingbureau.,Y,,0,0,"Campagnes & creatieve concepten;Online marketing, performance & CRO;Website & webdesign",4,3,Naamsbekendheid & zichtbaarheid,3,1,,0,0,,0,0,,0,0,,0,0
creativeflavours.nl,2023,Een creatief & online marketingbureau.,Y,,0,0,"Grafisch ontwerp, drukwerk & print;Online marketing, performance & CRO;Website & webdesign",4,3,Naamsbekendheid & zichtbaarheid,3,1,,0,0,,0,0,,0,0,,0,0
creativemules.com,2009,Creative Mules is a company dedicated to serving your 21st century marketing needs.,N,,0,0,Strategie & advies,1,1,"Merk, huisstijl & verhaal",1,1,Social media organisch,1,1,,0,0,,0,0,,0,0
creativemules.com,2020,An independent digital studio. Solving business challenges with design.,N,,0,0,"Branding & huisstijl;Grafisch ontwerp, drukwerk & print;Strategie & advies;UX/UI & interface design",4,4,,2,0,,0,0,Gemengd,1,1,,1,0,Specifiek buitenland,1,1
creativemules.com,2023,We are a strategic design studio.,N,,0,0,"Grafisch ontwerp, drukwerk & print",1,1,,0,0,,0,0,,0,0,,0,0,,0,0
creativemules.com,2025,"Impact-driven teams, meet your strategic design partner.",N,Manufacturing & industrial,1,1,"Branding & huisstijl;Grafisch ontwerp, drukwerk & print",2,2,"Merk, huisstijl & verhaal",1,1,,0,0,,0,0,,0,0,,0,0
creativeskills.nl,2020,"Creative Skills | flexibel, onafhankelijk communicatiebureau",Y,,0,0,Strategie & advies,2,1,,2,0,,0,0,,0,0,,0,0,,0,0
creativeskills.nl,2023,Creative Skills / Let's connect and create awesome things,N,,0,0,Branding & huisstijl;SEO & vindbaarheid;Website & webdesign,4,3,,1,0,,0,0,,0,0,,0,0,,0,0
creativeskills.nl,2025,Creative Skills / Let's connect and create awesome things,N,,0,0,Branding & huisstijl;SEO & vindbaarheid;Website & webdesign,4,3,,1,0,,0,0,,0,0,,0,0,,0,0
creja.nl,2020,Corporate identity | Concept | Design | Webdesign,Y,,0,0,Branding & huisstijl;Campagnes & creatieve concepten,2,2,,0,0,,0,0,,0,0,,0,0,Regionaal (binnen Nederland),1,1
creja.nl,2023,Corporate identity | Concept | Design | Webdesign,Y,,0,0,Branding & huisstijl;Campagnes & creatieve concepten,2,2,,0,0,,0,0,,0,0,,0,0,Regionaal (binnen Nederland),1,1
creja.nl,2025,Creatieve Communicatie,Y,,0,0,Branding & huisstijl;Strategie & advies,2,2,"Merk, huisstijl & verhaal",2,1,,0,0,,0,0,,0,0,,0,0
crossmediahouse.nl,2023,Connect met je doelgroep. Met een herkenbaar merk dat online gezien en gevonden wordt.,Y,,0,0,"Grafisch ontwerp, drukwerk & print;Online marketing, performance & CRO",2,2,"Groei & nieuwe markten;Meer leads, aanvragen & verkoop",3,2,,0,0,,0,0,,0,0,,0,0
crossmediahouse.nl,2025,Online groeien doen we samen. Digitale marketing is sturen op hart én data,N,,0,0,"Grafisch ontwerp, drukwerk & print;Online marketing, performance & CRO",2,2,,3,0,,0,0,,0,0,,0,0,,0,0
crystallize.nl,2008,Crystallize - allround design,Y,,0,0,Campagnes & creatieve concepten,1,1,,0,0,,0,0,,0,0,,0,0,,0,0
crystallize.nl,2020,Crystallize – Allround design & Creative productions,Y,,0,0,"Branding & huisstijl;Grafisch ontwerp, drukwerk & print",2,2,"Maatwerk software & efficiëntere processen;Merk, huisstijl & verhaal",2,2,,0,0,,0,0,,0,0,,0,0
crystallize.nl,2023,we Visualize your Vision,Y,,0,0,Branding & huisstijl,2,1,Maatwerk software & efficiëntere processen,2,1,,0,0,,0,0,,0,0,,0,0
crystallize.nl,2025,we Visualize your Vision,Y,,0,0,Branding & huisstijl,2,1,Maatwerk software & efficiëntere processen,2,1,,0,0,,0,0,,0,0,,0,0
ctwee.nl,2020,C-twee creatieve communicatie vertellen verbinden activeren,Y,,0,0,Campagnes & creatieve concepten,3,1,Bewustwording & gedragsverandering;Events & activaties,2,2,,0,0,,0,0,,0,0,,0,0
ctwee.nl,2023,"Concepten die de doelgroep in het hart raken, prikkelen tot dialoog en beweging cre ren",Y,,0,0,Campagnes & creatieve concepten;Strategie & advies,2,2,,1,0,,0,0,,0,0,,0,0,,0,0
ctwee.nl,2025,"Concepten die de doelgroep in het hart raken, prikkelen tot dialoog en beweging cre ren",Y,,0,0,Campagnes & creatieve concepten;Strategie & advies,2,2,,1,0,,0,0,,0,0,,0,0,,0,0
cubicmill.com,2018,,N,,0,0,,0,0,,0,0,,0,0,,0,0,,0,0,,0,0
cubicmill.com,2020,"Cubic Mill - Reclamebureau voor strategie, design en innovatie",Y,,0,0,Branding & huisstijl,2,1,Groei & nieuwe markten,3,1,,0,0,,0,0,,0,0,Nederlandse stad of plaats,1,1
cubicmill.com,2023,Accelerating business with brand strategy #reachyourpotential,N,,0,0,Branding & huisstijl;Strategie & advies,3,2,,2,0,,0,0,,0,0,,0,0,Nederlandse stad of plaats,1,1
cubicmill.com,2025,Where ambitious brands become industry leaders From brand positioning to presence — we build brands that grow on purpose.,N,,0,0,Branding & huisstijl;Strategie & advies,3,2,"Groei & nieuwe markten;Merk, huisstijl & verhaal",3,2,,0,0,,0,0,Startup / jong / groeiend,1,1,Nederlandse stad of plaats,1,1
customwebsite.nl,2008,,N,,0,0,SEO & vindbaarheid;Website & webdesign,4,2,"Beter vindbaar in Google;Meer leads, aanvragen & verkoop",2,2,,0,0,,0,0,,0,0,,0,0
customwebsite.nl,2020,Full Service internetbureau Groningen | Custom Website,Y,,0,0,"Apps & maatwerk platforms;Online marketing, performance & CRO;Webshop & e-commerce;Website & webdesign",6,4,Website verouderd of nieuw nodig,3,1,,0,0,,0,0,,0,0,Regionaal (binnen Nederland),2,1
customwebsite.nl,2023,Full service internetbureau Groningen | Custom Website,Y,,0,0,Apps & maatwerk platforms;SEO & vindbaarheid;Webshop & e-commerce;Website & webdesign,5,4,Beter vindbaar in Google;Website verouderd of nieuw nodig,3,2,,0,0,,0,0,,0,0,Regionaal (binnen Nederland),2,1
customwebsite.nl,2025,Full service internetbureau Groningen | Custom Website,Y,,0,0,Apps & maatwerk platforms;Website & webdesign,3,2,"Meer leads, aanvragen & verkoop",3,1,Website & CMS,1,1,,0,0,,0,0,Regionaal (binnen Nederland),2,1
cuttheweb.nl,2008,,N,,0,0,,0,0,,0,0,,0,0,,0,0,,0,0,,0,0
cuttheweb.nl,2020,Gevonden!,N,"Nonprofits, charities & associations",2,1,Online adverteren (paid ads),1,1,"Leden, leerlingen & donateurs werven",1,1,,0,0,,0,0,,0,0,,0,0
cuttheweb.nl,2023,Jouw online marketing bureau,N,,0,0,"Online adverteren (paid ads);Online marketing, performance & CRO",2,2,Beter vindbaar in Google;Groei & nieuwe markten,3,2,,0,0,,0,0,,0,0,,0,0
cuttheweb.nl,2025,Jouw online marketing bureau,N,,0,0,"Online adverteren (paid ads);Online marketing, performance & CRO",2,2,Beter vindbaar in Google;Groei & nieuwe markten,2,2,,0,0,,0,0,,0,0,,0,0
daburo.nl,2015,"daburo . zit vol met inspiratie, ideeën en creativiteit!",Y,,0,0,Branding & huisstijl;Campagnes & creatieve concepten;Content & copywriting;Strategie & advies;UX/UI & interface design,5,5,Website verouderd of nieuw nodig,1,1,,0,0,,0,0,,0,0,,0,0
daburo.nl,2020,"daBuro zit vol met inspiratie, ideeën en creativiteit",Y,,0,0,Strategie & advies;Website & webdesign,2,2,,0,0,,0,0,,0,0,,0,0,,0,0
daburo.nl,2023,"daBuro zit vol met inspiratie, ideeën en creativiteit",Y,,0,0,Strategie & advies;Website & webdesign,2,2,,0,0,,0,0,,0,0,,0,0,,0,0
daburo.nl,2025,"daBuro zit vol met inspiratie, ideeën en creativiteit",Y,,0,0,Strategie & advies;Website & webdesign,2,2,,0,0,,0,0,,0,0,,0,0,,0,0
danki.com,2002,,N,,0,0,,0,0,,0,0,,0,0,,0,0,,0,0,,0,0
danki.com,2020,strategy + design + technology,Y,,0,0,Content & copywriting;Website & webdesign,3,2,"Merk, huisstijl & verhaal",1,1,,0,0,,0,0,,0,0,Nederlandse stad of plaats,1,1
danki.com,2023,strategy + design + technology,Y,,0,0,Content & copywriting;Website & webdesign,3,2,"Merk, huisstijl & verhaal",1,1,,0,0,,0,0,,0,0,Nederlandse stad of plaats,1,1
danki.com,2025,strategy + design + technology,Y,,0,0,"Grafisch ontwerp, drukwerk & print;Website & webdesign",3,2,,1,0,,0,0,,0,0,,0,0,Nederlandse stad of plaats,1,1
darcdesign.nl,2020,uw parttime marketing medewerker,N,,0,0,"Outcome-verkoop (leads, omzet, groei)",1,1,"Meer leads, aanvragen & verkoop",1,1,,1,0,,0,0,,0,0,,0,0
darcdesign.nl,2023,uw parttime marketing medewerker,N,,0,0,"Outcome-verkoop (leads, omzet, groei)",1,1,"Meer leads, aanvragen & verkoop",1,1,,1,0,,0,0,,0,0,,0,0
daylinq.nl,2016,Daylinq - Interactive Design Agency,N,,0,0,,0,0,,0,0,,0,0,,0,0,,0,0,,0,0
daylinq.nl,2020,Creatief reclamebureau voor effectieve communicatie,N,,0,0,Branding & huisstijl,1,1,,0,0,,0,0,,0,0,,0,0,,0,0
daylinq.nl,2023,Creatief reclamebureau voor effectieve communicatie,N,,0,0,Branding & huisstijl,1,1,,0,0,,0,0,,0,0,,0,0,,0,0
dbk.nl,2001,Deze domeinnaam wordt bemiddeld door de domeinenbank,N,,0,0,,0,0,,0,0,,0,0,,0,0,,0,0,,0,0
dbk.nl,2020,Wij ontwikkelen vette websites en apps voor bedrijven in korte tijd.,N,,0,0,Strategie & advies;Website & webdesign,3,2,,4,0,,0,0,,0,0,,0,0,,0,0
dbk.nl,2023,Wij ontwikkelen vette websites en apps voor bedrijven in korte tijd.,N,,0,0,Website & webdesign,2,1,Groei & nieuwe markten,3,1,,0,0,,0,0,,0,0,,0,0
dbk.nl,2025,Jouw partner voor online succes,Y,,0,0,"Apps & maatwerk platforms;Online marketing, performance & CRO;Website & webdesign",5,3,Beter vindbaar in Google;Groei & nieuwe markten,4,2,,0,0,,0,0,,0,0,,0,0
dd-h.com,2023,we help brands run faster we help brands feel better we help brands play louder,N,,0,0,Branding & huisstijl;Strategie & advies,5,2,,0,0,,0,0,,0,0,,0,0,Internationaal / wereldwijd,1,1
dd-h.com,2025,We help brands Run faster Feel better play louder,N,"Food, beverage & agriculture",1,1,"Grafisch ontwerp, drukwerk & print",3,1,,2,0,,0,0,,0,0,,0,0,,0,0
dd.agency,2021,An independent Creative Solutions Agency,N,,0,0,"Grafisch ontwerp, drukwerk & print;Strategie & advies",2,2,,1,0,,0,0,,0,0,,0,0,Nederlandse stad of plaats,1,1
dd.agency,2023,Creative Branding Agency,N,,0,0,Branding & huisstijl;Strategie & advies,3,2,"Klantbehoud & loyaliteit;Merk, huisstijl & verhaal",2,2,Multi-channel & omnichannel,1,1,,0,0,,0,0,,0,0
dd.agency,2025,Creative Branding Agency,N,,0,0,Strategie & advies,1,1,,0,0,,0,0,,0,0,,0,0,,0,0
de-reclamefabriek.nl,2009,Slim om erbij te hebben,Y,,0,0,"Campagnes & creatieve concepten;Grafisch ontwerp, drukwerk & print",2,2,,1,0,,0,0,,0,0,,0,0,,0,0
de-reclamefabriek.nl,2020,HAAL MEER UIT JE RECLAME-EURO MET DE RECLAMEFABRIEK,N,,0,0,,1,0,Advertenties & campagnes renderen niet,1,1,,0,0,,0,0,,0,0,,0,0
de-reclamefabriek.nl,2023,Wil je 24/7 zichtbaar zijn voor jouw klanten met effectieve communicatie die aansluit bij hun behoeften?,N,,0,0,,1,0,Naamsbekendheid & zichtbaarheid,2,1,,0,0,,0,0,,0,0,,0,0
de-reclamefabriek.nl,2025,Hét marketing productie powerhouse voor impactvolle communicatie.,Y,,0,0,"Campagnes & creatieve concepten;Content & copywriting;Online marketing, performance & CRO;Video, animatie & fotografie",4,4,"Meer leads, aanvragen & verkoop",2,1,,0,0,,0,0,,0,0,,0,0
dearivy.nl,2024,"Sterke merken, mooie dingen",N,,0,0,Strategie & advies,3,1,"Meer leads, aanvragen & verkoop;Merk, huisstijl & verhaal",2,2,,0,0,,0,0,,0,0,Nederlandse stad of plaats,1,1
dearivy.nl,2025,Een creatief marketingbureau uit Nijmegen .,N,,0,0,Strategie & advies,2,1,"Meer leads, aanvragen & verkoop",2,1,,0,0,,0,0,,0,0,Nederlandse stad of plaats,1,1
declubb.com,2023,TOGETHER WE GROW DIGITAL,N,,0,0,"Online adverteren (paid ads);Online marketing, performance & CRO;Social media content & beheer;Strategie & advies",5,4,Advertenties & campagnes renderen niet,1,1,,0,0,,0,0,,0,0,,0,0
declubb.com,2023,DE ONLINE MARKETING SPECIALIST,Y,"Software, IT & telecom",1,1,"Online marketing, performance & CRO;Outcome-verkoop (leads, omzet, groei);Strategie & advies",3,3,"Meer leads, aanvragen & verkoop",1,1,,0,0,Zakelijke afnemers (B2B),1,1,,0,0,,0,0
declubb.com,2025,JOUW MERK ONZE MISSIE.,Y,,0,0,Apps & maatwerk platforms;Branding & huisstijl;Campagnes & creatieve concepten,4,3,Groei & nieuwe markten;Naamsbekendheid & zichtbaarheid,2,2,,0,0,Zakelijke afnemers (B2B),1,1,,0,0,,0,0
degelijkdesign.nl,2020,Ontwerper en ontwikkelaar van communicatie en interactieve vormgeving vanuit Groningen,N,,0,0,"Branding & huisstijl;Grafisch ontwerp, drukwerk & print;Website & webdesign",4,3,Maatwerk software & efficiëntere processen;Naamsbekendheid & zichtbaarheid,2,2,,0,0,,0,0,,0,0,Regionaal (binnen Nederland),1,1
degelijkdesign.nl,2023,Ontwerpers en ontwikkelaars van communicatie- & interactieve vormgeving,N,,0,0,Branding & huisstijl;Website & webdesign,2,2,Beter vindbaar in Google;Naamsbekendheid & zichtbaarheid,2,2,,0,0,,0,0,,0,0,,0,0
degelijkdesign.nl,2025,Creatieve Communicatie & Interactieve Vormgeving,N,,0,0,"Branding & huisstijl;Campagnes & creatieve concepten;Grafisch ontwerp, drukwerk & print;Website & webdesign",5,4,,0,0,,0,0,,0,0,,0,0,,0,0
deindruk.nl,2020,Toekomst creëer je samen,N,,0,0,Strategie & advies,1,1,,0,0,,0,0,,0,0,,0,0,,0,0
deindruk.nl,2023,"Jouw merk steeds verder , beter , sterker , mooier",Y,,0,0,Website & webdesign,1,1,"Merk, huisstijl & verhaal",1,1,,0,0,,0,0,,0,0,Nederlandse stad of plaats,1,1
deindruk.nl,2025,"Jouw merk steeds verder , beter , sterker , mooier",Y,,0,0,Website & webdesign,1,1,"Merk, huisstijl & verhaal",1,1,,0,0,,0,0,,0,0,Nederlandse stad of plaats;Regionaal (binnen Nederland),2,2
delucro.nl,2023,"Online succes , Samen bereikt",Y,,0,0,"Branding & huisstijl;Grafisch ontwerp, drukwerk & print;Online marketing, performance & CRO;Webshop & e-commerce;Website & webdesign",6,5,"Beter vindbaar in Google;Groei & nieuwe markten;Meer leads, aanvragen & verkoop;Naamsbekendheid & zichtbaarheid",4,4,,0,0,,0,0,,0,0,,0,0
delucro.nl,2025,"Online succes , Samen bereikt",Y,,0,0,"Branding & huisstijl;Grafisch ontwerp, drukwerk & print;Online marketing, performance & CRO;Webshop & e-commerce;Website & webdesign",6,5,"Beter vindbaar in Google;Groei & nieuwe markten;Meer leads, aanvragen & verkoop;Naamsbekendheid & zichtbaarheid",4,4,,0,0,,0,0,,0,0,,0,0
demakersvanmooi.nl,2022,wij maken mooi!,Y,,0,0,"Grafisch ontwerp, drukwerk & print",2,1,,0,0,,0,0,,0,0,,0,0,,0,0
demakersvanmooi.nl,2024,wij maken mooi!,Y,,0,0,"Grafisch ontwerp, drukwerk & print",2,1,,0,0,,0,0,,0,0,,0,0,,0,0
demakersvanmooi.nl,2025,wij maken mooi!,Y,,0,0,"Grafisch ontwerp, drukwerk & print",2,1,,0,0,,0,0,,0,0,,0,0,,0,0
demarrage.nl,2023,Wie zijn wij….,Y,,0,0,Branding & huisstijl;SEO & vindbaarheid;Website & webdesign,5,3,Klantbehoud & loyaliteit,2,1,,0,0,,0,0,,0,0,,0,0
demarrage.nl,2025,Wie zijn wij….,Y,,0,0,Branding & huisstijl;SEO & vindbaarheid;Website & webdesign,5,3,Klantbehoud & loyaliteit,2,1,,0,0,,0,0,,0,0,,0,0
dentsu.com,2023,"Ein Netzwerk, das Zukunft gestaltet. Wir sind dentsu.",Y,,0,0,Content & copywriting;Strategie & advies,2,2,"Meer leads, aanvragen & verkoop",1,1,,0,0,,0,0,,0,0,,0,0
dentsu.com,2025,Merkityksellisen muutoksen tekijät Me olemme dentsu.,Y,,0,0,,2,0,Groei & nieuwe markten,1,1,,0,0,,0,0,,0,0,,0,0
dentsucreative.amsterdam,2023,"We are Dentsu Creative Amsterdam, formerly known as dentsuACHTUNG!",Y,,0,0,Apps & maatwerk platforms;Content & copywriting,2,2,,2,0,,0,0,,0,0,,0,0,,0,0
dentsucreative.amsterdam,2023,"We are Dentsu Creative Amsterdam, formerly known as dentsuACHTUNG!",Y,,0,0,Apps & maatwerk platforms;Content & copywriting,2,2,,2,0,,0,0,,0,0,,0,0,,0,0
dentsucreative.amsterdam,2025,Hi! We're Dentsu Creative Amsterdam.,N,,0,0,Branding & huisstijl,1,1,,1,0,,0,0,,0,0,,0,0,,0,0
deptagency.com,2020,Hello. we are Dept,Y,,0,0,"Apps & maatwerk platforms;Campagnes & creatieve concepten;Outcome-verkoop (leads, omzet, groei);Strategie & advies",5,4,,1,0,Marktplaatsen & feeds,1,1,,0,0,,0,0,,0,0
deptagency.com,2023,PREPARE TO PIONEER,Y,,0,0,"Content & copywriting;E-mailmarketing, automation & funnels;Online marketing, performance & CRO",5,3,Groei & nieuwe markten;Naamsbekendheid & zichtbaarheid,3,2,,0,0,,0,0,,0,0,,0,0
deptagency.com,2025,Fast. forward. Future.,N,,0,0,"Online marketing, performance & CRO;Strategie & advies",2,2,"Maatwerk software & efficiëntere processen;Meer leads, aanvragen & verkoop;Naamsbekendheid & zichtbaarheid",6,3,,0,0,,0,0,Startup / jong / groeiend,1,1,,0,0
deregiekamer.nl,2020,Sterk in jouw communicatie,Y,,0,0,Campagnes & creatieve concepten;Strategie & advies,3,2,,1,0,,0,0,,0,0,,0,0,,0,0
deregiekamer.nl,2023,Sterk in jouw communicatie,Y,,0,0,Campagnes & creatieve concepten;Strategie & advies,3,2,,1,0,,0,0,,0,0,,0,0,,0,0
deregiekamer.nl,2025,Sterk in jouw communicatie!,N,,0,0,,2,0,,3,0,,0,0,,0,0,,0,0,,0,0
designchefs.nl,2018,"Wij zijn Design Chefs, het recept voor uw online concept!",N,,0,0,Website & webdesign,1,1,,0,0,,0,0,,0,0,,0,0,,0,0
designchefs.nl,2020,Start your online journey to succes,N,,0,0,"Grafisch ontwerp, drukwerk & print;Website & webdesign",2,2,,2,0,,0,0,,0,0,,0,0,,0,0
designchefs.nl,2023,We create unique modern simple creative experiences for tomorrow's brands,N,,0,0,"Apps & maatwerk platforms;Branding & huisstijl;Online marketing, performance & CRO;SEO & vindbaarheid;Social media content & beheer;Webshop & e-commerce;Website & webdesign",10,7,,2,0,,0,0,,0,0,,0,0,,0,0
designchefs.nl,2025,We create unique modern simple creative experiences for tomorrow's brands,N,,0,0,"Apps & maatwerk platforms;Branding & huisstijl;Online marketing, performance & CRO;SEO & vindbaarheid;Social media content & beheer;Webshop & e-commerce;Website & webdesign",10,7,,2,0,,0,0,,0,0,,0,0,,0,0
designpro.nl,2001,Gespecialiseerd in webdesign en webhosting voor midden en kleinbedrijf.,N,,0,0,Website & webdesign,2,1,,0,0,,0,0,,0,0,MKB / middelgroot,1,1,,0,0
designpro.nl,2024,Wij realiseren jouw en zorgen dat jouw bedrijf gevonden wordt door de juiste doelgroep!,Y,,0,0,SEO & vindbaarheid;Website & webdesign,2,2,Beter vindbaar in Google;Groei & nieuwe markten,2,2,,0,0,,0,0,,0,0,,0,0
designpro.nl,2025,Wij realiseren jouw en zorgen dat jouw bedrijf gevonden wordt door de juiste doelgroep!,Y,,0,0,SEO & vindbaarheid;Website & webdesign,2,2,Beter vindbaar in Google;Groei & nieuwe markten,2,2,,0,0,,0,0,,0,0,,0,0
devife.com,2021,We make your ideas come to life,N,,0,0,Website & webdesign,2,1,,1,0,,0,0,,0,0,,0,0,,0,0
devife.com,2023,We make your ideas come to life,N,,0,0,Website & webdesign,2,1,,1,0,,0,0,,0,0,,0,0,,0,0
devife.com,2025,Wij maken uitzonderlijke websites voor creative organisaties,N,,3,0,"Apps & maatwerk platforms;E-mailmarketing, automation & funnels;SEO & vindbaarheid;Website & webdesign",5,4,"Merk, huisstijl & verhaal;Naamsbekendheid & zichtbaarheid",2,2,,0,0,,0,0,,0,0,,0,0
dickhoffdesign.com,2000,Dickhoff Design | information design,N,,0,0,"Grafisch ontwerp, drukwerk & print",1,1,,0,0,,0,0,,0,0,,0,0,,0,0
dickhoffdesign.com,2020,Dickhoff Design studio for creative solutions in Amsterdam,N,,0,0,"Branding & huisstijl;Campagnes & creatieve concepten;Grafisch ontwerp, drukwerk & print;Website & webdesign",5,4,,1,0,,0,0,,0,0,,0,0,Nederlandse stad of plaats,1,1
dickhoffdesign.com,2023,Grafisch ontwerpbureau Amsterdam,Y,"Media, culture & entertainment",1,1,"Branding & huisstijl;Grafisch ontwerp, drukwerk & print;Website & webdesign",5,3,,0,0,,0,0,,0,0,,0,0,Nederlandse stad of plaats,1,1
dickhoffdesign.com,2025,Grafisch ontwerp Amsterdam,Y,"Media, culture & entertainment",1,1,"Branding & huisstijl;Grafisch ontwerp, drukwerk & print;Website & webdesign",5,3,,0,0,,0,0,,0,0,,0,0,Nederlandse stad of plaats,1,1
diezign.nl,2020,Diezign | Digital Design & Grafische Vormgeving,Y,,0,0,"Grafisch ontwerp, drukwerk & print",2,1,,0,0,,0,0,,0,0,,0,0,Heel Nederland (landelijk),1,1
diezign.nl,2023,Diezign; het juiste adres voor het totaalpakket!,Y,,0,0,Branding & huisstijl,1,1,,0,0,,0,0,,0,0,,0,0,,0,0
diezign.nl,2025,Diezign; het juiste adres voor het totaalpakket!,Y,,0,0,Branding & huisstijl,1,1,,0,0,,0,0,,0,0,,0,0,,0,0
digibit.nl,2020,Het adres voor een professionele website!,Y,"Nonprofits, charities & associations",1,1,"Grafisch ontwerp, drukwerk & print;Website & webdesign",2,2,,0,0,,0,0,,0,0,,0,0,Regionaal (binnen Nederland),1,1
digibit.nl,2023,Het adres voor een professionele website!,Y,"Nonprofits, charities & associations",1,1,"Grafisch ontwerp, drukwerk & print;Social media content & beheer;Website & webdesign",4,3,,0,0,,0,0,,0,0,,0,0,Regionaal (binnen Nederland),1,1
digibit.nl,2025,Het adres voor een professionele website!,Y,"Nonprofits, charities & associations",1,1,"Grafisch ontwerp, drukwerk & print;Social media content & beheer;Website & webdesign",4,3,,0,0,,0,0,,0,0,,0,0,Regionaal (binnen Nederland),1,1
digidee.nl,2020,CREATING BRAND LOVE,N,,0,0,"Branding & huisstijl;Grafisch ontwerp, drukwerk & print;Strategie & advies",7,3,,0,0,,0,0,,0,0,,0,0,,0,0
digidee.nl,2023,CREATING BRAND LOVE,N,,0,0,"Branding & huisstijl;Grafisch ontwerp, drukwerk & print;Strategie & advies",7,3,,0,0,,0,0,,0,0,,0,0,,0,0
digidee.nl,2025,CREATING BRAND LOVE,N,,0,0,"Branding & huisstijl;Grafisch ontwerp, drukwerk & print;Strategie & advies",7,3,,0,0,,0,0,,0,0,,0,0,,0,0
digimedion.nl,2017,Video & Online Marketing Specialisten,Y,,0,0,"Video, animatie & fotografie;Website & webdesign",4,2,"Beter vindbaar in Google;Merk, huisstijl & verhaal",2,2,,0,0,,0,0,,0,0,,0,0
digimedion.nl,2020,Online Marketing Specialisten,Y,,0,0,"Online marketing, performance & CRO;Website & webdesign",3,2,Beter vindbaar in Google,1,1,,0,0,,0,0,,0,0,,0,0
digimedion.nl,2023,Dé one-stop-shop voor ondernemers,Y,,0,0,"Online marketing, performance & CRO;Website & webdesign",3,2,Groei & nieuwe markten,1,1,,0,0,,0,0,,1,0,Regionaal (binnen Nederland),1,1
digimedion.nl,2025,De online marketing partner voor ondernemers,Y,Healthcare & care,1,1,Website & webdesign,2,1,Groei & nieuwe markten,1,1,,0,0,,0,0,,1,0,,0,0
diginauts.co,2021,Tell your story without limits,N,,0,0,"Online marketing, performance & CRO;Video, animatie & fotografie;Website & webdesign",3,3,Advertenties & campagnes renderen niet;Content & creatieve productie,3,2,Multi-channel & omnichannel,1,1,,0,0,,0,0,,0,0
diginauts.co,2025,Tell Your Story Without Limits,N,,0,0,"Grafisch ontwerp, drukwerk & print",1,1,"Merk, huisstijl & verhaal",1,1,,0,0,,0,0,,0,0,,0,0
digishock.com,2003,,N,,0,0,,0,0,,0,0,,0,0,,0,0,,0,0,,0,0
digishock.com,2020,JIJ BENT DE EXPERT. WIJ LATEN DAT ZIEN. WELKOM BIJ DIGISHOCK STUDIOS.,Y,,0,0,Webshop & e-commerce;Website & webdesign,4,2,Website verouderd of nieuw nodig,1,1,,0,0,,0,0,,0,0,,0,0
digishock.com,2023,Impact lives and Get the job done,N,"Software, IT & telecom",1,1,Apps & maatwerk platforms;Website & webdesign,6,2,Groei & nieuwe markten,3,1,,0,0,,0,0,,0,0,Heel Nederland (landelijk),1,1
digishock.com,2025,Transformeer jouw bedrijf in een succesformule,Y,,0,0,Online adverteren (paid ads);SEO & vindbaarheid;Website & webdesign,6,3,"Groei & nieuwe markten;Meer leads, aanvragen & verkoop",3,2,,0,0,,0,0,,0,0,,0,0
digitaaldoen.nl,2012,,N,,0,0,"Online marketing, performance & CRO;Website & webdesign",3,2,,0,0,,0,0,,0,0,,0,0,,0,0
digitaaldoen.nl,2020,Websites & marketing funnels voor ondernemers die willen groeien,N,,0,0,"E-mailmarketing, automation & funnels;Grafisch ontwerp, drukwerk & print;Website & webdesign",5,3,"Meer leads, aanvragen & verkoop;Website verouderd of nieuw nodig",2,2,,0,0,,0,0,MKB / middelgroot,1,1,,0,0
digitaaldoen.nl,2023,Succesvol adverteren met funnels,N,Business & professional services,3,1,"E-mailmarketing, automation & funnels;Online adverteren (paid ads);Video, animatie & fotografie;Website & webdesign",6,4,"Meer leads, aanvragen & verkoop",2,1,,0,0,,0,0,,0,0,,0,0
digitaaldoen.nl,2025,Online marketing voor ambiteuze ondernemers,N,Business & professional services,1,1,"Campagnes & creatieve concepten;E-mailmarketing, automation & funnels;Strategie & advies",4,3,"Meer leads, aanvragen & verkoop",2,1,,0,0,,0,0,,0,0,,0,0
digitalguys.nl,2020,Laat uw bedrijf online opvallen!,N,,0,0,"Online marketing, performance & CRO;SEO & vindbaarheid;Website & webdesign",3,3,"Beter vindbaar in Google;Meer leads, aanvragen & verkoop",2,2,,0,0,,0,0,,0,0,,0,0
digitalguys.nl,2024,"Experts in SEO, SEA & Webdesign",N,,0,0,"Outcome-verkoop (leads, omzet, groei);SEO & vindbaarheid;Webshop & e-commerce;Website & webdesign",5,4,"Meer leads, aanvragen & verkoop",2,1,Multi-channel & omnichannel,1,1,,0,0,,0,0,,0,0
digitalguys.nl,2025,Wij bouwen websites die leads genereren,N,,0,0,"Outcome-verkoop (leads, omzet, groei);Website & webdesign",3,2,"Meer leads, aanvragen & verkoop",2,1,,0,0,,0,0,,0,0,,0,0
digitalinside.nl,2018,Verrassend digital marketing bureau,Y,,0,0,"Online marketing, performance & CRO;SEO & vindbaarheid",2,2,Groei & nieuwe markten,2,1,,0,0,,0,0,,0,0,Nederlandse stad of plaats,1,1
digitalinside.nl,2020,In 5 stappen naar online groei,Y,,0,0,"Online marketing, performance & CRO",2,1,Groei & nieuwe markten,1,1,,0,0,,0,0,,0,0,Nederlandse stad of plaats,1,1
digitalinside.nl,2023,We rock your digital marketing,Y,,0,0,"Online marketing, performance & CRO;Strategie & advies",2,2,,1,0,,0,0,,0,0,Startup / jong / groeiend,1,1,Nederlandse stad of plaats,1,1
digitalinside.nl,2025,We Rock your digital marketing!,N,,0,0,Strategie & advies,2,1,Groei & nieuwe markten,2,1,,0,0,,0,0,Startup / jong / groeiend,1,1,Nederlandse stad of plaats,1,1
digitalnatives.nl,2013,We are digital natives.,N,,0,0,"Outcome-verkoop (leads, omzet, groei)",1,1,Groei & nieuwe markten,1,1,,0,0,,0,0,,0,0,,0,0
digitalnatives.nl,2020,Platforms for change,N,,0,0,Apps & maatwerk platforms,2,1,Groei & nieuwe markten,2,1,,0,0,,0,0,,0,0,,0,0
digitalnatives.nl,2023,Digital Agency for Impact,N,,0,0,Website & webdesign,1,1,Groei & nieuwe markten,1,1,,0,0,,0,0,,0,0,,0,0
digitalnatives.nl,2025,Agency voor digitale impact,Y,,0,0,Apps & maatwerk platforms;Strategie & advies,2,2,Maatwerk software & efficiëntere processen,1,1,,0,0,,0,0,,0,0,,0,0
digitalness.nl,2021,Online marketing partner gericht op resultaat,Y,,0,0,"Apps & maatwerk platforms;Online marketing, performance & CRO;Strategie & advies;Website & webdesign",4,4,Beter vindbaar in Google;Maatwerk software & efficiëntere processen,3,2,,0,0,,0,0,Startup / jong / groeiend,1,1,,0,0
digitalness.nl,2023,,N,,0,0,,0,0,,0,0,,0,0,,0,0,,0,0,,0,0
digitalness.nl,2025,Online marketing bureau met bewezen strategie & trackrecord,Y,,0,0,"Online marketing, performance & CRO;Strategie & advies;Website & webdesign",4,3,"Meer leads, aanvragen & verkoop",2,1,,0,0,,0,0,,0,0,,0,0
dmarc.nl,2004,DMARC - Design MArketing Reclame Communicatie,N,,0,0,"Grafisch ontwerp, drukwerk & print",1,1,,0,0,,0,0,,0,0,,0,0,,0,0
dmarc.nl,2020,Niet uitgesplitst in online en offline maar toegespitst op wat onze klanten nodig hebben,Y,,0,0,,2,0,,0,0,,0,0,,0,0,,0,0,,0,0
dmarc.nl,2023,Niet uitgesplitst in online en offline maar toegespitst op wat onze klanten nodig hebben,Y,,0,0,,2,0,,0,0,,0,0,,0,0,,0,0,,0,0
dmarc.nl,2025,Welkom bij een reclamebureau,Y,"Construction, real estate & housing;Hospitality, tourism, sports & recreation",3,2,"Branding & huisstijl;Grafisch ontwerp, drukwerk & print;Strategie & advies;Video, animatie & fotografie",7,4,,2,0,,0,0,,0,0,,0,0,,0,0
doelgroepbereikt.nl,2019,Meer klanten halen uit marketing?,Y,,0,0,Strategie & advies,1,1,"Meer leads, aanvragen & verkoop;Naamsbekendheid & zichtbaarheid",4,2,,0,0,,0,0,MKB / middelgroot,1,1,,0,0
doelgroepbereikt.nl,2020,Meer klanten uit Social media halen?,Y,,0,0,Online adverteren (paid ads);Social media content & beheer;Website & webdesign,5,3,"Meer leads, aanvragen & verkoop;Naamsbekendheid & zichtbaarheid",4,2,Social media organisch,1,1,,0,0,,0,0,,0,0
doelgroepbereikt.nl,2023,Social media marketing bureau,N,,0,0,Content & copywriting;Social media content & beheer;Strategie & advies,5,3,Naamsbekendheid & zichtbaarheid,3,1,Social media organisch,2,1,SaaS & software,1,1,MKB / middelgroot,1,1,,0,0
doelgroepbereikt.nl,2025,Full-service LinkedIn marketing bureau voor bedrijven,Y,,0,0,Strategie & advies,2,1,Groei & nieuwe markten,1,1,Social media organisch,1,1,Zakelijke afnemers (B2B),1,1,,0,0,,0,0
doenwijwel.nl,2017,DoenWijWel | Communicatie,N,,0,0,,0,0,,0,0,,0,0,,0,0,,0,0,,0,0
doenwijwel.nl,2020,Marketing en communicatie bureau | Groningen | Resultaat gedreven!,Y,,0,0,"Online marketing, performance & CRO",4,1,"Meer leads, aanvragen & verkoop",2,1,,0,0,,0,0,,0,0,Regionaal (binnen Nederland),1,1
doenwijwel.nl,2023,Klantcontactcentrum en marketingbureau | Groningen | Resultaat gedreven,Y,"Transport, logistics & automotive",2,1,"Online marketing, performance & CRO",2,1,"Meer leads, aanvragen & verkoop",2,1,,0,0,,0,0,,0,0,Regionaal (binnen Nederland),1,1
doenwijwel.nl,2025,Doen Wij Wel | Marketing en communicatie Groningen | Marketing en communicatie bureau Groningen,Y,"Transport, logistics & automotive",2,1,"Online marketing, performance & CRO",2,1,"Meer leads, aanvragen & verkoop",2,1,,0,0,,0,0,,0,0,Regionaal (binnen Nederland),1,1
dominomedia.nl,2008,,Y,,0,0,"Grafisch ontwerp, drukwerk & print",1,1,,0,0,,0,0,,0,0,,0,0,Nederlandse stad of plaats,1,1
dominomedia.nl,2020,Werken aan imago én aan verkoop,N,,0,0,Campagnes & creatieve concepten;Strategie & advies,2,2,"Meer leads, aanvragen & verkoop",2,1,,0,0,,0,0,,0,0,Nederlandse stad of plaats;Regionaal (binnen Nederland),3,2
dominomedia.nl,2023,Reclame maken en meer verkopen! LAAT JOUW BEDRIJF GROEIEN MET SUCCESVOLLE ADVERTENTIES!,Y,,0,0,"Campagnes & creatieve concepten;Grafisch ontwerp, drukwerk & print;Strategie & advies",3,3,Advertenties & campagnes renderen niet;Groei & nieuwe markten,3,2,,0,0,,0,0,,0,0,,0,0
dominomedia.nl,2025,Doeltreffend Marketing Design Val op en maak impact met uw merk,Y,,0,0,Social media content & beheer;Strategie & advies;Website & webdesign,3,3,"Groei & nieuwe markten;Merk, huisstijl & verhaal;Website verouderd of nieuw nodig",3,3,,0,0,,0,0,,0,0,,0,0
dotverbindt.nl,2023,"Dot· helpt klanten vinden en binden, netwerk uitbreiden en communities bouwen",Y,Government & public sector,1,1,"Grafisch ontwerp, drukwerk & print;Online marketing, performance & CRO",3,2,"Meer leads, aanvragen & verkoop",1,1,,0,0,Gemengd,1,1,,0,0,Regionaal (binnen Nederland),1,1
dotverbindt.nl,2023,"Dot· helpt klanten vinden en binden, netwerk uitbreiden en communities bouwen",Y,Government & public sector,1,1,"Grafisch ontwerp, drukwerk & print;Online marketing, performance & CRO",3,2,"Meer leads, aanvragen & verkoop",1,1,,0,0,Gemengd,1,1,,0,0,Regionaal (binnen Nederland),1,1
dotverbindt.nl,2025,"Dot· helpt klanten vinden en binden, netwerk uitbreiden en communities bouwen",Y,Government & public sector,1,1,"Grafisch ontwerp, drukwerk & print;Online marketing, performance & CRO",3,2,"Meer leads, aanvragen & verkoop",1,1,,0,0,Gemengd,1,1,,0,0,Regionaal (binnen Nederland),1,1
driebit.nl,2002,"DRIEBIT, geavanceerde internet- en netwerk applicaties | advanced internet- and network applications | Amsterdam, Netherlands",N,,0,0,Apps & maatwerk platforms,2,1,,0,0,,0,0,,0,0,,0,0,,0,0
driebit.nl,2020,"Creatief digitaal bureau Driebit, platformen, websites en tools die wereld mooier maken.",N,Government & public sector,1,1,Apps & maatwerk platforms,1,1,,0,0,,0,0,,0,0,,0,0,,0,0
driebit.nl,2023,"Creatief digitaal bureau Driebit, platformen, websites en tools die wereld mooier maken.",N,Government & public sector,1,1,Apps & maatwerk platforms,1,1,,0,0,,0,0,,0,0,,0,0,,0,0
driebit.nl,2025,Online platformen & digitale tools die de wereld mooier maken,N,,0,0,Apps & maatwerk platforms;Website & webdesign,4,2,,0,0,Website & CMS,1,1,,0,0,,0,0,,0,0
drievis.nl,2003,"Drievis, Partners in Marketing & Communicatie",Y,,0,0,"Online marketing, performance & CRO;Strategie & advies;Website & webdesign",4,3,,4,0,,0,0,,0,0,,0,0,,0,0
drievis.nl,2020,Zin in avontuur voor je marketing & communicatie? Kies Drievis.,Y,,0,0,"Branding & huisstijl;Video, animatie & fotografie",3,2,,2,0,,0,0,,0,0,,0,0,,0,0
drievis.nl,2023,Zin in avontuur voor je marketing & communicatie? Kies Drievis.,Y,,0,0,"Branding & huisstijl;Video, animatie & fotografie",3,2,,2,0,,0,0,,0,0,,0,0,,0,0
drievis.nl,2024,Zin in avontuur voor je marketing & communicatie? Kies Drievis.,Y,,0,0,"Branding & huisstijl;Video, animatie & fotografie",3,2,,2,0,,0,0,,0,0,,0,0,,0,0
dubbel9.nl,2012,dubbel9 - webontwikkeling & presentaties,Y,,0,0,Campagnes & creatieve concepten;Content & copywriting,3,2,Content & creatieve productie,1,1,,0,0,,0,0,,0,0,,0,0
dubbel9.nl,2020,dubbel9 - Wordpress/Magento webshops & maatwerk applicaties/koppelingen,N,,0,0,Apps & maatwerk platforms;Website & webdesign,2,2,,0,0,Website & CMS,1,1,,0,0,,0,0,,0,0
dubbel9.nl,2024,Op zoek naar een digital agency in Eindhoven of Den Bosch?,N,,0,0,Apps & maatwerk platforms;Website & webdesign,4,2,,0,0,Website & CMS,2,1,,0,0,,0,0,Regionaal (binnen Nederland),2,1
dubbel9.nl,2025,Snel.Veilig.SEO-proof. Websites die presteren.,N,,0,0,Website & webdesign,4,1,"Beter vindbaar in Google;Meer leads, aanvragen & verkoop",4,2,Website & CMS,2,1,,0,0,Startup / jong / groeiend,2,1,,0,0
dunepebbler.nl,2016,Your brand / Our priority,Y,,0,0,"Online marketing, performance & CRO",3,1,,2,0,,0,0,,0,0,,0,0,,0,0
dunepebbler.nl,2020,Together we bring happiness to your brand,Y,,0,0,Branding & huisstijl;Strategie & advies,3,2,"Merk, huisstijl & verhaal",2,1,,0,0,,0,0,,0,0,,0,0
dunepebbler.nl,2023,Together we bring happiness to your brand,N,,0,0,Branding & huisstijl;SEO & vindbaarheid;Strategie & advies;Website & webdesign,6,4,"Klantbehoud & loyaliteit;Merk, huisstijl & verhaal",2,2,,0,0,,0,0,,0,0,Internationaal / wereldwijd;Regionaal (binnen Nederland),2,2
dunepebbler.nl,2025,Together we bring happiness to your brand,N,,0,0,Branding & huisstijl;SEO & vindbaarheid;Strategie & advies;Website & webdesign,6,4,"Klantbehoud & loyaliteit;Merk, huisstijl & verhaal",2,2,,0,0,,0,0,,0,0,Internationaal / wereldwijd;Regionaal (binnen Nederland),2,2
dutchblue.nl,2020,Dutch Blue - Online Marketingbureau Dordrecht en Noordwijk,N,,0,0,"Online marketing, performance & CRO;SEO & vindbaarheid;Website & webdesign",3,3,"Meer leads, aanvragen & verkoop",1,1,,0,0,,0,0,,0,0,Regionaal (binnen Nederland),1,1
dutchblue.nl,2023,Dutch Blue - Online Marketingbureau Dordrecht en Noordwijk,N,,0,0,"Online marketing, performance & CRO;SEO & vindbaarheid;Website & webdesign",3,3,"Meer leads, aanvragen & verkoop",1,1,,0,0,,0,0,,0,0,Regionaal (binnen Nederland),1,1
dutchblue.nl,2025,Dutch Blue - Online Marketingbureau Dordrecht en Noordwijk,N,,0,0,"Online marketing, performance & CRO;SEO & vindbaarheid;Website & webdesign",3,3,"Meer leads, aanvragen & verkoop",1,1,,0,0,,0,0,,0,0,Regionaal (binnen Nederland),1,1
dutchbros.nl,2016,,N,,0,0,,0,0,,0,0,,0,0,,0,0,,0,0,,0,0
dutchbros.nl,2020,"GROWTH HACKING MAAR DAN SIMPEL. Doe maar normaal, dat werkt ook.",N,,0,0,"Campagnes & creatieve concepten;Outcome-verkoop (leads, omzet, groei);Website & webdesign",4,3,"Meer leads, aanvragen & verkoop",3,1,,0,0,Webshop B2B,1,1,,0,0,Heel Nederland (landelijk),1,1
dutchbros.nl,2023,"GROWTH HACKING MAAR DAN SIMPEL. Doe maar normaal, dat werkt ook.",N,,0,0,"Campagnes & creatieve concepten;Outcome-verkoop (leads, omzet, groei);Website & webdesign",4,3,"Meer leads, aanvragen & verkoop",3,1,,0,0,Webshop B2B,1,1,,0,0,Heel Nederland (landelijk),1,1
dutchbros.nl,2025,Wij creeren geweldige digitale producten,Y,,0,0,"Content & copywriting;Online marketing, performance & CRO;Strategie & advies;Website & webdesign",4,4,"Meer leads, aanvragen & verkoop;Merk, huisstijl & verhaal",3,2,,0,0,,0,0,,0,0,,0,0
dutchwebdesign.nl,2020,Wij zijn creatieve webbouwers,Y,,0,0,"Online marketing, performance & CRO;Webshop & e-commerce;Website & webdesign",5,3,,1,0,,0,0,,0,0,,0,0,Regionaal (binnen Nederland),1,1
dutchwebdesign.nl,2023,16 jaar aan de top van e-commerce & webdesign,Y,,0,0,"Grafisch ontwerp, drukwerk & print;Strategie & advies;Website & webdesign",5,3,Groei & nieuwe markten,1,1,,0,0,,0,0,,0,0,,0,0
dutchwebdesign.nl,2025,Als full service digital agency versnellen we jouw digitale groei,Y,,0,0,Apps & maatwerk platforms;SEO & vindbaarheid;Strategie & advies;Webshop & e-commerce,4,4,Groei & nieuwe markten;Maatwerk software & efficiëntere processen,2,2,Multi-channel & omnichannel,1,1,,0,0,,0,0,,0,0
dwzo.nl,2015,De toegevoegde waarde van communicatie,N,,0,0,"Branding & huisstijl;Campagnes & creatieve concepten;Grafisch ontwerp, drukwerk & print;Video, animatie & fotografie;Website & webdesign",10,5,,1,0,,0,0,,0,0,,0,0,,0,0
dwzo.nl,2020,Van beleid naar realiteit Van woord naar beeld,N,,0,0,Strategie & advies,2,1,Bewustwording & gedragsverandering,2,1,,0,0,,0,0,,0,0,,0,0
dwzo.nl,2023,Geef kleur aan transitie,N,Government & public sector;Healthcare & care,2,2,,1,0,,0,0,,0,0,,0,0,,0,0,,0,0
dwzo.nl,2025,Raak je doelgroep recht in het hart!,N,Healthcare & care,1,1,Content & copywriting,3,1,Content & creatieve productie,2,1,,0,0,,0,0,,0,0,,0,0
echeloncreations.nl,2012,Home van het reclamebureau uit putten - echeloncreations.nl,N,,0,0,,0,0,,0,0,,0,0,,0,0,,0,0,Nederlandse stad of plaats,1,1
echeloncreations.nl,2020,GET PROMOTED AND LIFT OFF,Y,,0,0,"Branding & huisstijl;Grafisch ontwerp, drukwerk & print;Social media content & beheer;Website & webdesign",6,4,,1,0,,0,0,,0,0,MKB / middelgroot,1,1,Nederlandse stad of plaats,1,1
echeloncreations.nl,2023,GET PROMOTED AND LIFT OFF,Y,,0,0,"Branding & huisstijl;Grafisch ontwerp, drukwerk & print;Social media content & beheer;Website & webdesign",6,4,,1,0,,0,0,,0,0,MKB / middelgroot,1,1,Nederlandse stad of plaats,1,1
echeloncreations.nl,2025,GET PROMOTED AND LIFT OFF,Y,,0,0,"Branding & huisstijl;Grafisch ontwerp, drukwerk & print;Social media content & beheer;Website & webdesign",6,4,,1,0,,0,0,,0,0,MKB / middelgroot,1,1,Nederlandse stad of plaats,2,1
edenfrost.com,2020,Welcome to EdenFrost. Make every word count.,N,,0,0,Content & copywriting,3,1,,2,0,,0,0,,0,0,,0,0,,0,0
edenfrost.com,2023,Nice to meet you. We are EdenFrost.,Y,,0,0,Content & copywriting;Strategie & advies,3,2,,1,0,,0,0,,0,0,,0,0,,0,0
edenfrost.com,2025,Nice to meet you. We are EdenFrost.,N,,0,0,Content & copywriting,1,1,,1,0,,0,0,,0,0,,0,0,,0,0
eenvoud.nl,2020,Eenvoud | Digital Agency | App development & More,Y,,0,0,Apps & maatwerk platforms;Website & webdesign,5,2,Maatwerk software & efficiëntere processen,4,1,,0,0,,0,0,,0,0,,0,0
eenvoud.nl,2023,Wij zijn Eenvoud,Y,,0,0,Apps & maatwerk platforms;Strategie & advies;Website & webdesign,7,3,Maatwerk software & efficiëntere processen,2,1,,0,0,,0,0,,0,0,,0,0
eenvoud.nl,2025,Wij zijn Eenvoud,Y,,0,0,Apps & maatwerk platforms;Strategie & advies;Website & webdesign,8,3,Maatwerk software & efficiëntere processen,3,1,,0,0,,0,0,,0,0,,0,0
eigenz.nl,2014,"Eigenzinnig, uitnodigend",N,,0,0,Strategie & advies,3,1,,1,0,,0,0,,0,0,,0,0,,0,0
eigenz.nl,2020,"WIJ ZIJN EIGENZ, EEN FULL SERVICE RECLAMEBUREAU",Y,,0,0,,2,0,,0,0,,0,0,,0,0,,0,0,Nederlandse stad of plaats,1,1
eigenz.nl,2023,Ontwerpburo voor eigenzinnig design met een groen en sociaal gezicht,Y,,0,0,"Grafisch ontwerp, drukwerk & print;Video, animatie & fotografie",3,2,,1,0,,0,0,,0,0,,0,0,,0,0
elephantdesign.nl,2015,"Elephant Design | Web design, logo ontwerp & online marketing",N,,0,0,"Grafisch ontwerp, drukwerk & print;Online marketing, performance & CRO;Website & webdesign",4,3,"Meer leads, aanvragen & verkoop",1,1,,0,0,,0,0,,0,0,Nederlandse stad of plaats,1,1
elephantdesign.nl,2020,GRAFISCH ONTWERPBUREAU & WEBDESIGN BUREAU,Y,,0,0,"Grafisch ontwerp, drukwerk & print;Online marketing, performance & CRO;Website & webdesign",5,3,"Beter vindbaar in Google;Meer leads, aanvragen & verkoop",2,2,,0,0,,0,0,,0,0,Nederlandse stad of plaats,1,1
elevendigital.nl,2017,Scale up. Online.,N,,0,0,"Online adverteren (paid ads);Online marketing, performance & CRO",3,2,,1,0,"SEA, display & overige paid advertising",1,1,,0,0,,0,0,,0,0
elevendigital.nl,2020,Slim online adverteren,Y,,0,0,"Campagnes & creatieve concepten;Online adverteren (paid ads);Video, animatie & fotografie",6,3,Groei & nieuwe markten,2,1,,0,0,,0,0,,0,0,Regionaal (binnen Nederland),1,1
elevendigital.nl,2024,Display advertising bureau | Groter bereik met Eleven Digital,N,,0,0,Online adverteren (paid ads),3,1,"Meer leads, aanvragen & verkoop",1,1,"SEA, display & overige paid advertising",3,1,,0,0,MKB / middelgroot,2,1,Regionaal (binnen Nederland),1,1
elevendigital.nl,2025,Display advertising bureau | Groter bereik met Eleven Digital,N,,0,0,Online adverteren (paid ads),3,1,"Meer leads, aanvragen & verkoop",1,1,"SEA, display & overige paid advertising",3,1,,0,0,MKB / middelgroot,2,1,Regionaal (binnen Nederland),1,1
elstarcommunicatie.nl,2016,De website van Elstar communicatie is in ontwikkeling,Y,,0,0,"Campagnes & creatieve concepten;E-mailmarketing, automation & funnels;Online marketing, performance & CRO",4,3,"Meer leads, aanvragen & verkoop",2,1,,0,0,,0,0,,0,0,,0,0
elstarcommunicatie.nl,2023,Domain registered - elstarcommunicatie.nl,N,,0,0,,0,0,,0,0,,0,0,,0,0,,0,0,,0,0
elstarcommunicatie.nl,2025,"Communicatie die klopt, raakt en werkt.",Y,,0,0,Branding & huisstijl;Campagnes & creatieve concepten;Content & copywriting,6,3,Bewustwording & gedragsverandering,4,1,,0,0,,0,0,,0,0,,0,0
epic.nl,2020,CREATIVE PARTNER,N,,0,0,Campagnes & creatieve concepten;Strategie & advies,2,2,,1,0,,0,0,,0,0,,0,0,Nederlandse stad of plaats,1,1
epic.nl,2023,Tijd voor een creatieve impuls?,N,,0,0,Campagnes & creatieve concepten;Strategie & advies,2,2,,1,0,,0,0,,0,0,,0,0,Nederlandse stad of plaats,1,1
epic.nl,2025,EPIC • Creatieve marketingstrategieën en -campagnes Amsterdam,N,,0,0,Campagnes & creatieve concepten,1,1,,1,0,,0,0,,0,0,,0,0,Nederlandse stad of plaats,1,1
exitable.nl,2008,Exitable - Strategisch Interactief,N,,0,0,,0,0,,0,0,,0,0,,0,0,,0,0,,0,0
exitable.nl,2020,Welkom bij Exitable,N,,0,0,,0,0,,1,0,,0,0,,0,0,,0,0,,0,0
exitable.nl,2023,Wij helpen onze klanten met digitale groei.,N,,0,0,,0,0,Groei & nieuwe markten;Maatwerk software & efficiëntere processen,3,2,,0,0,,0,0,,0,0,,0,0
exitable.nl,2025,Het digitale hart van impactmakers,N,,1,0,"Apps & maatwerk platforms;Online marketing, performance & CRO;Strategie & advies",3,3,,2,0,,0,0,,0,0,,0,0,,0,0
exsitemedia.nl,2019,Exsite media verzorgt jouw online marketing,Y,,0,0,"Content & copywriting;Online marketing, performance & CRO;Outcome-verkoop (leads, omzet, groei);Social media content & beheer;Video, animatie & fotografie;Website & webdesign",8,6,"Meer leads, aanvragen & verkoop",2,1,,0,0,,0,0,,0,0,Nederlandse stad of plaats,1,1
exsitemedia.nl,2020,Jouw online marketing bureau in Amsterdam,Y,,0,0,Website & webdesign,3,1,"Groei & nieuwe markten;Meer leads, aanvragen & verkoop",2,2,,0,0,,0,0,,0,0,Nederlandse stad of plaats,1,1
exsitemedia.nl,2023,Waar strategie en creativiteit elkaar ontmoeten,Y,,0,0,Campagnes & creatieve concepten;Strategie & advies,3,2,"Beter vindbaar in Google;Meer leads, aanvragen & verkoop;Website verouderd of nieuw nodig",5,3,,0,0,,0,0,,0,0,,0,0
exsitemedia.nl,2025,Één plek voor jouw marketing designs websites socials,Y,,0,0,"Campagnes & creatieve concepten;Grafisch ontwerp, drukwerk & print;Online adverteren (paid ads);Strategie & advies;Website & webdesign",7,5,,3,0,Multi-channel & omnichannel,1,1,,0,0,,0,0,Nederlandse stad of plaats,1,1
eye-c.nl,2003,WWW.EYE-C.NL voor al uw zichtbare reclame.,Y,,0,0,"Video, animatie & fotografie",1,1,,0,0,,0,0,,0,0,,0,0,,0,0
eye-c.nl,2020,MEER OMZET ONLINE,Y,,0,0,"Online marketing, performance & CRO;Website & webdesign",2,2,"Beter vindbaar in Google;Meer leads, aanvragen & verkoop",4,2,,0,0,,0,0,,0,0,Nederlandse stad of plaats,1,1
eye-c.nl,2023,Hét online marketingbureau in Den Haag blijft groeien!,N,,0,0,Strategie & advies;Website & webdesign,2,2,"Groei & nieuwe markten;Meer leads, aanvragen & verkoop;Webshop & online verkoop",3,3,,0,0,,0,0,,0,0,Nederlandse stad of plaats,2,1
eye-c.nl,2025,Hét online marketingbureau in Den Haag blijft groeien!,N,,0,0,Strategie & advies;Website & webdesign,2,2,"Groei & nieuwe markten;Meer leads, aanvragen & verkoop;Webshop & online verkoop",3,3,,0,0,,0,0,,0,0,Nederlandse stad of plaats,2,1
faktor22.nl,2013,Faktor 22 is uw fullservice mediabureau.,Y,,0,0,"Grafisch ontwerp, drukwerk & print",2,1,,2,0,,0,0,,0,0,,0,0,,0,0
faktor22.nl,2020,"De innovatieve kracht van design, techniek en online marketing",N,,0,0,Branding & huisstijl;Website & webdesign,4,2,Groei & nieuwe markten;Klantbehoud & loyaliteit,2,2,Website & CMS,1,1,,0,0,MKB / middelgroot,1,1,Nederlandse stad of plaats,2,1
faktor22.nl,2023,"Wij doen Websites, Webapplicaties en Branding.",Y,,0,0,Apps & maatwerk platforms;Branding & huisstijl;Website & webdesign,4,3,,0,0,,0,0,,0,0,,0,0,,0,0
faktor22.nl,2025,"Wij doen Websites, Webapplicaties en Branding.",Y,,0,0,Apps & maatwerk platforms;Branding & huisstijl;Website & webdesign,4,3,,0,0,,0,0,,0,0,,0,0,,0,0
fanwork.nl,2007,Welkom bij FanWork!,Y,,0,0,,2,0,"Leden, leerlingen & donateurs werven",1,1,,0,0,,0,0,,0,0,,0,0
fanwork.nl,2023,FanWork | Druktemakers!,N,,0,0,,0,0,,0,0,,0,0,,0,0,,0,0,,0,0
fanwork.nl,2025,FanWork | Druktemakers!,N,,0,0,,0,0,,0,0,,0,0,,0,0,,0,0,,0,0
fffunction.studio,2020,We are a new strategic design studio passionate about making meaningful communications for ambitious companies.,N,,0,0,"Grafisch ontwerp, drukwerk & print",1,1,,0,0,,0,0,,0,0,,0,0,,0,0
fffunction.studio,2023,Crafting brands that work for people and businesses.,N,,0,0,Strategie & advies,2,1,,0,0,,0,0,,0,0,,0,0,,0,0
fffunction.studio,2025,Branding that cuts through the noise.,N,,0,0,"Branding & huisstijl;Grafisch ontwerp, drukwerk & print;Strategie & advies",3,3,,0,0,,0,0,,0,0,,0,0,,0,0
fideo.nl,2020,"Wij helpen je om geweldige resultaten te behalen, met video marketing",N,,0,0,"Video, animatie & fotografie",5,1,Content & creatieve productie,1,1,,0,0,,0,0,,0,0,,0,0
fideo.nl,2023,"Video marketing bureau, Fideo Zwolle",N,,0,0,"Video, animatie & fotografie",6,1,Content & creatieve productie,1,1,,0,0,,0,0,,0,0,,0,0
fideo.nl,2025,"Video marketing bureau, Fideo Zwolle",N,,0,0,"Video, animatie & fotografie",6,1,Content & creatieve productie,1,1,,0,0,,0,0,,0,0,,0,0
findfactory.nl,2020,We are your Digital Performance Agency,Y,,0,0,Strategie & advies,1,1,,1,0,,0,0,,0,0,,0,0,,0,0
findfactory.nl,2023,FindFactory Creative Performance Agency | Goed gevonden.,Y,,0,0,Apps & maatwerk platforms;Strategie & advies,3,2,Naamsbekendheid & zichtbaarheid,1,1,,0,0,,0,0,,0,0,,0,0
findfactory.nl,2025,Jouw partner in digitale consultancy & performance,Y,,0,0,Strategie & advies,2,1,"Merk, huisstijl & verhaal",2,1,,0,0,,0,0,,0,0,,0,0
firmedia.com,2002,Ihr Partner im Internet,N,,0,0,Website & webdesign,1,1,Website verouderd of nieuw nodig,1,1,,0,0,,0,0,,0,0,,0,0
firmedia.com,2020,"Webdesign, Apps, Hosting, SOFORT-Gutschein",N,,0,0,Website & webdesign,2,1,,0,0,,0,0,,0,0,,0,0,,0,0
firmedia.com,2023,GEFUNDEN!,Y,,0,0,Apps & maatwerk platforms;Website & webdesign,2,2,,0,0,,0,0,,0,0,,0,0,Specifiek buitenland,1,1
firmedia.com,2025,25 Jahre FIRMEDIA® - Webservice Willingen,Y,,0,0,Apps & maatwerk platforms;Website & webdesign,2,2,,0,0,,0,0,,0,0,,0,0,Specifiek buitenland,1,1
fitzroy.nl,2020,We deliver brand growth in fleeting times,Y,,0,0,Branding & huisstijl,1,1,Groei & nieuwe markten,2,1,,0,0,,0,0,,0,0,,0,0
fitzroy.nl,2023,Strategisch creatief bureau,N,,0,0,Branding & huisstijl;Strategie & advies,3,2,,0,0,,0,0,,0,0,,0,0,,0,0
fitzroy.nl,2025,Solving issues in the most spectacular ways.,N,,0,0,"Grafisch ontwerp, drukwerk & print",2,1,,1,0,,0,0,,0,0,,0,0,,0,0
flatlineagency.com,2021,We make you pulse,Y,,0,0,"Apps & maatwerk platforms;Grafisch ontwerp, drukwerk & print;UX/UI & interface design",4,3,,2,0,,0,0,Zakelijke afnemers (B2B),1,1,Groot / corporate / marktleider,1,1,,0,0
flatlineagency.com,2025,The luxury standard in digital,N,Retail & e-commerce (general consumer goods),1,1,"E-mailmarketing, automation & funnels;Webshop & e-commerce;Website & webdesign",4,3,"Merk, huisstijl & verhaal;Webshop & online verkoop",3,2,"E-mail, CRM & marketing automation;Webshop & e-commerceplatform",3,2,,0,0,Groot / corporate / marktleider;MKB / middelgroot,2,2,,0,0
flax.marketing,2022,"Naamsbekendheid, Sociale media posts & nieuwe leads?",Y,,0,0,Content & copywriting;Strategie & advies,2,2,Groei & nieuwe markten,1,1,,0,0,,0,0,,0,0,,0,0
flax.marketing,2023,"Naamsbekendheid, Sociale media posts & nieuwe leads?",Y,,0,0,Content & copywriting;Strategie & advies,2,2,Groei & nieuwe markten,1,1,,0,0,,0,0,,0,0,,0,0
flink.nl,2000,Flink - Men's Lifestyle,N,,0,0,,0,0,,0,0,,0,0,,0,0,,0,0,,0,0
flink.nl,2020,Wij zijn hét internetbureau uit Den Haag,N,,0,0,Strategie & advies;Website & webdesign,2,2,,1,0,,0,0,,0,0,,0,0,Nederlandse stad of plaats,1,1
flink.nl,2023,Wij zijn hét internetbureau uit Den Haag,N,,0,0,Strategie & advies;Website & webdesign,2,2,,1,0,,0,0,,0,0,,0,0,Nederlandse stad of plaats,1,1
flink.nl,2025,Drupal powered digital agency,Y,,0,0,Strategie & advies;Website & webdesign,3,2,,2,0,Website & CMS,3,1,,0,0,,0,0,,0,0
flirtcreativity.com,2014,Flirt creativity. a multidisciplinary creative agency,Y,"Media, culture & entertainment",1,1,"Campagnes & creatieve concepten;Grafisch ontwerp, drukwerk & print;Strategie & advies;Video, animatie & fotografie;Website & webdesign",8,5,,0,0,,0,0,,0,0,,0,0,,0,0
flirtcreativity.com,2020,"WORSHIP CULTURE, SACRIFICE MEDIOCRITY",Y,,0,0,Branding & huisstijl,1,1,,0,0,,0,0,,0,0,Groot / corporate / marktleider,1,1,,0,0
flirtcreativity.com,2023,Worship Culture Sacrifice Mediocrity,Y,,0,0,Content & copywriting,2,1,"Merk, huisstijl & verhaal",1,1,,0,0,,0,0,,0,0,,0,0
flirtcreativity.com,2025,Worship Culture Sacrifice Mediocrity,Y,,0,0,Content & copywriting,2,1,"Merk, huisstijl & verhaal",1,1,,0,0,,0,0,,0,0,,0,0
fresher.nl,2013,"Fresher is fris, inspirerend, uitdagend, vernieuwend en prikkelend!",Y,,0,0,"Branding & huisstijl;Online marketing, performance & CRO",2,2,,1,0,,0,0,,0,0,,0,0,,0,0
fresher.nl,2020,"HI! FRESHER IS FRIS, UITDAGEND VERNIEUWEND EN PRIKKELEND!",N,,0,0,"Branding & huisstijl;Online marketing, performance & CRO",3,2,,0,0,,0,0,,0,0,,1,0,,0,0
fresher.nl,2023,"Hi! Wij zijn Fresher . Fris, uitdagend vernieuwend & prikkelend...",N,,0,0,"Branding & huisstijl;Online marketing, performance & CRO;Website & webdesign",4,3,,0,0,,0,0,,0,0,,1,0,,0,0
freshheads.com,2020,Freshheads versnelt digitale innovatie,N,,0,0,,0,0,Groei & nieuwe markten;Lancering nieuw product of concept,3,2,,0,0,,0,0,,0,0,,0,0
freshheads.com,2023,Freshheads is jouw platform-expert,N,,0,0,Apps & maatwerk platforms,1,1,Groei & nieuwe markten;Lancering nieuw product of concept,3,2,,0,0,,0,0,,0,0,,0,0
freshheads.com,2025,Reshaping Business platform by platform,N,,0,0,Apps & maatwerk platforms;Strategie & advies;Website & webdesign,5,3,Maatwerk software & efficiëntere processen,1,1,,0,0,,0,0,,0,0,,0,0
friskagency.com,2022,Frisk Agency &#8211; I create unique digital experiences.,N,,0,0,"Grafisch ontwerp, drukwerk & print;Video, animatie & fotografie;Website & webdesign",4,3,,0,0,,0,0,,0,0,,0,0,,0,0
friskagency.com,2023,FRISK Agency &#8211; Een Online Marketing Agency met een frisse blik op marketing en communicatie.,Y,,0,0,"Apps & maatwerk platforms;Online adverteren (paid ads);Outcome-verkoop (leads, omzet, groei);SEO & vindbaarheid;Social media content & beheer",6,5,Beter vindbaar in Google;Naamsbekendheid & zichtbaarheid,3,2,,0,0,,0,0,,0,0,,0,0
friskagency.com,2025,FRISK Agency is jouw partner voor online succes.,Y,"Transport, logistics & automotive",2,1,"E-mailmarketing, automation & funnels;Online adverteren (paid ads);Online marketing, performance & CRO;SEO & vindbaarheid;Social media content & beheer;Video, animatie & fotografie",9,6,Advertenties & campagnes renderen niet;Groei & nieuwe markten,2,2,,0,0,,0,0,MKB / middelgroot,1,1,Regionaal (binnen Nederland),1,1
frontis.nl,2020,Wij maken digitale ambities waar,N,,0,0,,3,0,,0,0,,0,0,,0,0,,0,0,,0,0
frontis.nl,2023,Frontis zorgt voor de groei van jouw business,Y,,0,0,"Content & copywriting;Online marketing, performance & CRO",3,2,Groei & nieuwe markten;Klantbehoud & loyaliteit;Maatwerk software & efficiëntere processen;Webshop & online verkoop,4,4,,0,0,,0,0,,0,0,,0,0
frontis.nl,2025,Meer wendbaarheid in de handel & industrie,N,Manufacturing & industrial,2,1,,1,0,Maatwerk software & efficiëntere processen,1,1,,0,0,,0,0,,0,0,,0,0
fruto.nl,2006,"Fruto communicatie, communicatiebureau in Barneveld en Scherpenzeel",Y,,0,0,"Grafisch ontwerp, drukwerk & print",2,1,Website verouderd of nieuw nodig,1,1,,0,0,,0,0,,0,0,Nederlandse stad of plaats,1,1
fruto.nl,2020,Webdesign Amersfoort : wij zijn Fruto!,N,Business & professional services,2,1,Apps & maatwerk platforms;Website & webdesign,4,2,"Merk, huisstijl & verhaal",2,1,Website & CMS,1,1,,0,0,,0,0,Nederlandse stad of plaats,1,1
fruto.nl,2023,Webdesign Amersfoort | WordPress website laten maken,N,Business & professional services,2,1,Apps & maatwerk platforms;Website & webdesign,4,2,"Beter vindbaar in Google;Meer leads, aanvragen & verkoop;Naamsbekendheid & zichtbaarheid",4,3,Website & CMS,1,1,,0,0,Klein / zelfstandig,1,1,Nederlandse stad of plaats,1,1
fruto.nl,2025,Webdesign Amersfoort | WordPress website laten maken,N,Business & professional services,2,1,Apps & maatwerk platforms;Website & webdesign,4,2,"Beter vindbaar in Google;Meer leads, aanvragen & verkoop;Naamsbekendheid & zichtbaarheid",4,3,Website & CMS,1,1,,0,0,Klein / zelfstandig,1,1,Nederlandse stad of plaats,1,1
fuelled.nl,2020,Fuelled – Digital awesomeness,N,,0,0,"Video, animatie & fotografie",2,1,Content & creatieve productie,1,1,,0,0,,0,0,,0,0,,0,0
fuelled.nl,2023,Wij helpen jouw technische product uit leggen,N,,1,0,"Video, animatie & fotografie",2,1,"Meer leads, aanvragen & verkoop",1,1,,0,0,,0,0,,0,0,,0,0
fuelled.nl,2025,Fuelled – 3D agency voor technische projecten en innovatie,N,Manufacturing & industrial,2,1,"Video, animatie & fotografie",4,1,"Meer leads, aanvragen & verkoop",3,1,,0,0,,1,0,,0,0,,0,0
fundament.nl,2020,Maak de verbinding,Y,,0,0,"Campagnes & creatieve concepten;Grafisch ontwerp, drukwerk & print",3,2,,1,0,,0,0,,0,0,,0,0,,0,0
fundament.nl,2023,Maak de verbinding!,Y,"Construction, real estate & housing",2,1,"Online marketing, performance & CRO;Strategie & advies",5,2,Advertenties & campagnes renderen niet;Content & creatieve productie,3,2,,0,0,,0,0,,0,0,,0,0
fundament.nl,2025,Maak de verbinding!,Y,"Construction, real estate & housing",2,1,"Online marketing, performance & CRO;Strategie & advies",5,2,Advertenties & campagnes renderen niet;Content & creatieve productie,3,2,,0,0,,0,0,,0,0,,0,0
fuse-communication.com,2011,Fuse: Fashion and Communication,N,"Fashion, beauty & personal goods",1,1,,0,0,,0,0,,0,0,,0,0,,0,0,,0,0
fuse-communication.com,2020,"FUSE Communication: Content, PR, Branding & Communication",Y,,0,0,Branding & huisstijl,2,1,,0,0,,0,0,,0,0,,0,0,,0,0
fuse-communication.com,2023,"FUSE Communication: Content, PR, Branding & Communication",Y,,0,0,Branding & huisstijl,2,1,,0,0,,0,0,,0,0,,0,0,,0,0
fuse-communication.com,2025,"FUSE Communication: Content, PR, Branding & Communication",Y,,0,0,Branding & huisstijl,2,1,,0,0,,0,0,,0,0,,0,0,,0,0
fwdconcept.nl,2010,fwd concept - reclamebureau met oplossingen voor je communicatie vraag,Y,,0,0,Branding & huisstijl,2,1,Bewustwording & gedragsverandering,1,1,,0,0,,0,0,,0,0,,0,0
fwdconcept.nl,2020,Welke vormgeving brengt jouw doelgroep in beweging?,Y,,0,0,"Branding & huisstijl;Online marketing, performance & CRO",2,2,,1,0,,0,0,,0,0,,0,0,Nederlandse stad of plaats,1,1
fwdconcept.nl,2023,Welke vormgeving brengt jouw doelgroep in beweging?,Y,,0,0,"Branding & huisstijl;Online marketing, performance & CRO",2,2,,1,0,,0,0,,0,0,,0,0,Nederlandse stad of plaats,1,1
fwdconcept.nl,2025,Welke vormgeving brengt jouw doelgroep in beweging?,Y,,0,0,"Branding & huisstijl;Online marketing, performance & CRO",2,2,,1,0,,0,0,,0,0,,0,0,Regionaal (binnen Nederland),1,1
fyndable.online,2020,Creatief Online Marketing Bureau,N,,0,0,"Branding & huisstijl;Content & copywriting;E-mailmarketing, automation & funnels;Online adverteren (paid ads);Online marketing, performance & CRO;SEO & vindbaarheid;Social media content & beheer",7,7,Beter vindbaar in Google,1,1,,0,0,,0,0,,0,0,,0,0
fyndable.online,2025,"Wij zorgen dat jij online gevonden wordt , verkoopt én groeit.",Y,"Construction, real estate & housing",1,1,"Content & copywriting;E-mailmarketing, automation & funnels;Online adverteren (paid ads);SEO & vindbaarheid;Social media content & beheer;Website & webdesign",6,6,"Beter vindbaar in Google;Meer leads, aanvragen & verkoop",2,2,,0,0,,0,0,,0,0,,1,0
fynt.nl,2019,Vinden en gevonden worden is waar Fynt zich sterk voor maakt.,N,,0,0,"Online marketing, performance & CRO;Strategie & advies",3,2,Bewustwording & gedragsverandering,1,1,,0,0,,0,0,,0,0,,0,0
fynt.nl,2020,Vinden en verbinden | Fynt,N,,0,0,Content & copywriting;PR & influencer marketing;Strategie & advies,5,3,"Beter vindbaar in Google;Bewustwording & gedragsverandering;Meer leads, aanvragen & verkoop",3,3,,0,0,,0,0,,0,0,,0,0
fynt.nl,2023,Vinden en gevonden worden | Fynt,N,,0,0,Content & copywriting;PR & influencer marketing;Strategie & advies,4,3,"Beter vindbaar in Google;Bewustwording & gedragsverandering;Meer leads, aanvragen & verkoop",3,3,,0,0,,0,0,,0,0,,0,0
fynt.nl,2025,Vinden en gevonden worden | Fynt,N,,0,0,"Branding & huisstijl;Content & copywriting;Online marketing, performance & CRO",4,3,Bewustwording & gedragsverandering;Naamsbekendheid & zichtbaarheid,2,2,,0,0,Zakelijke afnemers (B2B),1,1,,0,0,,0,0
getforward.nl,2018,GetForward – Jouw online Partner,N,,0,0,"Online adverteren (paid ads);Online marketing, performance & CRO;Strategie & advies",6,3,Groei & nieuwe markten,1,1,,0,0,,0,0,,0,0,,0,0
getforward.nl,2020,Het online marketing bureau van Amersfoort,N,,0,0,"Content & copywriting;E-mailmarketing, automation & funnels;Online adverteren (paid ads);SEO & vindbaarheid;Social media content & beheer;Video, animatie & fotografie;Webshop & e-commerce;Website & webdesign",9,8,"Beter vindbaar in Google;Groei & nieuwe markten;Meer leads, aanvragen & verkoop;Website verouderd of nieuw nodig",5,4,,0,0,,0,0,,0,0,Nederlandse stad of plaats,2,1
getforward.nl,2023,Razendsnel vooruit met GetForward,N,,0,0,"Content & copywriting;Online adverteren (paid ads);Online marketing, performance & CRO;SEO & vindbaarheid;Strategie & advies;Website & webdesign",6,6,"Merk, huisstijl & verhaal",2,1,,0,0,Webshop consumenten (D2C);Zakelijke afnemers (B2B),2,2,,0,0,Nederlandse stad of plaats,1,1
getforward.nl,2025,Online marketing bureau Utrecht | Ga vooruit met GetForward!,N,,0,0,"Content & copywriting;Online adverteren (paid ads);Online marketing, performance & CRO;SEO & vindbaarheid;Strategie & advies;Website & webdesign",6,6,"Merk, huisstijl & verhaal",1,1,,0,0,Webshop consumenten (D2C);Zakelijke afnemers (B2B),2,2,,0,0,Nederlandse stad of plaats,2,1
gigaleads.nl,2021,De betrouwbare en consistente bron van leads.,N,,0,0,Social media content & beheer;Website & webdesign,3,2,"Groei & nieuwe markten;Meer leads, aanvragen & verkoop",3,2,"SEA, display & overige paid advertising",1,1,,0,0,MKB / middelgroot,2,1,Heel Nederland (landelijk),1,1
gigaleads.nl,2023,Marktleider in leadgeneratie binnen de Benelux.,Y,,0,0,Social media content & beheer,2,1,"Meer leads, aanvragen & verkoop;Naamsbekendheid & zichtbaarheid",2,2,Social media organisch,1,1,,0,0,,0,0,Europa;Nederland plus buurlanden,3,2
gigaleads.nl,2025,Marktleider in B2C leadgeneratie.,Y,"Construction, real estate & housing",2,1,"Online adverteren (paid ads);Outcome-verkoop (leads, omzet, groei)",3,2,"Meer leads, aanvragen & verkoop",2,1,"SEA, display & overige paid advertising",1,1,Consumentenmarkt offline,1,1,,0,0,Nederland plus buurlanden,2,1
gladior.com,2020,,N,,0,0,,0,0,,0,0,,0,0,,0,0,,0,0,,0,0
gladior.com,2023,Data Driven Digital Marketing,N,,0,0,Website & webdesign,1,1,,1,0,,0,0,,0,0,,0,0,,0,0
gladior.com,2025,Van digitale dromen naar tastbare resultaten,Y,,0,0,Apps & maatwerk platforms,1,1,Maatwerk software & efficiëntere processen,2,1,Apps & custom platforms,1,1,,0,0,,0,0,,0,0
globalvillagemedia.nl,2020,wij maken je content,N,,0,0,"Content & copywriting;Grafisch ontwerp, drukwerk & print",2,2,,0,0,,0,0,,0,0,,0,0,,0,0
globalvillagemedia.nl,2023,Wij brengen concepten en ideeën tot leven.,N,,1,0,"Content & copywriting;Grafisch ontwerp, drukwerk & print",3,2,,0,0,,0,0,,0,0,,0,0,,0,0
globalvillagemedia.nl,2025,Wij brengen concepten en ideeën tot leven.,N,,1,0,"Content & copywriting;Grafisch ontwerp, drukwerk & print",3,2,,0,0,,0,0,,0,0,,0,0,,0,0
go2people.nl,2009,"Go2People levert kant en klare websites, die u zelf kunt bewerken en onderhouden.",N,,0,0,Website & webdesign,2,1,,0,0,,0,0,,0,0,,0,0,,0,0
go2people.nl,2023,Websites en platforms voor impactmakers,N,,2,0,Strategie & advies,2,1,,1,0,,0,0,,0,0,,0,0,,0,0
go2people.nl,2025,Websites en platforms voor impactmakers,N,,2,0,Strategie & advies,2,1,,1,0,,0,0,,0,0,,0,0,,0,0
goldfizh.nl,2018,DIGITAL MARKETING Snel & meetbaar resultaat,N,,0,0,"E-mailmarketing, automation & funnels;Online marketing, performance & CRO",2,2,,1,0,,0,0,,0,0,,0,0,,0,0
goldfizh.nl,2020,"Hi, GoldfiZh hier! Creatief, digitaal marketingbureau uit Utrecht",Y,Healthcare & care,2,1,"Apps & maatwerk platforms;Branding & huisstijl;Campagnes & creatieve concepten;Content & copywriting;Online marketing, performance & CRO;SEO & vindbaarheid",6,6,"Advertenties & campagnes renderen niet;Meer leads, aanvragen & verkoop",2,2,,0,0,,0,0,,0,0,,0,0
goldfizh.nl,2023,"hi, we are goldfizh! digital marketing agency since 2016 and we boost your online marketing. 🚀",N,,0,0,"Content & copywriting;Grafisch ontwerp, drukwerk & print;Online marketing, performance & CRO;Video, animatie & fotografie",8,4,"Groei & nieuwe markten;Meer leads, aanvragen & verkoop",2,2,,0,0,,0,0,,0,0,,0,0
goldfizh.nl,2025,"We are Goldfizh, full-service digital marketing agency.",Y,,0,0,"Branding & huisstijl;Content & copywriting;Grafisch ontwerp, drukwerk & print;Online marketing, performance & CRO;Video, animatie & fotografie",7,5,,0,0,,0,0,,0,0,,0,0,,0,0
greencreatives.nl,2010,"Reclamebureau, Ontwerpbureau Amsterdam, Logo, huisstijl, belettering, 3d design, marketing & communicatie",Y,,0,0,Branding & huisstijl;Campagnes & creatieve concepten,2,2,"Merk, huisstijl & verhaal",2,1,,0,0,,0,0,,0,0,Nederlandse stad of plaats,1,1
greencreatives.nl,2020,"Merk ontwikkeling, website ontwerp, & online marketing, met verbluffende resultaten",N,,0,0,Branding & huisstijl;Strategie & advies,3,2,"Merk, huisstijl & verhaal",2,1,,0,0,,0,0,,0,0,Nederlandse stad of plaats,1,1
greencreatives.nl,2023,We staan voor duurzame groei van impactvolle merken!,Y,,0,0,"Outcome-verkoop (leads, omzet, groei);Website & webdesign",2,2,Groei & nieuwe markten,2,1,,0,0,,0,0,,0,0,Nederlandse stad of plaats,1,1
greencreatives.nl,2025,Wij helpen impactvolle merken groeien!,N,,0,0,Strategie & advies;Website & webdesign,3,2,Groei & nieuwe markten,3,1,,0,0,,0,0,Groot / corporate / marktleider,1,1,Nederlandse stad of plaats,2,1
gripoponline.nl,2021,Maximaliseer je online zichtbaarheid door je website en andere kanalen optimaal op elkaar af te stemmen,N,,0,0,"Online adverteren (paid ads);Online marketing, performance & CRO;SEO & vindbaarheid;Social media content & beheer;Website & webdesign",6,5,Naamsbekendheid & zichtbaarheid,1,1,,0,0,,0,0,,0,0,,0,0
gripoponline.nl,2023,Wij zorgen voor de worstenbroodjes !,Y,,0,0,"Grafisch ontwerp, drukwerk & print;Online adverteren (paid ads);SEO & vindbaarheid;Social media content & beheer",5,4,,0,0,,0,0,,0,0,,0,0,Nederlandse stad of plaats,1,1
gripoponline.nl,2025,Hét online marketing bureau uit Eindhoven,Y,,0,0,"Grafisch ontwerp, drukwerk & print;Online adverteren (paid ads);SEO & vindbaarheid;Social media content & beheer",5,4,,0,0,,0,0,,0,0,,0,0,Nederlandse stad of plaats,1,1
grizzlymarketing.nl,2001,Online Marketing voor verstandige ondernemers,Y,,0,0,"Online marketing, performance & CRO",2,1,,2,0,,0,0,,0,0,,0,0,,0,0
grizzlymarketing.nl,2020,Specialist zoekmachine positionering,Y,,0,0,"Online marketing, performance & CRO;Outcome-verkoop (leads, omzet, groei)",2,2,"Beter vindbaar in Google;Meer leads, aanvragen & verkoop",2,2,"SEA, display & overige paid advertising;SEO & organische vindbaarheid",2,2,,0,0,,0,0,,0,0
grizzlymarketing.nl,2023,Online marketing bureau voor meer groei,Y,,0,0,"Online adverteren (paid ads);Online marketing, performance & CRO;SEO & vindbaarheid",4,3,Beter vindbaar in Google,2,1,SEO & organische vindbaarheid,1,1,Webshop consumenten (D2C),1,1,MKB / middelgroot,1,1,,0,0
grizzlymarketing.nl,2025,Online marketing bureau voor meer groei,Y,,0,0,"Online adverteren (paid ads);Online marketing, performance & CRO;SEO & vindbaarheid",3,3,Beter vindbaar in Google,2,1,SEO & organische vindbaarheid,1,1,Webshop consumenten (D2C),1,1,MKB / middelgroot,1,1,,0,0
grndworx.com,2019,"Freeing up scarce resources, giving you peace of mind to focus on what counts",N,,0,0,"Online marketing, performance & CRO",1,1,Maatwerk software & efficiëntere processen,2,1,,0,0,,0,0,,0,0,,0,0
grndworx.com,2020,"Freeing up scarce resources, giving you peace of mind to focus on what counts",N,,0,0,"Online marketing, performance & CRO",1,1,Maatwerk software & efficiëntere processen,2,1,,0,0,,0,0,,0,0,,0,0
grndworx.com,2023,"The marketing agency for asset management, wealth management and business to business",N,Finance & insurance,1,1,Strategie & advies,3,1,Advertenties & campagnes renderen niet;Groei & nieuwe markten;Maatwerk software & efficiëntere processen,3,3,,0,0,Zakelijke afnemers (B2B),1,1,,0,0,,0,0
grndworx.com,2025,"We are GrndWorX, a strategic marketing agency",N,Finance & insurance,1,1,"Grafisch ontwerp, drukwerk & print;Strategie & advies;Website & webdesign",5,3,Groei & nieuwe markten,2,1,,0,0,Zakelijke afnemers (B2B),1,1,,0,0,,0,0
groovedigital.agency,2024,Groove Digital - Experience Studio & Performance Agency,N,Manufacturing & industrial,1,1,"Grafisch ontwerp, drukwerk & print",2,1,"Beter vindbaar in Google;Groei & nieuwe markten;Meer leads, aanvragen & verkoop",4,3,Multi-channel & omnichannel,1,1,Gemengd,1,1,,0,0,,0,0
groovedigital.agency,2025,We're Groove. Digital Experience Studio & Performance Marketing Agency.,Y,,0,0,SEO & vindbaarheid;Website & webdesign,2,2,Beter vindbaar in Google;Website verouderd of nieuw nodig,2,2,"Multi-channel & omnichannel;SEA, display & overige paid advertising;SEO & organische vindbaarheid;Social media organisch;Webshop & e-commerceplatform;Website & CMS",8,6,,0,0,,0,0,Heel Nederland (landelijk),1,1
hammerfest.co,2014,A creative agency born in the digital era,Y,,0,0,,3,0,,2,0,,0,0,,0,0,,0,0,,0,0
hammerfest.co,2020,creating campaigns and content that everyone can relate to,N,,0,0,Strategie & advies,1,1,Content & creatieve productie,1,1,Social media organisch,1,1,,0,0,,0,0,,0,0
hammerfest.co,2025,A social first creative agency for leading brands,N,,0,0,Strategie & advies,1,1,,1,0,Social media organisch,1,1,,0,0,Groot / corporate / marktleider,1,1,,0,0
hammondcommunications.nl,2010,,N,,0,0,,0,0,,0,0,,0,0,,0,0,,0,0,,0,0
hammondcommunications.nl,2020,"Hammond Communications, PR- & Communicatiebureau",Y,"Nonprofits, charities & associations",1,1,PR & influencer marketing;Strategie & advies,5,2,,0,0,,0,0,,0,0,,0,0,,0,0
hammondcommunications.nl,2023,"Hammond Communications, PR- & Communicatiebureau",Y,"Nonprofits, charities & associations",1,1,PR & influencer marketing;Strategie & advies,5,2,,0,0,,0,0,,0,0,,0,0,,0,0
hammondcommunications.nl,2025,"Hammond Communications, PR- & Communicatiebureau",Y,"Nonprofits, charities & associations",1,1,PR & influencer marketing;Strategie & advies,5,2,,0,0,,0,0,,0,0,,0,0,,0,0
happiness-anywhere.com,2020,Creative Connectivity Agency,N,,0,0,,1,0,Klantbehoud & loyaliteit,1,1,,0,0,,0,0,,0,0,,0,0
happiness-anywhere.com,2023,Creative thinking that triggers business,Y,,0,0,Strategie & advies,2,1,"Merk, huisstijl & verhaal",3,1,,0,0,,0,0,,0,0,,0,0
happiness-anywhere.com,2025,Happy people make great work and great work is what makes people happy,N,,0,0,Strategie & advies,1,1,,1,0,,0,0,,0,0,,0,0,,0,0
headsprung.nl,2018,"Storytelling, branding & digital experiences",N,,0,0,Content & copywriting,1,1,,0,0,,0,0,,0,0,,0,0,,0,0
headsprung.nl,2020,"Storytelling, branding & digital experiences",N,,0,0,Content & copywriting,1,1,,0,0,,0,0,,0,0,,0,0,,0,0
headsprung.nl,2023,"Branding, Storytelling & eCommerce",N,,0,0,Branding & huisstijl,2,1,Maatwerk software & efficiëntere processen,2,1,,0,0,Webshop consumenten (D2C),1,1,,0,0,,0,0
headsprung.nl,2025,"We are a Digital Growth Agency for Fashion, Food & Lifestyle.",N,"Fashion, beauty & personal goods",1,1,Branding & huisstijl,2,1,Maatwerk software & efficiëntere processen,2,1,,0,0,Webshop consumenten (D2C),1,1,,0,0,,0,0
helloitsme.online,2016,Een full service online marketing bureau die online ambities waar maakt.,Y,,0,0,"Online adverteren (paid ads);Online marketing, performance & CRO;SEO & vindbaarheid;Social media content & beheer;Strategie & advies;Website & webdesign",7,6,"Meer leads, aanvragen & verkoop",3,1,,0,0,Gemengd,1,1,,0,0,,0,0
helloitsme.online,2020,Full Service Online Marketing Agency,Y,,0,0,"Online marketing, performance & CRO;Social media content & beheer;UX/UI & interface design;Website & webdesign",4,4,"Meer leads, aanvragen & verkoop",6,1,,0,0,,0,0,,0,0,,0,0
helloitsme.online,2023,"Wij doen niet alles, maar... Wat we doen, doen we goed !",Y,,0,0,"Online adverteren (paid ads);Online marketing, performance & CRO;Strategie & advies;Website & webdesign",4,4,"Advertenties & campagnes renderen niet;Meer leads, aanvragen & verkoop;Naamsbekendheid & zichtbaarheid",3,3,,0,0,Consumentenmarkt offline;Zakelijke afnemers (B2B),2,2,,0,0,,0,0
helloitsme.online,2025,"Wij doen niet alles, maar... Wat we doen, doen we goed !",Y,,0,0,"Online adverteren (paid ads);Online marketing, performance & CRO;Strategie & advies;Website & webdesign",4,4,"Advertenties & campagnes renderen niet;Meer leads, aanvragen & verkoop;Naamsbekendheid & zichtbaarheid",3,3,,0,0,Consumentenmarkt offline;Zakelijke afnemers (B2B),2,2,,0,0,,0,0
hellosuperheroes.com,2008,SuperHeroes coming to the Netherlands,N,,0,0,,0,0,,0,0,,0,0,,0,0,,0,0,,0,0
hellosuperheroes.com,2020,Welcome to The Post- Advertising Ad Agency,N,,0,0,Online adverteren (paid ads),1,1,,1,0,,0,0,,0,0,,0,0,,0,0
hellosuperheroes.com,2023,Welcome to The Post- Advertising Ad Agency,N,,0,0,Online adverteren (paid ads),2,1,,1,0,,0,0,,0,0,,0,0,,0,0
hertoggrafimedia.nl,2012,Welkom op de website van Hertog Grafi Media,Y,,0,0,"Grafisch ontwerp, drukwerk & print",1,1,,0,0,,0,0,,0,0,,0,0,,0,0
hertoggrafimedia.nl,2020,Design your future,N,,0,0,"Grafisch ontwerp, drukwerk & print;Website & webdesign",3,2,,0,0,,0,0,,0,0,,0,0,,0,0
hertoggrafimedia.nl,2023,Hertog Grafi Media gespecialiseerd in WordPress websites,N,,0,0,"Grafisch ontwerp, drukwerk & print;Website & webdesign",3,2,Website verouderd of nieuw nodig,1,1,Website & CMS,2,1,,0,0,,0,0,,0,0
hertoggrafimedia.nl,2025,Hertog Grafi Media gespecialiseerd in WordPress websites,N,,0,0,"Grafisch ontwerp, drukwerk & print;Website & webdesign",4,2,Website verouderd of nieuw nodig,1,1,Website & CMS,2,1,,0,0,,0,0,,0,0
higuita.amsterdam,2021,Higuita // Surprise & Conquer,N,,0,0,,1,0,,0,0,,0,0,,0,0,,0,0,,0,0
higuita.amsterdam,2023,Stand out and do the obvious | Higuita Amsterdam,Y,,0,0,"Grafisch ontwerp, drukwerk & print;Strategie & advies",3,2,Klantbehoud & loyaliteit;Naamsbekendheid & zichtbaarheid,2,2,,0,0,,0,0,,0,0,,0,0
higuita.amsterdam,2025,"Van hoofd tot hart in 0,7 seconden | Higuita Amsterdam",Y,,0,0,Branding & huisstijl;Strategie & advies,3,2,,1,0,,0,0,,0,0,,0,0,,0,0
hike.one,2017,We guide you to new and better products. Let's go!,N,,0,0,Strategie & advies;UX/UI & interface design,3,2,,0,0,,0,0,,0,0,,0,0,,0,0
hike.one,2020,"From design sprint to UX design, we guide you to better products, fast.",N,,0,0,"Grafisch ontwerp, drukwerk & print;Strategie & advies;UX/UI & interface design",3,3,,0,0,,0,0,,0,0,,0,0,,0,0
hike.one,2023,Reach the full potential of your digital product,N,Manufacturing & industrial,1,1,"Campagnes & creatieve concepten;Grafisch ontwerp, drukwerk & print;Strategie & advies",5,3,,0,0,,0,0,,0,0,,0,0,,0,0
hike.one,2025,"Complex technology, made human",N,,0,0,"Grafisch ontwerp, drukwerk & print;Outcome-verkoop (leads, omzet, groei);Strategie & advies",7,3,Maatwerk software & efficiëntere processen,1,1,,0,0,,0,0,,0,0,,0,0
hiveminds.nl,2014,,N,,0,0,,0,0,,0,0,,0,0,,0,0,,0,0,,0,0
hiveminds.nl,2021,Hiveminds | Interim Opdrachten & Freelance Digital Agency,Y,,0,0,"Apps & maatwerk platforms;Content & copywriting;Online marketing, performance & CRO;Social media content & beheer;Strategie & advies",7,5,,1,0,,0,0,,0,0,,0,0,,0,0
hiveminds.nl,2023,Full Stack Consulting Agency,Y,,0,0,Strategie & advies;Website & webdesign,3,2,Lancering nieuw product of concept,1,1,,0,0,,0,0,,0,0,,0,0
hiveminds.nl,2025,Full Stack Consulting Agency,Y,,0,0,Strategie & advies;Website & webdesign,3,2,Lancering nieuw product of concept,1,1,,0,0,,0,0,,0,0,,0,0
hlobranding.com,2019,AWESOME BRANDS. FOR PEOPLE.,Y,Retail & e-commerce (general consumer goods),1,1,Content & copywriting,3,1,Groei & nieuwe markten;Naamsbekendheid & zichtbaarheid,3,2,,0,0,,0,0,,0,0,,0,0
hlobranding.com,2020,AWESOME BRANDS. FOR PEOPLE.,Y,Retail & e-commerce (general consumer goods),1,1,Content & copywriting,3,1,Groei & nieuwe markten;Naamsbekendheid & zichtbaarheid,3,2,,0,0,,0,0,,0,0,,0,0
hlobranding.com,2023,The best brands turn people into fans,Y,,0,0,Strategie & advies,2,1,Groei & nieuwe markten,1,1,,0,0,,0,0,,0,0,,0,0
hlobranding.com,2025,Let's turn people into FANS!,Y,,0,0,"Branding & huisstijl;Campagnes & creatieve concepten;Content & copywriting;Video, animatie & fotografie",6,4,Klantbehoud & loyaliteit,1,1,,0,0,,0,0,Familiebedrijf / gevestigd met historie,1,1,,0,0
houseofeighty8.nl,2024,"Creative agency Amplifying your brand’s online allure, turning clicks into lasting connections",N,,0,0,Branding & huisstijl,2,1,"Merk, huisstijl & verhaal",2,1,,0,0,,0,0,,1,0,,0,0
houseofeighty8.nl,2025,"Creative agency Amplifying your brand’s online allure, turning clicks into lasting connections",N,,0,0,Branding & huisstijl,2,1,"Groei & nieuwe markten;Merk, huisstijl & verhaal",2,2,,0,0,,0,0,,1,0,Nederland plus buurlanden,2,1
houseofsocialmedia.nl,2011,,N,,0,0,Social media content & beheer,6,1,,1,0,,0,0,Webshop consumenten (D2C),1,1,Startup / jong / groeiend,1,1,,0,0
houseofsocialmedia.nl,2020,Ontdek de Superkracht van LinkedIn,Y,,0,0,Social media content & beheer;Strategie & advies,3,2,Naamsbekendheid & zichtbaarheid,1,1,Social media organisch,1,1,,0,0,,0,0,,0,0
houseofsocialmedia.nl,2023,Wij kennen het geheim van LinkedIn,Y,,0,0,Strategie & advies,3,1,"Merk, huisstijl & verhaal",1,1,Social media organisch,1,1,,0,0,,0,0,,0,0
houseofsocialmedia.nl,2025,Wij kennen het geheim van LinkedIn,Y,,0,0,Strategie & advies,3,1,"Merk, huisstijl & verhaal",1,1,Social media organisch,2,1,,0,0,,0,0,,0,0
huiscommunicatie.nl,2010,"Spraakmakend en sprankelend, maar met beide benen op de grond.",Y,,0,0,Strategie & advies,2,1,,0,0,,0,0,,0,0,,0,0,,0,0
huiscommunicatie.nl,2020,Communicatie en advies voor het onderwijs,Y,Business & professional services,1,1,Strategie & advies,2,1,"Merk, huisstijl & verhaal",2,1,,0,0,,0,0,,0,0,Heel Nederland (landelijk),1,1
huiscommunicatie.nl,2023,MEESTERS in onderwijscommunicatie,N,Education & childcare,1,1,Content & copywriting;Strategie & advies,3,2,"Maatwerk software & efficiëntere processen;Merk, huisstijl & verhaal",2,2,,0,0,,0,0,,0,0,,0,0
huiscommunicatie.nl,2025,MEESTERS in onderwijscommunicatie,Y,Education & childcare,1,1,Content & copywriting;Strategie & advies,2,2,Bewustwording & gedragsverandering;Maatwerk software & efficiëntere processen,2,2,,0,0,,0,0,,0,0,,0,0
ilerimedia.nl,2011,ilerimedia - Webdesign Arnhem,N,,0,0,"Grafisch ontwerp, drukwerk & print;Website & webdesign",5,2,Klantbehoud & loyaliteit,1,1,,0,0,,0,0,,0,0,Nederlandse stad of plaats,1,1
ilerimedia.nl,2020,Website en webapplicatie ontwikkeling | Ilerimedia,N,,0,0,Apps & maatwerk platforms;Online adverteren (paid ads);SEO & vindbaarheid;Webshop & e-commerce;Website & webdesign,5,5,Webshop & online verkoop;Website verouderd of nieuw nodig,2,2,,0,0,,0,0,,0,0,,0,0
ilerimedia.nl,2023,"Website laten maken Arnhem - Professionele website vanaf €350,-",Y,,0,0,SEO & vindbaarheid;Webshop & e-commerce;Website & webdesign,4,3,Beter vindbaar in Google;Events & activaties,2,2,,0,0,,0,0,Startup / jong / groeiend,2,1,Nederlandse stad of plaats,2,1
ilerimedia.nl,2025,"Website laten maken Arnhem - Professionele website vanaf €350,-",Y,,0,0,SEO & vindbaarheid;Webshop & e-commerce;Website & webdesign,4,3,Events & activaties,1,1,,0,0,,0,0,Startup / jong / groeiend,2,1,Nederlandse stad of plaats,2,1
imeco.nl,2003,,N,,0,0,,0,0,,0,0,,0,0,,0,0,,0,0,,0,0
imeco.nl,2020,Imeco: online marketing experts,N,,0,0,"Online marketing, performance & CRO",1,1,Groei & nieuwe markten,1,1,,0,0,,0,0,,0,0,,0,0
imeco.nl,2023,Wordpress marketing met bewezen resultaten,N,,0,0,Content & copywriting;Strategie & advies;Website & webdesign,3,3,,2,0,Website & CMS,1,1,,0,0,MKB / middelgroot,1,1,,0,0
imeco.nl,2025,Hoe ver is uw bedrijf met kunstmatige intelligentie?,N,,0,0,Strategie & advies,6,1,,0,0,,0,0,,0,0,,0,0,,0,0
imgraphics.nl,2009,IMgraphics | Full Service Reclame Bureau,Y,"Food, beverage & agriculture",1,1,,2,0,,0,0,,0,0,,0,0,,0,0,,0,0
imgraphics.nl,2020,IMgraphics | Reclamebureau | Merk | Identiteit | Verpakking &#8211; Reclame- Foodontwerp van idee tot verpakking | Folie | Labels | Logo | Huisstijl | Productfotografie,N,"Food, beverage & agriculture",1,1,"Grafisch ontwerp, drukwerk & print;Video, animatie & fotografie",3,2,,0,0,,0,0,,0,0,,0,0,,0,0
imgraphics.nl,2023,we make your brand stronger sinds 2008,Y,Manufacturing & industrial,1,1,Branding & huisstijl;Strategie & advies,2,2,,1,0,,0,0,,0,0,,0,0,,0,0
imgraphics.nl,2025,we make your brand stronger sinds 2008,Y,Manufacturing & industrial,1,1,Branding & huisstijl;Strategie & advies,2,2,,1,0,,0,0,,0,0,,0,0,,0,0
indicia.nl,2003,,N,,0,0,,0,0,,0,0,,0,0,,0,0,,0,0,,0,0
indicia.nl,2020,"Het is jouw bedrijf, maak 'm slimmer",N,,0,0,"Online marketing, performance & CRO",2,1,"Maatwerk software & efficiëntere processen;Meer leads, aanvragen & verkoop",4,2,,0,0,,0,0,Startup / jong / groeiend,2,1,,0,0
indicia.nl,2023,Digital partner In tech & data,N,,0,0,"Online marketing, performance & CRO",2,1,"Maatwerk software & efficiëntere processen;Meer leads, aanvragen & verkoop",4,2,,0,0,,0,0,,0,0,,0,0
indicia.nl,2025,Digital partner In tech & data,N,,0,0,Campagnes & creatieve concepten,2,1,"Maatwerk software & efficiëntere processen;Meer leads, aanvragen & verkoop",4,2,Multi-channel & omnichannel,1,1,,0,0,,0,0,,0,0
inktzwartekaters.nl,2012,inktzwarte katers | tekst en vormgeving,Y,,0,0,"Content & copywriting;Grafisch ontwerp, drukwerk & print",2,2,,1,0,,0,0,,0,0,,0,0,,0,0
inktzwartekaters.nl,2020,content marketing & content creatie,N,,0,0,"Content & copywriting;Grafisch ontwerp, drukwerk & print;SEO & vindbaarheid",7,3,Content & creatieve productie,1,1,,0,0,,0,0,,0,0,,0,0
inktzwartekaters.nl,2022,content marketing & content creatie,N,,0,0,"Content & copywriting;Grafisch ontwerp, drukwerk & print;SEO & vindbaarheid",7,3,Content & creatieve productie,1,1,,0,0,,0,0,,0,0,,0,0
inktzwartekaters.nl,2025,content marketing & content creatie,N,,0,0,"Content & copywriting;Grafisch ontwerp, drukwerk & print;SEO & vindbaarheid",7,3,Content & creatieve productie,1,1,,0,0,,0,0,,0,0,,0,0
inventus.online,2017,Online Marketing Bureau & Webdesign,N,,0,0,Online adverteren (paid ads),1,1,"Meer leads, aanvragen & verkoop",1,1,,0,0,,0,0,,0,0,,0,0
inventus.online,2020,Internet Marketing Bureau & Webshops,N,,0,0,"Online marketing, performance & CRO;Webshop & e-commerce",4,2,Advertenties & campagnes renderen niet;Webshop & online verkoop,4,2,,0,0,Webshop consumenten (D2C),1,1,,0,0,,0,0
inventus.online,2023,Een online marketing bureau voor jouw e-commerce ambities,N,,0,0,SEO & vindbaarheid;Webshop & e-commerce,3,2,Webshop & online verkoop,2,1,,0,0,Webshop consumenten (D2C),2,1,,0,0,,0,0
inventus.online,2025,Web Development & Online Marketing,N,,0,0,"Online marketing, performance & CRO;SEO & vindbaarheid;Strategie & advies;Webshop & e-commerce",4,4,Webshop & online verkoop,2,1,,0,0,Webshop consumenten (D2C),2,1,,0,0,,0,0
iosono.nl,2010,"Ik Ben Creatief, ervaren, behulpzaam, multidisciplinair en succesvol voor mijn klanten",Y,,0,0,"Branding & huisstijl;Online marketing, performance & CRO;Outcome-verkoop (leads, omzet, groei)",5,3,"Beter vindbaar in Google;Meer leads, aanvragen & verkoop",3,2,,0,0,,0,0,,0,0,,0,0
iosono.nl,2020,Marketing Adviesbureau | Strategisch Marketing Advies,Y,,0,0,"Online marketing, performance & CRO;Strategie & advies",3,2,"Meer leads, aanvragen & verkoop",2,1,,0,0,,0,0,,0,0,,0,0
iosono.nl,2023,Marketing Adviesbureau | Strategisch Marketing Advies,Y,,0,0,"Online marketing, performance & CRO;Strategie & advies",3,2,"Meer leads, aanvragen & verkoop",2,1,,0,0,,0,0,,0,0,,0,0
iosono.nl,2025,Marketing Adviesbureau | Strategisch Marketing Advies,Y,,0,0,"Online marketing, performance & CRO;Strategie & advies",3,2,"Meer leads, aanvragen & verkoop",2,1,,0,0,,0,0,,0,0,,0,0
ismotion.nl,2019,Zet iets moois in beweging,N,,0,0,"Video, animatie & fotografie",6,1,"Content & creatieve productie;Merk, huisstijl & verhaal",3,2,,0,0,,0,0,,0,0,,0,0
ismotion.nl,2020,Zet iets moois in beweging,N,,0,0,"Video, animatie & fotografie",6,1,"Content & creatieve productie;Merk, huisstijl & verhaal",3,2,,0,0,,0,0,,0,0,,0,0
ismotion.nl,2023,Zet iets moois in beweging,N,,0,0,"Video, animatie & fotografie",3,1,"Content & creatieve productie;Merk, huisstijl & verhaal",3,2,,0,0,,0,0,,0,0,,0,0
ismotion.nl,2025,Zet iets moois in beweging,N,,0,0,"Video, animatie & fotografie",3,1,"Content & creatieve productie;Merk, huisstijl & verhaal",3,2,,0,0,,0,0,,0,0,,0,0
jakdesign.nl,2020,JAK DESIGN IS EEN Creatief Ontwerp Bureau Jouw uitstraling is mijn missie,N,,0,0,Branding & huisstijl;SEO & vindbaarheid;Website & webdesign,4,3,"Beter vindbaar in Google;Merk, huisstijl & verhaal;Naamsbekendheid & zichtbaarheid",4,3,,0,0,,0,0,,0,0,,1,0
jakdesign.nl,2023,Webdesigner Groningen Meer succes met een winstgevende website,N,,0,0,Website & webdesign,2,1,"Meer leads, aanvragen & verkoop;Naamsbekendheid & zichtbaarheid",5,2,,0,0,,0,0,,0,0,Regionaal (binnen Nederland),1,1
jakdesign.nl,2025,Samen bouwen wij aan jouw online succes!,Y,,0,0,"Online marketing, performance & CRO;Outcome-verkoop (leads, omzet, groei);Strategie & advies;Website & webdesign",5,4,Beter vindbaar in Google;Naamsbekendheid & zichtbaarheid;Website verouderd of nieuw nodig,4,3,,0,0,,0,0,,0,0,,0,0
jam16.nl,2018,JAM16 reclamestudio Concept & Design Sinds 2016,Y,"Nonprofits, charities & associations",1,1,"Campagnes & creatieve concepten;Grafisch ontwerp, drukwerk & print",2,2,,0,0,,0,0,,1,0,Klein / zelfstandig,1,1,,0,0
jam16.nl,2020,JAM16 reclamestudio Concept & Design Sinds 2016,Y,"Nonprofits, charities & associations",1,1,"Campagnes & creatieve concepten;Grafisch ontwerp, drukwerk & print",2,2,,0,0,,0,0,,1,0,Klein / zelfstandig,1,1,,0,0
jam16.nl,2023,Multi disciplinary Concept & Design,Y,,0,0,"Grafisch ontwerp, drukwerk & print",1,1,Advertenties & campagnes renderen niet,1,1,,0,0,,0,0,,0,0,,0,0
jam16.nl,2025,Multi disciplinary Concept & Design,Y,,0,0,"Grafisch ontwerp, drukwerk & print",1,1,Advertenties & campagnes renderen niet,1,1,,0,0,,0,0,,0,0,,0,0
jibe-group.com,2010,,N,"Hospitality, tourism, sports & recreation",1,1,"Online marketing, performance & CRO",4,1,,0,0,,0,0,,0,0,,0,0,Heel Nederland (landelijk),1,1
jibe-group.com,2020,Making it happen.,N,"Software, IT & telecom",1,1,"Grafisch ontwerp, drukwerk & print;Strategie & advies",2,2,Naamsbekendheid & zichtbaarheid,2,1,,0,0,,0,0,,0,0,Heel Nederland (landelijk),1,1
jibe-group.com,2023,Making it happen.,N,"Software, IT & telecom",1,1,"Grafisch ontwerp, drukwerk & print;Strategie & advies",2,2,Naamsbekendheid & zichtbaarheid,2,1,,0,0,,0,0,,0,0,Heel Nederland (landelijk),1,1
jibe-group.com,2025,Making it happen in IT.,Y,"Software, IT & telecom",1,1,Strategie & advies,1,1,Naamsbekendheid & zichtbaarheid,2,1,,0,0,,0,0,,0,0,Heel Nederland (landelijk),1,1
jijonline.nu,2012,Je website binnen een dag online,Y,,0,0,"Branding & huisstijl;Grafisch ontwerp, drukwerk & print;Video, animatie & fotografie;Website & webdesign",5,4,Website verouderd of nieuw nodig,1,1,,0,0,,0,0,Klein / zelfstandig,1,1,,0,0
jijonline.nu,2020,Online resultaat waar je jij tegen zegt,N,,0,0,"Online marketing, performance & CRO;Strategie & advies",3,2,"Groei & nieuwe markten;Meer leads, aanvragen & verkoop;Website verouderd of nieuw nodig",3,3,Website & CMS,1,1,,0,0,MKB / middelgroot,1,1,,0,0
jijonline.nu,2023,Wij zorgen dat je marketing klaar is voor de volgende groeifase,N,Business & professional services,1,1,"Online marketing, performance & CRO;Strategie & advies",4,2,"Maatwerk software & efficiëntere processen;Meer leads, aanvragen & verkoop",4,2,,0,0,Zakelijke afnemers (B2B),1,1,MKB / middelgroot,1,1,,0,0
jmr-digital.com,2018,Hier wordt hard gewerkt...,N,,0,0,,0,0,,1,0,,0,0,,0,0,,0,0,,0,0
jmr-digital.com,2020,UNLEASH YOUR DIGITAL POTENTIAL,N,,0,0,"Content & copywriting;E-mailmarketing, automation & funnels;Online marketing, performance & CRO;Outcome-verkoop (leads, omzet, groei);Strategie & advies",6,5,"Meer leads, aanvragen & verkoop",3,1,,0,0,,0,0,,0,0,Internationaal / wereldwijd;Regionaal (binnen Nederland),2,2
jmr-digital.com,2023,JMR Digital Marketing for businesses around the world,N,,0,0,"Content & copywriting;E-mailmarketing, automation & funnels;Online marketing, performance & CRO;Outcome-verkoop (leads, omzet, groei);Strategie & advies",6,5,"Meer leads, aanvragen & verkoop",2,1,,0,0,,0,0,,0,0,Internationaal / wereldwijd;Regionaal (binnen Nederland),3,2
jmr-digital.com,2025,"Hi, we're JMR We solve digital marketing challenges for businesses around the world.",N,,0,0,"E-mailmarketing, automation & funnels;Online marketing, performance & CRO",2,2,,1,0,,0,0,,0,0,,0,0,Internationaal / wereldwijd,2,1
joepublic.nl,2020,"Topreclame bereikbaar maken voor elk budget, dat is onze missie.",N,,0,0,,1,0,Advertenties & campagnes renderen niet,1,1,,0,0,,0,0,,0,0,,0,0
joepublic.nl,2024,"Reclame voor het grote publiek, daar is Joe Public goed in.",Y,,0,0,Strategie & advies,2,1,Groei & nieuwe markten;Maatwerk software & efficiëntere processen,2,2,,0,0,,0,0,,0,0,,0,0
joepublic.nl,2025,"Reclame voor het grote publiek, daar is Joe Public goed in.",Y,,0,0,Strategie & advies,2,1,Groei & nieuwe markten;Maatwerk software & efficiëntere processen,2,2,,0,0,,0,0,,0,0,,0,0
jointlyheroes.nl,2022,Winstgevende online en offline oplossingen op maat,Y,,0,0,Website & webdesign,1,1,,1,0,,0,0,,0,0,,0,0,Heel Nederland (landelijk),1,1
jointlyheroes.nl,2023,Winstgevende oplossingen op maat,Y,,0,0,Website & webdesign,1,1,,1,0,,0,0,,0,0,,0,0,Heel Nederland (landelijk),1,1
jointlyheroes.nl,2025,Fullservice WordPress & online marketing bureau uit Almere.,Y,,0,0,Website & webdesign,1,1,Naamsbekendheid & zichtbaarheid,1,1,Website & CMS,2,1,,0,0,,0,0,Nederlandse stad of plaats,1,1
jungleminds.nl,2008,,N,,0,0,,0,0,,0,0,,0,0,,0,0,,0,0,,0,0
jungleminds.nl,2020,"Business impact, by making",N,,0,0,"Branding & huisstijl;Grafisch ontwerp, drukwerk & print;UX/UI & interface design",3,3,,1,0,,0,0,,0,0,,0,0,,0,0
jungleminds.nl,2026,Making is believing.,Y,,0,0,Apps & maatwerk platforms;Strategie & advies;UX/UI & interface design,3,3,Klantbehoud & loyaliteit,2,1,,0,0,Gemengd;Webshop B2B;Zakelijke afnemers (B2B),4,3,,0,0,,0,0
junnect.nl,2022,We connect you with the online marketing jungle!,N,,0,0,Social media content & beheer;Website & webdesign,3,2,Groei & nieuwe markten;Klantbehoud & loyaliteit,2,2,Multi-channel & omnichannel,1,1,,0,0,,0,0,,1,0
junnect.nl,2023,Wij gidsen jou door de online marketing jungle,N,"Nonprofits, charities & associations",1,1,Social media content & beheer;Website & webdesign,3,2,"Meer leads, aanvragen & verkoop",2,1,,0,0,,0,0,MKB / middelgroot,1,1,,0,0
junnect.nl,2025,Wij gidsen jou door de online marketing jungle,N,"Nonprofits, charities & associations",1,1,"Online marketing, performance & CRO;Social media content & beheer;Website & webdesign",3,3,"Meer leads, aanvragen & verkoop",2,1,,0,0,,0,0,MKB / middelgroot,1,1,,0,0
kaliber.net,2003,,N,,0,0,,0,0,,0,0,,0,0,,0,0,,0,0,,0,0
kaliber.net,2020,Digitaal bureau voor intensieve interactie,N,,0,0,Strategie & advies,2,1,,2,0,,0,0,,0,0,,0,0,,0,0
kaliber.net,2023,Digitaal bureau voor intensieve interactie,N,,0,0,Strategie & advies,2,1,,2,0,,0,0,,0,0,,0,0,,0,0
kaliber.net,2025,Digitaal bureau voor intensieve interactie,N,,0,0,Strategie & advies,2,1,,2,0,,0,0,,0,0,,0,0,,0,0
keenr.nl,2019,"Hallo, wij zijn Keenr. De specialisten van ons online marketingbureau in Amsterdam weten precies wat er nodig is om jouw bedrijf online te laten groeien!",N,,0,0,Online adverteren (paid ads),2,1,"Meer leads, aanvragen & verkoop",1,1,,0,0,,0,0,,0,0,Nederlandse stad of plaats,1,1
keenr.nl,2020,"Hallo, wij zijn Keenr.",N,,0,0,"Online adverteren (paid ads);Online marketing, performance & CRO;SEO & vindbaarheid;Social media content & beheer;Strategie & advies",5,5,"Meer leads, aanvragen & verkoop",1,1,,0,0,,0,0,,0,0,Nederlandse stad of plaats,1,1
keenr.nl,2025,Keen to help you grow,Y,,0,0,"Content & copywriting;Online marketing, performance & CRO;Outcome-verkoop (leads, omzet, groei);Webshop & e-commerce",4,4,Groei & nieuwe markten,2,1,,0,0,Webshop B2B;Webshop consumenten (D2C),2,2,,0,0,,0,0
keyagency.nl,1998,Een reclamebureau kiezen?,Y,,0,0,"Grafisch ontwerp, drukwerk & print",1,1,,0,0,,0,0,,0,0,,0,0,,0,0
keyagency.nl,2023,Digital. Marketing. Media.,Y,,0,0,"Branding & huisstijl;Content & copywriting;Online marketing, performance & CRO",4,3,Groei & nieuwe markten,4,1,,0,0,,0,0,,0,0,,0,0
keyagency.nl,2025,"Welkom bij Key Agency! Wij zijn het digitale bureau dat merken helpt groeien met websites, content en advertising die precies op elkaar zijn afgestemd.",Y,,0,0,Branding & huisstijl;Content & copywriting,3,2,Groei & nieuwe markten,2,1,,0,0,,0,0,,0,0,,0,0
kinsmen.tv,2018,"Kinsmen Collective | Animatie, video, concept, fotografie",Y,,0,0,"Video, animatie & fotografie",1,1,Content & creatieve productie,1,1,,0,0,,0,0,,0,0,,0,0
kinsmen.tv,2020,,N,,0,0,Content & copywriting,1,1,,0,0,,0,0,,0,0,,0,0,,0,0
kinsmen.tv,2025,Kinsmen Collective – Motion Design Studio,Y,,0,0,"Content & copywriting;Video, animatie & fotografie",2,2,"Merk, huisstijl & verhaal",2,1,,0,0,,0,0,,0,0,,0,0
kleinmedia.nl,2011,"Klein Media - Ontwerpbureau, videoproducties en webdesign Amsterdam",Y,,0,0,"Grafisch ontwerp, drukwerk & print;Strategie & advies;Video, animatie & fotografie;Website & webdesign",5,4,Beter vindbaar in Google;Website verouderd of nieuw nodig,3,2,,0,0,,0,0,,1,0,Regionaal (binnen Nederland),1,1
kleinmedia.nl,2020,"Webdesign, Grafische vormgeving, SEO en Videoproducties online mediabureau gevestigd in Amsterdam",Y,,0,0,"Branding & huisstijl;Grafisch ontwerp, drukwerk & print;Video, animatie & fotografie;Website & webdesign",5,4,"Beter vindbaar in Google;Meer leads, aanvragen & verkoop;Naamsbekendheid & zichtbaarheid",3,3,Website & CMS,1,1,,0,0,,0,0,Nederlandse stad of plaats,1,1
kleinmedia.nl,2023,Digitale Oplossingen voor organisaties van de toekomst,Y,,0,0,Branding & huisstijl;SEO & vindbaarheid;Strategie & advies;Website & webdesign,5,4,"Groei & nieuwe markten;Meer leads, aanvragen & verkoop",3,2,Multi-channel & omnichannel,1,1,,0,0,MKB / middelgroot,1,1,Nederlandse stad of plaats,1,1
kleinmedia.nl,2025,Outstanding Digital Solutions that Multiply results,Y,,0,0,"Branding & huisstijl;Outcome-verkoop (leads, omzet, groei);Strategie & advies;Website & webdesign",10,4,Groei & nieuwe markten,2,1,Multi-channel & omnichannel,1,1,,0,0,MKB / middelgroot,1,1,Nederlandse stad of plaats,1,1
klemtoonmedia.nl,2014,Klemtoon Media richt zich op het bouwen of versterken van jouw imago. Wij leggen de Klemtoon waar jij dat wilt.,N,,0,0,PR & influencer marketing,1,1,"Merk, huisstijl & verhaal",1,1,,0,0,,0,0,,0,0,,0,0
klemtoonmedia.nl,2020,Jouw partner in podcasten,N,,0,0,"Video, animatie & fotografie",2,1,Naamsbekendheid & zichtbaarheid,1,1,"Content, video & PR",1,1,,0,0,,0,0,,0,0
klemtoonmedia.nl,2023,Jouw partner in podcasten,N,,0,0,"Video, animatie & fotografie",2,1,Content & creatieve productie;Naamsbekendheid & zichtbaarheid,5,2,"Content, video & PR",1,1,,0,0,,0,0,,0,0
klemtoonmedia.nl,2025,Podcast maken voor professionals en bedrijven,Y,,0,0,"PR & influencer marketing;Video, animatie & fotografie",2,2,Content & creatieve productie;Naamsbekendheid & zichtbaarheid,5,2,"Content, video & PR",1,1,,0,0,,0,0,,0,0
klikkertje.nl,2020,Jouw partner in Online Marketing,Y,,0,0,"Online adverteren (paid ads);Online marketing, performance & CRO;SEO & vindbaarheid;Strategie & advies",5,4,"Beter vindbaar in Google;Groei & nieuwe markten;Meer leads, aanvragen & verkoop",3,3,"SEA, display & overige paid advertising",1,1,,0,0,MKB / middelgroot,1,1,,0,0
klikkertje.nl,2023,Jouw partner in Online Marketing,Y,,0,0,"Online adverteren (paid ads);Online marketing, performance & CRO;SEO & vindbaarheid;Strategie & advies",5,4,"Beter vindbaar in Google;Groei & nieuwe markten;Meer leads, aanvragen & verkoop",3,3,"SEA, display & overige paid advertising",1,1,,0,0,MKB / middelgroot,1,1,,0,0
klikkertje.nl,2025,Jouw partner in Online Marketing,Y,,0,0,"Online adverteren (paid ads);Online marketing, performance & CRO;SEO & vindbaarheid;Strategie & advies",5,4,"Beter vindbaar in Google;Groei & nieuwe markten;Meer leads, aanvragen & verkoop",3,3,"SEA, display & overige paid advertising",1,1,,0,0,MKB / middelgroot,1,1,,0,0
kliktaal.nl,2020,Kliktaal | Fullservice Contentbureau | Voor content die zorgt voor een klik,Y,,0,0,"Content & copywriting;Video, animatie & fotografie",5,2,"Content & creatieve productie;Merk, huisstijl & verhaal",3,2,,0,0,,0,0,,0,0,,0,0
kliktaal.nl,2023,Kliktaal | Fullservice Contentbureau | Voor content die zorgt voor een klik,Y,,0,0,"Content & copywriting;Video, animatie & fotografie",5,2,"Content & creatieve productie;Merk, huisstijl & verhaal",3,2,,0,0,,0,0,,0,0,,0,0
kliktaal.nl,2025,Kliktaal | Fullservice Contentbureau | Voor content die zorgt voor een klik,Y,,0,0,"Content & copywriting;Video, animatie & fotografie",5,2,"Content & creatieve productie;Merk, huisstijl & verhaal",3,2,,0,0,,0,0,,0,0,,0,0
klubb.nl,2015,,N,,0,0,,0,0,,0,0,,0,0,,0,0,,0,0,,0,0
klubb.nl,2023,Your digital agency. Turning visitors into clients.,N,,0,0,"Apps & maatwerk platforms;Online marketing, performance & CRO;Strategie & advies",3,3,Klantbehoud & loyaliteit,2,1,,0,0,,0,0,,0,0,,0,0
klubb.nl,2025,Turning visitors into clients,N,,0,0,"Outcome-verkoop (leads, omzet, groei);Webshop & e-commerce",3,2,"Groei & nieuwe markten;Meer leads, aanvragen & verkoop",3,2,Social media paid,1,1,Webshop B2B,1,1,,0,0,Nederlandse stad of plaats;Regionaal (binnen Nederland),5,2
kompaniet.nl,2020,Home of the pixel since 1999,N,,0,0,Branding & huisstijl;Campagnes & creatieve concepten,3,2,,0,0,,0,0,,0,0,,0,0,,0,0
kompaniet.nl,2023,Home of the pixel since 1999,N,,0,0,Branding & huisstijl;Campagnes & creatieve concepten,3,2,,0,0,,0,0,,0,0,,0,0,,0,0
kompaniet.nl,2025,Home of the pixel since 1999,N,,0,0,Branding & huisstijl;Campagnes & creatieve concepten,3,2,,0,0,,0,0,,0,0,,0,0,,0,0
koos.agency,2024,Making digital life human,N,"Energy, utilities & environment;Finance & insurance;Government & public sector;Healthcare & care;Software, IT & telecom;Transport, logistics & automotive",6,6,"Grafisch ontwerp, drukwerk & print;Strategie & advies",4,2,,1,0,,0,0,,0,0,,0,0,,0,0
koos.agency,2025,Making digital life human,N,"Energy, utilities & environment;Finance & insurance;Government & public sector;Healthcare & care;Software, IT & telecom;Transport, logistics & automotive",6,6,"Grafisch ontwerp, drukwerk & print;Strategie & advies",4,2,,1,0,,0,0,,0,0,,0,0,,0,0
krbcommunicatie.nl,2015,krb. strategisch en creatief in communicatie,Y,,0,0,Branding & huisstijl;Strategie & advies,3,2,,1,0,,0,0,,0,0,,0,0,,0,0
krbcommunicatie.nl,2020,Strategische en creatieve vakmensen,Y,,0,0,Branding & huisstijl;Campagnes & creatieve concepten;Strategie & advies,4,3,"Merk, huisstijl & verhaal",1,1,,0,0,,0,0,,0,0,,0,0
krbcommunicatie.nl,2023,Strategische en creatieve vakmensen,Y,,0,0,Branding & huisstijl;Campagnes & creatieve concepten;Strategie & advies,4,3,"Merk, huisstijl & verhaal",1,1,,0,0,,0,0,,0,0,,0,0
krbcommunicatie.nl,2025,Full service bureau voor marketing en communicatie.,Y,"Nonprofits, charities & associations",1,1,Strategie & advies,2,1,,0,0,,0,0,,0,0,,0,0,,0,0
lab701.nl,2012,"Lab701 ""the social media kitchen""",N,"Media, culture & entertainment",1,1,Social media content & beheer;Strategie & advies,4,2,Naamsbekendheid & zichtbaarheid,1,1,,0,0,Gemengd,1,1,MKB / middelgroot,1,1,Nederlandse stad of plaats;Regionaal (binnen Nederland),2,2
lab701.nl,2020,'Juiste inzet van Online Media en Inbound Marketing levert je meer leads en meer omzet op',N,Business & professional services,1,1,"Online adverteren (paid ads);Online marketing, performance & CRO;Social media content & beheer;Website & webdesign",4,4,"Meer leads, aanvragen & verkoop",2,1,"E-mail, CRM & marketing automation",1,1,,0,0,,0,0,,0,0
lab701.nl,2025,Maximaliseer jouw Sales met Online en Inbound Marketing: Genereer Meer Leads en Omzet!,Y,Manufacturing & industrial,1,1,"E-mailmarketing, automation & funnels;Online marketing, performance & CRO;Social media content & beheer;Video, animatie & fotografie;Website & webdesign",6,5,"Groei & nieuwe markten;Meer leads, aanvragen & verkoop",2,2,"E-mail, CRM & marketing automation",2,1,Zakelijke afnemers (B2B),1,1,,0,0,,0,0
labdigital.nl,2015,Creatief en technisch online bureau,N,,0,0,Apps & maatwerk platforms;Webshop & e-commerce,3,2,,2,0,,0,0,,0,0,,0,0,,0,0
labdigital.nl,2023,We are a leading tech agency,N,,0,0,Strategie & advies,3,1,,1,0,Apps & custom platforms;Webshop & e-commerceplatform,2,2,,0,0,Groot / corporate / marktleider,1,1,,0,0
labdigital.nl,2025,Digital doesn't need to be complicated,N,,0,0,Strategie & advies;Webshop & e-commerce,2,2,,1,0,Apps & custom platforms;Webshop & e-commerceplatform,2,2,,0,0,Groot / corporate / marktleider,1,1,,0,0
lafortezza.nl,2012,Welkom op de website van La Fortezza Webdesign & Media,N,,0,0,Content & copywriting;Website & webdesign,2,2,,2,0,,0,0,,0,0,,0,0,,0,0
lafortezza.nl,2020,La Fortezza | Marketing - Winkelcentrummanagement,N,Retail & e-commerce (general consumer goods),1,1,"Branding & huisstijl;Content & copywriting;Grafisch ontwerp, drukwerk & print;Online marketing, performance & CRO;Website & webdesign",6,5,,0,0,,0,0,,0,0,,0,0,,0,0
lafortezza.nl,2023,La Fortezza | Marketing - Winkelcentrummanagement,N,Retail & e-commerce (general consumer goods),1,1,"Branding & huisstijl;Content & copywriting;Grafisch ontwerp, drukwerk & print;Online marketing, performance & CRO;Website & webdesign",6,5,,0,0,,0,0,,0,0,,0,0,,0,0
lafortezza.nl,2025,La Fortezza Marketing & Communicatie is onze passie.,N,Retail & e-commerce (general consumer goods),2,1,"Branding & huisstijl;Online marketing, performance & CRO",3,2,,0,0,,0,0,,0,0,,0,0,Regionaal (binnen Nederland),1,1
leadi.nl,2021,Leadi - we generate leads,N,,0,0,"Online adverteren (paid ads);Outcome-verkoop (leads, omzet, groei);SEO & vindbaarheid;Website & webdesign",5,4,"Meer leads, aanvragen & verkoop",1,1,,0,0,,0,0,,0,0,,0,0
leadi.nl,2023,Nieuwe zakelijke klanten om je bedrijf te laten groeien,N,,0,0,"E-mailmarketing, automation & funnels;Online marketing, performance & CRO;Outcome-verkoop (leads, omzet, groei)",3,3,"Meer leads, aanvragen & verkoop",3,1,,0,0,Zakelijke afnemers (B2B),1,1,,0,0,,0,0
leadi.nl,2025,Nooit meer zorgen over waar je volgende klant vandaan komt,N,,0,0,"Outcome-verkoop (leads, omzet, groei);Website & webdesign",2,2,"Meer leads, aanvragen & verkoop",4,1,,0,0,,0,0,,0,0,,0,0
leadsmaster.nl,2024,Get your leads ✅ Get your sales ✅,Y,,0,0,"Outcome-verkoop (leads, omzet, groei)",4,1,"Meer leads, aanvragen & verkoop",2,1,,0,0,,0,0,,0,0,,0,0
leadsmaster.nl,2025,Leadgeneratie nodig? ✅ Ontdek lead-specialist Leadsmaster,Y,,0,0,"Outcome-verkoop (leads, omzet, groei)",3,1,"Groei & nieuwe markten;Meer leads, aanvragen & verkoop",4,2,,0,0,,0,0,,0,0,,0,0
lemon.nl,1998,Lemon Factory - 2D 3D AV Internet Design,N,,0,0,"Grafisch ontwerp, drukwerk & print",1,1,,0,0,,0,0,,0,0,,0,0,,0,0
lemon.nl,2020,Lemon | Interactieve communicatie,N,,0,0,"E-mailmarketing, automation & funnels",1,1,,0,0,,0,0,,0,0,,0,0,,0,0
lemon.nl,2023,WordPress maatwerk in Amsterdam,Y,,0,0,Webshop & e-commerce;Website & webdesign,4,2,,0,0,Website & CMS,2,1,,2,0,Groot / corporate / marktleider,2,1,Nederlandse stad of plaats,1,1
lemon.nl,2025,WordPress maatwerk in Amsterdam,Y,,0,0,Webshop & e-commerce;Website & webdesign,4,2,,0,0,Website & CMS,2,1,,2,0,Groot / corporate / marktleider,2,1,Nederlandse stad of plaats,1,1
lemone.com,2020,Wij bouwen merken met online impact,N,,0,0,Apps & maatwerk platforms,2,1,,0,0,,0,0,,0,0,Startup / jong / groeiend,2,1,,0,0
lemone.com,2023,Puur online vakmanschap,Y,,0,0,Branding & huisstijl,3,1,"Merk, huisstijl & verhaal",2,1,,0,0,,0,0,,0,0,,0,0
lemone.com,2025,Puur online vakmanschap,Y,"Education & childcare;Food, beverage & agriculture;Healthcare & care",3,3,Strategie & advies;Website & webdesign,3,2,,1,0,,0,0,,0,0,,0,0,,0,0
lemonscentedtea.com,2020,Creating brands with the power of story,N,,0,0,Branding & huisstijl,1,1,,0,0,,0,0,,0,0,,0,0,,0,0
lemonscentedtea.com,2023,Here to create remarkable impact with the engaging power of story,N,,0,0,,1,0,,0,0,,0,0,,0,0,,0,0,,0,0
lemonscentedtea.com,2025,Thirsty for Total Brand Growth,Y,,0,0,Branding & huisstijl,1,1,"Merk, huisstijl & verhaal",1,1,,0,0,,0,0,,0,0,,0,0
lesupermarche.nl,2019,CENTRE COMMERCIAL MARKETING - PR - SALES - MEDIA - DESIGN - DEVELOPMENT,Y,,0,0,"Outcome-verkoop (leads, omzet, groei);Strategie & advies",3,2,,0,0,,0,0,,0,0,,0,0,,0,0
lesupermarche.nl,2020,CENTRE COMMERCIAL MARKETING - PR - SALES - MEDIA - DESIGN - DEVELOPMENT,Y,,0,0,"Outcome-verkoop (leads, omzet, groei);Strategie & advies",3,2,,0,0,,0,0,,0,0,,0,0,,0,0
lesupermarche.nl,2023,CENTRE COMMERCIAL MARKETING - PR - SALES - MEDIA - DESIGN - DEVELOPMENT,Y,,0,0,"Outcome-verkoop (leads, omzet, groei);Strategie & advies",3,2,,0,0,,0,0,,0,0,,0,0,,0,0
lesupermarche.nl,2024,CENTRE COMMERCIAL MARKETING - PR - SALES - MEDIA - DESIGN - DEVELOPMENT,Y,,0,0,"Outcome-verkoop (leads, omzet, groei);Strategie & advies",3,2,,0,0,,0,0,,0,0,,0,0,,0,0
likefriends.nl,2012,,N,,0,0,Campagnes & creatieve concepten;Social media content & beheer,3,2,,0,0,Social media organisch,1,1,,0,0,,0,0,,0,0
likefriends.nl,2020,a people first creative agency for the now.,N,,1,0,Branding & huisstijl,4,1,,3,0,,0,0,,0,0,,0,0,,0,0
likefriends.nl,2023,a people first creative agency for the now.,N,,1,0,Branding & huisstijl,4,1,,3,0,,0,0,,0,0,,0,0,,0,0
likefriends.nl,2025,a people first creative agency for the now.,N,,1,0,Branding & huisstijl,4,1,,3,0,,0,0,,0,0,,0,0,,0,0
likehoney.nl,2020,"Meer klanten, meer omzet",N,,0,0,"Content & copywriting;E-mailmarketing, automation & funnels;Online marketing, performance & CRO",6,3,"Klantbehoud & loyaliteit;Meer leads, aanvragen & verkoop",3,2,,0,0,,0,0,,0,0,,0,0
likehoney.nl,2023,"ONLINE MARKETINGBUREAU, MAAR DAN CREATIEF",N,,0,0,"Content & copywriting;E-mailmarketing, automation & funnels;Online marketing, performance & CRO;Outcome-verkoop (leads, omzet, groei)",8,4,"Meer leads, aanvragen & verkoop",1,1,"E-mail, CRM & marketing automation",1,1,,0,0,,0,0,,0,0
likehoney.nl,2025,"Samen voor succes, met Growth en AI Marketing.",N,"Nonprofits, charities & associations",1,1,"Apps & maatwerk platforms;Content & copywriting;E-mailmarketing, automation & funnels;Employer branding & recruitment;Online adverteren (paid ads);Online marketing, performance & CRO;Outcome-verkoop (leads, omzet, groei);SEO & vindbaarheid;Strategie & advies;Website & webdesign",17,10,"Groei & nieuwe markten;Meer leads, aanvragen & verkoop",3,2,,0,0,Consumentenmarkt offline;Zakelijke afnemers (B2B),2,2,,0,0,,0,0
lime-c.nl,2002,Doen waar je passie ligt.,N,,0,0,Content & copywriting;Strategie & advies,4,2,,1,0,,0,0,,0,0,,0,0,,0,0
lime-c.nl,2020,Jouw partner in communicatie,N,,0,0,Strategie & advies,3,1,Naamsbekendheid & zichtbaarheid,1,1,,0,0,,0,0,,0,0,,0,0
lime-c.nl,2023,Jouw partner in communicatie,N,,0,0,Strategie & advies,3,1,Naamsbekendheid & zichtbaarheid,1,1,,0,0,,0,0,,0,0,,0,0
lime-c.nl,2025,Cut the crap,N,,0,0,Branding & huisstijl;Campagnes & creatieve concepten;Content & copywriting;PR & influencer marketing;Strategie & advies,6,5,"Merk, huisstijl & verhaal;Naamsbekendheid & zichtbaarheid",2,2,,0,0,,0,0,,1,0,,0,0
limesquare.nl,2007,LimeSquare markting & communicatie,N,,0,0,"Online marketing, performance & CRO",1,1,,1,0,,0,0,,0,0,,0,0,,0,0
limesquare.nl,2020,Limesquare | Creatieve marketing en communicatie,N,,0,0,"Branding & huisstijl;Campagnes & creatieve concepten;Content & copywriting;E-mailmarketing, automation & funnels;Employer branding & recruitment;Grafisch ontwerp, drukwerk & print;Online marketing, performance & CRO;Strategie & advies;Website & webdesign",12,9,"Meer leads, aanvragen & verkoop;Merk, huisstijl & verhaal",2,2,,0,0,,0,0,,0,0,,0,0
limesquare.nl,2023,Meer dan marketing,N,,0,0,"Apps & maatwerk platforms;Campagnes & creatieve concepten;E-mailmarketing, automation & funnels;Grafisch ontwerp, drukwerk & print;SEO & vindbaarheid;Strategie & advies",7,6,"Merk, huisstijl & verhaal",2,1,,0,0,,0,0,,0,0,,0,0
limesquare.nl,2025,Haal het beste in je merk naar boven,Y,,0,0,"Apps & maatwerk platforms;Branding & huisstijl;Online marketing, performance & CRO;Strategie & advies",4,4,"Merk, huisstijl & verhaal",2,1,,0,0,,0,0,,0,0,,0,0
lvb.nl,2010,"Hostnet, domeinnaamregistratie, webhosting, dedicated hosting, VPS",N,,0,0,,0,0,,0,0,,0,0,,0,0,,0,0,,0,0
lvb.nl,2020,hét nummer 1 content marketing bureau in Nederland,N,,0,0,"Branding & huisstijl;Content & copywriting;PR & influencer marketing;Video, animatie & fotografie",7,4,Content & creatieve productie,1,1,,0,0,,0,0,,0,0,,0,0
lvb.nl,2023,LVB IS BECOMING iO,Y,Government & public sector,1,1,"Branding & huisstijl;Content & copywriting;PR & influencer marketing;Social media content & beheer;Video, animatie & fotografie",5,5,Groei & nieuwe markten,1,1,"Content, video & PR;Social media organisch",3,2,,0,0,Groot / corporate / marktleider,1,1,,0,0
lvb.nl,2025,LVB IS BECOMING iO,Y,Government & public sector;Healthcare & care,2,2,"Branding & huisstijl;Content & copywriting;Employer branding & recruitment;PR & influencer marketing;Social media content & beheer;Video, animatie & fotografie",8,6,Groei & nieuwe markten,1,1,"Branding, campagne & activatie;Content, video & PR;Social media organisch",6,3,,0,0,Groot / corporate / marktleider,1,1,,0,0
mackintoshbranding.com,2023,WE ARE FEARLESS CREATIVES,Y,,0,0,Branding & huisstijl;Campagnes & creatieve concepten;Online adverteren (paid ads);Strategie & advies,4,4,"Groei & nieuwe markten;Merk, huisstijl & verhaal",2,2,,0,0,,0,0,Startup / jong / groeiend,1,1,Nederlandse stad of plaats;Regionaal (binnen Nederland),2,2
mackintoshbranding.com,2025,WE ARE STRATEGIC BRANDBUILDERS,Y,,0,0,Branding & huisstijl;Campagnes & creatieve concepten;Online adverteren (paid ads);Strategie & advies,5,4,"Groei & nieuwe markten;Merk, huisstijl & verhaal",2,2,,0,0,,0,0,Startup / jong / groeiend,1,1,Nederlandse stad of plaats,1,1
maibru.com,2019,"Wij creëren ideeën, diensten en producten die mensen en merken dichterbij elkaar brengen.",N,,0,0,Branding & huisstijl,2,1,,0,0,,0,0,,0,0,,0,0,,0,0
maibru.com,2020,"Strategische, verbale en visuele helderheid van merken.",N,,0,0,Strategie & advies,1,1,,0,0,,0,0,,0,0,,0,0,,0,0
maibru.com,2023,Consistent in helderheid,N,,0,0,Branding & huisstijl,2,1,,0,0,,0,0,,0,0,,0,0,,0,0
maibru.com,2025,Consistent in helderheid,N,,0,0,Branding & huisstijl,2,1,,0,0,,0,0,,0,0,,0,0,,0,0
majavi.nl,2009,Majavi MultiMedia,N,,0,0,"Grafisch ontwerp, drukwerk & print;Website & webdesign",2,2,,0,0,,0,0,,0,0,,0,0,,0,0
majavi.nl,2020,Welkom op de site van Majavi Multimedia,Y,,0,0,"Grafisch ontwerp, drukwerk & print",1,1,,0,0,,0,0,,0,0,,0,0,,0,0
majavi.nl,2024,Welkom op de site van Majavi Multimedia,Y,,0,0,"Grafisch ontwerp, drukwerk & print",1,1,,0,0,,0,0,,0,0,,0,0,,0,0
majavi.nl,2025,Welkom op de site van Majavi Multimedia,Y,,0,0,"Grafisch ontwerp, drukwerk & print",1,1,,0,0,,0,0,,0,0,,0,0,,0,0
makemarketingmagic.com,2004,X-Treme Marketing Makeovers!,N,,0,0,"Online marketing, performance & CRO;Outcome-verkoop (leads, omzet, groei)",2,2,"Meer leads, aanvragen & verkoop",2,1,,0,0,,0,0,,0,0,,0,0
makemarketingmagic.com,2020,Wij maken groei mogelijk,Y,,0,0,"Campagnes & creatieve concepten;Online marketing, performance & CRO;Outcome-verkoop (leads, omzet, groei)",4,3,Groei & nieuwe markten,1,1,,0,0,,0,0,MKB / middelgroot,1,1,,0,0
makemarketingmagic.com,2023,Marketing maar dan anders.,Y,,0,0,,2,0,Groei & nieuwe markten,1,1,,0,0,,0,0,,0,0,,0,0
makemarketingmagic.com,2025,Dé B2B Marketing en Sales partner voor tech bedrijven,N,"Software, IT & telecom",2,1,"Online marketing, performance & CRO",3,1,"Meer leads, aanvragen & verkoop",2,1,,0,0,Zakelijke afnemers (B2B),1,1,Startup / jong / groeiend,1,1,,0,0
manifyagency.com,2022,Cut through the noise with Manify,N,"Hospitality, tourism, sports & recreation;Media, culture & entertainment;Software, IT & telecom",3,3,"Online marketing, performance & CRO",2,1,"Content & creatieve productie;Maatwerk software & efficiëntere processen;Meer leads, aanvragen & verkoop",3,3,Social media organisch,1,1,Webshop consumenten (D2C);Zakelijke afnemers (B2B),2,2,Groot / corporate / marktleider,1,1,,0,0
manifyagency.com,2023,Cut through the noise with Manify 🔥,N,"Hospitality, tourism, sports & recreation;Media, culture & entertainment;Software, IT & telecom",3,3,"Online marketing, performance & CRO",2,1,"Content & creatieve productie;Maatwerk software & efficiëntere processen;Meer leads, aanvragen & verkoop",3,3,Social media organisch,1,1,Webshop consumenten (D2C);Zakelijke afnemers (B2B),2,2,Groot / corporate / marktleider,1,1,,0,0
manifyagency.com,2025,Boost jouw merk versnel de groei van jouw bedrijf!,N,,0,0,"Content & copywriting;Online adverteren (paid ads);Online marketing, performance & CRO;Social media content & beheer;Website & webdesign",5,5,"Groei & nieuwe markten;Meer leads, aanvragen & verkoop;Merk, huisstijl & verhaal",5,3,,0,0,,0,0,,0,0,,0,0
markaching.nl,2021,We build your brand,Y,,0,0,"Content & copywriting;Online marketing, performance & CRO",4,2,,1,0,,0,0,,0,0,,0,0,,0,0
markaching.nl,2023,The kaChing way of Marketing,Y,,0,0,"Online marketing, performance & CRO",3,1,,1,0,,0,0,,0,0,,0,0,,0,0
marketingcollega.nl,2024,Je nieuwe MarketingCollega die zich nooit ziekmeldt,N,,0,0,Branding & huisstijl;SEO & vindbaarheid,4,2,"Beter vindbaar in Google;Klantbehoud & loyaliteit;Meer leads, aanvragen & verkoop;Merk, huisstijl & verhaal",5,4,SEO & organische vindbaarheid,1,1,,0,0,,0,0,,0,0
marketingcollega.nl,2025,Het SEO bureau voor ambiteuze webshops.,N,,0,0,SEO & vindbaarheid;Strategie & advies;Webshop & e-commerce,5,3,,0,0,SEO & organische vindbaarheid;Webshop & e-commerceplatform,2,2,Webshop consumenten (D2C),3,1,,0,0,,0,0
marketingguys.com,2020,YOUR PRAGMATIC MARKETING TECHNOLOGY PARTNER,N,,0,0,Strategie & advies,2,1,"Meer leads, aanvragen & verkoop",3,1,"E-mail, CRM & marketing automation",2,1,,0,0,,0,0,,0,0
marketingguys.com,2023,Helping B2B marketers succeed,N,,0,0,"Online marketing, performance & CRO;Strategie & advies",2,2,"Meer leads, aanvragen & verkoop",2,1,,0,0,Zakelijke afnemers (B2B),2,1,,0,0,,0,0
marketingguys.com,2025,"The connecting link between Marketing, Sales and IT.",N,,0,0,"E-mailmarketing, automation & funnels;Strategie & advies",3,2,Groei & nieuwe markten;Maatwerk software & efficiëntere processen,3,2,"E-mail, CRM & marketing automation",4,1,Zakelijke afnemers (B2B),1,1,,0,0,,0,0
marketingkraam.nl,2020,Resultaatgerichte marketing & effectieve websites,N,,0,0,SEO & vindbaarheid;Strategie & advies;Website & webdesign,4,3,"Beter vindbaar in Google;Meer leads, aanvragen & verkoop",3,2,,0,0,,0,0,,0,0,,0,0
marketingkraam.nl,2023,Jouw marketinggids. Duurzame groei op de digitale markt voor MKB-bedrijven,N,,0,0,Strategie & advies,1,1,Groei & nieuwe markten,1,1,,0,0,,0,0,MKB / middelgroot,1,1,,0,0
marketingkraam.nl,2025,Jouw plek op de online markt,Y,"Energy, utilities & environment;Healthcare & care",2,2,"Online adverteren (paid ads);Online marketing, performance & CRO",3,2,"Meer leads, aanvragen & verkoop",2,1,"SEA, display & overige paid advertising",1,1,Webshop consumenten (D2C);Zakelijke afnemers (B2B),2,2,MKB / middelgroot,2,1,,0,0
marketingshift.nl,2023,De goedkoopste maatwerk websites in heel nederland,N,,0,0,Apps & maatwerk platforms;Website & webdesign,4,2,,0,0,,0,0,,0,0,,0,0,Heel Nederland (landelijk),1,1
marketingshift.nl,2025,Gegarandeerd meer reserveringen en aanvragen voor lokale dienstverleners,N,"Business & professional services;Healthcare & care;Hospitality, tourism, sports & recreation",3,3,"Grafisch ontwerp, drukwerk & print;Webshop & e-commerce;Website & webdesign",4,3,"Meer leads, aanvragen & verkoop",2,1,,0,0,,0,0,,0,0,,0,0
marketway.nl,2021,Samen brengen wij uw marketing naar een nieuw niveau!,Y,,0,0,"Content & copywriting;Online marketing, performance & CRO;Website & webdesign",3,3,,3,0,,0,0,,0,0,,0,0,,0,0
marketway.nl,2023,Full service marketingbureau met jou marketing op één plek!,Y,,0,0,Branding & huisstijl;Campagnes & creatieve concepten;Social media content & beheer;Strategie & advies;Website & webdesign,6,5,Naamsbekendheid & zichtbaarheid,1,1,,0,0,,0,0,,0,0,Regionaal (binnen Nederland),1,1
marketway.nl,2025,Online groei voor zzp’ers en bedrijven met onze websites,N,,0,0,Website & webdesign,4,1,"Meer leads, aanvragen & verkoop;Naamsbekendheid & zichtbaarheid",4,2,,0,0,Zakelijke afnemers (B2B),4,1,Startup / jong / groeiend,2,1,,0,0
mattercontentagency.com,2022,UNLOCKING YOUR FULL CONTENT POTENTIAL,Y,,0,0,Content & copywriting;Strategie & advies,2,2,Naamsbekendheid & zichtbaarheid,1,1,,0,0,,0,0,,0,0,,0,0
mattercontentagency.com,2023,UNLOCKING YOUR FULL CONTENT POTENTIAL,Y,,0,0,Content & copywriting;Strategie & advies,2,2,Naamsbekendheid & zichtbaarheid,1,1,,0,0,,0,0,,0,0,,0,0
mattercontentagency.com,2025,Anyone can make. Few can matter.,N,Retail & e-commerce (general consumer goods),2,1,Content & copywriting;Strategie & advies,4,2,Bewustwording & gedragsverandering;Content & creatieve productie;Klantbehoud & loyaliteit,8,3,,0,0,,0,0,,0,0,,0,0
mattmo.nl,2021,HART VOOR UW MERK,N,"Construction, real estate & housing",1,1,"Grafisch ontwerp, drukwerk & print;Strategie & advies",2,2,,1,0,,0,0,,0,0,,0,0,Nederlandse stad of plaats,1,1
mattmo.nl,2023,Neem nu een stap in integrated reporting,N,"Construction, real estate & housing",1,1,"Grafisch ontwerp, drukwerk & print;Strategie & advies",2,2,,1,0,,0,0,,0,0,,0,0,Nederlandse stad of plaats,1,1
mattmo.nl,2025,"Laat je merk bloeien met slimme ideën, mooi ontwerp en aandacht voor de wereld",N,,0,0,"Campagnes & creatieve concepten;Grafisch ontwerp, drukwerk & print;Strategie & advies",4,3,"Merk, huisstijl & verhaal",3,1,,0,0,,0,0,,0,0,,0,0
mediabirds.nl,2023,Creative en Digital ontmoeten elkaar hier,Y,,0,0,Branding & huisstijl;Strategie & advies,3,2,Groei & nieuwe markten;Naamsbekendheid & zichtbaarheid,3,2,,0,0,,0,0,,0,0,Regionaal (binnen Nederland),1,1
mediabirds.nl,2025,Geef je merk vleugels,Y,"Staffing, recruitment & HR",1,1,"Branding & huisstijl;Online marketing, performance & CRO;Website & webdesign",3,3,"Groei & nieuwe markten;Merk, huisstijl & verhaal",3,2,Website & CMS,1,1,,0,0,MKB / middelgroot,1,1,,0,0
mediabreeze.nl,2008,MEDIABREEZE | MEDIA DESIGN,N,,0,0,"Grafisch ontwerp, drukwerk & print",1,1,,0,0,,0,0,,0,0,,0,0,,0,0
mediabreeze.nl,2020,Media Breeze - Webdesign en ontwikkeling,Y,,0,0,Website & webdesign,2,1,"Merk, huisstijl & verhaal",2,1,,0,0,,0,0,,0,0,,0,0
mediabreeze.nl,2023,Media Breeze - Webdesign en ontwikkeling,Y,,0,0,Website & webdesign,2,1,"Merk, huisstijl & verhaal",2,1,,0,0,,0,0,,0,0,,0,0
meercollective.nl,2020,Wij geloven in 'echte' verhalen en zijn wars van gebakken lucht. We zijn er voor mensen met passie voor hun bedrijf die 100% geloven in wat ze verkopen.,N,,0,0,"Content & copywriting;Online marketing, performance & CRO;Strategie & advies",4,3,,0,0,,0,0,,0,0,,0,0,,0,0
meercollective.nl,2023,WIJ ZIJN MEER COLLECTIVE HET MARKETINGBUREAU VOOR ONDERNEMERS DIE 100% STAAN VOOR WAT ZE VERKOPEN WIJ GELOVEN IN ECHTE VERHALEN EN ZIJN WARS VAN GEBAKKEN LUCHT,Y,,0,0,"Online marketing, performance & CRO;Strategie & advies;Website & webdesign",3,3,,3,0,,0,0,,0,0,,1,0,,0,0
meercollective.nl,2025,WIJ ZIJN MEER COLLECTIVE HET MARKETINGBUREAU VOOR MERKEN DIE 100% STAAN VOOR WAT ZE VERKOPEN WIJ REALISEREN DUURZAME GROEI EN ZIJN WARS VAN GEBAKKEN LUCHT,N,,0,0,Strategie & advies,2,1,Groei & nieuwe markten,3,1,,0,0,,0,0,MKB / middelgroot,2,1,,0,0
meewerk.com,2022,Web Design Agency. Great Cause.,N,,0,0,Apps & maatwerk platforms;Website & webdesign,3,2,Maatwerk software & efficiëntere processen,2,1,,0,0,,0,0,,0,0,,0,0
meewerk.com,2023,Web Design Agency. Great Cause.,N,,0,0,Apps & maatwerk platforms;Website & webdesign,3,2,Maatwerk software & efficiëntere processen,2,1,,0,0,,0,0,,0,0,,0,0
meewerk.com,2025,Web Design Agency. Great Cause.,N,,0,0,Apps & maatwerk platforms;Website & webdesign,3,2,Maatwerk software & efficiëntere processen,2,1,,0,0,,0,0,,0,0,,0,0
mensch-amsterdam.com,2015,Mensch creative agency,N,,0,0,,1,0,,0,0,,0,0,,0,0,,0,0,,0,0
mensch-amsterdam.com,2020,"It's the people, stupid",N,,0,0,Branding & huisstijl,2,1,"Merk, huisstijl & verhaal",1,1,,0,0,,0,0,,0,0,,0,0
mensch-amsterdam.com,2023,"It's the people, stupid",N,,0,0,Branding & huisstijl,2,1,"Merk, huisstijl & verhaal",1,1,,0,0,,0,0,,0,0,,0,0
mensch-amsterdam.com,2025,"It's the people, stupid",N,,0,0,Branding & huisstijl,2,1,"Merk, huisstijl & verhaal",1,1,,0,0,,0,0,,0,0,,0,0
metmotion.nl,2015,metMotion Videomarketing - create your story,N,,0,0,"Social media content & beheer;Video, animatie & fotografie",2,2,"Content & creatieve productie;Meer leads, aanvragen & verkoop",2,2,,0,0,,0,0,,0,0,,0,0
metmotion.nl,2020,Verbinden met je doelgroep,Y,,0,0,"Campagnes & creatieve concepten;Online marketing, performance & CRO;Video, animatie & fotografie",3,3,Content & creatieve productie;Naamsbekendheid & zichtbaarheid,2,2,,0,0,,0,0,,0,0,,0,0
metmotion.nl,2023,metmotion maakt bedrijven zichtbaar,Y,Government & public sector,1,1,"Campagnes & creatieve concepten;Online marketing, performance & CRO;Video, animatie & fotografie",3,3,"Meer leads, aanvragen & verkoop;Naamsbekendheid & zichtbaarheid",3,2,,0,0,,0,0,,0,0,Nederlandse stad of plaats,1,1
metmotion.nl,2025,metmotion betovert met magische verhalen,N,,1,0,"Video, animatie & fotografie",3,1,Advertenties & campagnes renderen niet;Content & creatieve productie,3,2,,0,0,,0,0,,0,0,Nederlandse stad of plaats,1,1
mmnt.nl,2005,Ontwerp & realisatie van websites op maat!,N,,0,0,Apps & maatwerk platforms;Strategie & advies;Website & webdesign,3,3,,0,0,,0,0,,0,0,,0,0,Nederlandse stad of plaats,1,1
mmnt.nl,2020,Een internetbureau met een bewezen staat van dienst.,N,,0,0,"Online marketing, performance & CRO;Website & webdesign",3,2,Beter vindbaar in Google;Website verouderd of nieuw nodig,2,2,,0,0,,0,0,,0,0,,0,0
mmnt.nl,2025,Ons internetbureau bestaat al meer dan 20 jaar en ontwikkelt kwalitatief hoogwaardige websites.,N,,0,0,"Online marketing, performance & CRO;Website & webdesign",3,2,Beter vindbaar in Google;Website verouderd of nieuw nodig,2,2,,0,0,,0,0,,0,0,,0,0
modernemeesters.nl,2014,"Moderne Meesters: vormgeving, social media, websites en tekstschrijven",N,,0,0,"Grafisch ontwerp, drukwerk & print",1,1,,0,0,,0,0,,0,0,,0,0,,0,0
modernemeesters.nl,2020,WIJ WERKEN MET DEZELFDE PASSIE EN CREATIVITEIT ALS DE OUD HOLLANDSE SCHILDERS,Y,,0,0,"Apps & maatwerk platforms;Grafisch ontwerp, drukwerk & print;Website & webdesign",3,3,Content & creatieve productie,1,1,,0,0,,0,0,,0,0,Nederlandse stad of plaats,1,1
modernemeesters.nl,2023,WIJ WERKEN MET DEZELFDE PASSIE ALS DE OUD-HOLLANDSE MEESTERS,Y,,0,0,"Apps & maatwerk platforms;Grafisch ontwerp, drukwerk & print",2,2,Content & creatieve productie,1,1,,0,0,,0,0,,0,0,Nederlandse stad of plaats,1,1
modernemeesters.nl,2025,WIJ WERKEN MET DEZELFDE PASSIE ALS DE OUD-HOLLANDSE MEESTERS,Y,,0,0,"Apps & maatwerk platforms;Grafisch ontwerp, drukwerk & print",2,2,Content & creatieve productie,1,1,,0,0,,0,0,,0,0,Nederlandse stad of plaats,1,1
natwerk.nl,2020,NIET NORMAAL EFFECTIEF,N,,0,0,PR & influencer marketing;Strategie & advies,3,2,,2,0,,0,0,,0,0,,0,0,,0,0
natwerk.nl,2023,Natwerk voor impact,N,,0,0,Branding & huisstijl;Campagnes & creatieve concepten,4,2,"Merk, huisstijl & verhaal",3,1,,0,0,,0,0,,0,0,,0,0
natwerk.nl,2025,Natwerk voor impact,N,,0,0,Branding & huisstijl;Campagnes & creatieve concepten,4,2,"Merk, huisstijl & verhaal",3,1,,0,0,,0,0,,0,0,,0,0
nedfinity.com,2001,Nedfinity Webdesign en Multimedia design,N,,0,0,,0,0,,0,0,,0,0,,0,0,,0,0,,0,0
nedfinity.com,2020,Full-service Digital Agency Van strategie tot succes,Y,,0,0,Strategie & advies,2,1,"Meer leads, aanvragen & verkoop",2,1,Webshop & e-commerceplatform;Website & CMS,2,2,,0,0,,0,0,Regionaal (binnen Nederland),1,1
nedfinity.com,2023,Digitally Awesome in E-commerce,N,,0,0,Website & webdesign,1,1,,2,0,Webshop & e-commerceplatform;Website & CMS,2,2,Webshop consumenten (D2C),1,1,,0,0,,0,0
nedfinity.com,2025,Nedfinity Digital Agency: Shopify & Umbraco Expert Waar jouw online ambities werkelijkheid worden,N,,0,0,Strategie & advies,1,1,,1,0,Webshop & e-commerceplatform,1,1,Webshop consumenten (D2C),1,1,,0,0,,0,0
netprofiler.nl,2020,Improving digital performance,N,,0,0,"Online marketing, performance & CRO",3,1,"Meer leads, aanvragen & verkoop",3,1,,0,0,Zakelijke afnemers (B2B),1,1,,0,0,,0,0
netprofiler.nl,2023,Wij maken van onze klanten digitale marktleiders,N,,0,0,"Outcome-verkoop (leads, omzet, groei)",2,1,"Groei & nieuwe markten;Meer leads, aanvragen & verkoop",3,2,,0,0,Webshop consumenten (D2C),2,1,,0,0,,0,0
netprofiler.nl,2025,Wij versnellen de groei van onze klanten,N,,0,0,"Outcome-verkoop (leads, omzet, groei);Strategie & advies",2,2,"Groei & nieuwe markten;Meer leads, aanvragen & verkoop",2,2,,0,0,Webshop consumenten (D2C),2,1,,0,0,,0,0
netxz.nl,2009,,N,,0,0,,0,0,,0,0,,0,0,,0,0,,0,0,,0,0
netxz.nl,2020,Webdesign Bureau NetXZ - Website laten maken door een webdesigner in Amsterdam,Y,,0,0,Branding & huisstijl;Website & webdesign,4,2,"Beter vindbaar in Google;Meer leads, aanvragen & verkoop",2,2,,0,0,,0,0,MKB / middelgroot,1,1,,0,0
netxz.nl,2024,Digital marketing voor online groei,N,,0,0,"Online marketing, performance & CRO;SEO & vindbaarheid;Strategie & advies",3,3,Beter vindbaar in Google;Maatwerk software & efficiëntere processen;Webshop & online verkoop,5,3,,0,0,,0,0,,0,0,,0,0
netxz.nl,2025,Digital marketing voor online groei,N,,0,0,"Online marketing, performance & CRO;SEO & vindbaarheid;Strategie & advies",3,3,Beter vindbaar in Google;Maatwerk software & efficiëntere processen;Webshop & online verkoop,5,3,,0,0,,0,0,,0,0,,0,0
newimpression.nl,2021,Wij bouwen MERKEN LOGO'S SOCIAL MEDIA WEBSITES,Y,,0,0,Branding & huisstijl;Strategie & advies;Website & webdesign,6,3,,1,0,,0,0,,0,0,,0,0,,0,0
newimpression.nl,2024,Een sterk merk dankzij een brandbook.,N,,0,0,Branding & huisstijl;Strategie & advies,4,2,"Groei & nieuwe markten;Merk, huisstijl & verhaal",3,2,,0,0,,0,0,MKB / middelgroot;Startup / jong / groeiend,2,2,,0,0
newimpression.nl,2025,Een sterk merk dankzij een brandbook.,N,,0,0,Branding & huisstijl;Strategie & advies,4,2,"Groei & nieuwe markten;Merk, huisstijl & verhaal",3,2,,0,0,,0,0,MKB / middelgroot;Startup / jong / groeiend,2,2,,0,0
newrise.nl,2017,Onze passie,N,,1,0,"Content & copywriting;Online marketing, performance & CRO;Strategie & advies",4,3,Groei & nieuwe markten,1,1,,0,0,,0,0,,0,0,,0,0
newrise.nl,2020,Welkom bij Newrise,N,,0,0,Strategie & advies,2,1,Groei & nieuwe markten,2,1,,0,0,,0,0,,0,0,,0,0
newrise.nl,2023,Samen de wereld mooier maken!,N,"Nonprofits, charities & associations",2,1,Strategie & advies,2,1,,2,0,,0,0,,0,0,,0,0,,0,0
newrise.nl,2025,Samen de wereld mooier maken!,N,"Nonprofits, charities & associations",2,1,"Content & copywriting;Strategie & advies;Video, animatie & fotografie",4,3,,3,0,,0,0,,0,0,,0,0,,0,0
no7.digital,2024,A digital marketing consultancy that focuses on strategy and growth.,Y,,0,0,"Online marketing, performance & CRO",2,1,Content & creatieve productie;Groei & nieuwe markten;Naamsbekendheid & zichtbaarheid,4,3,,0,0,,0,0,,0,0,,0,0
no7.digital,2025,The luxury digital marketing consultancy that focuses on strategy and growth.,Y,,0,0,"Online marketing, performance & CRO",2,1,Content & creatieve productie;Groei & nieuwe markten;Naamsbekendheid & zichtbaarheid,4,3,,0,0,,0,0,,0,0,,0,0
nodefy.nl,2023,Optimising marketing infrastructures,Y,,0,0,"E-mailmarketing, automation & funnels;Online marketing, performance & CRO;Strategie & advies",3,3,"Meer leads, aanvragen & verkoop",1,1,,0,0,,0,0,,0,0,,0,0
nodefy.nl,2025,AI Infused Digital Marketing Agency,Y,,0,0,"E-mailmarketing, automation & funnels;Online marketing, performance & CRO",4,2,Advertenties & campagnes renderen niet;Klantbehoud & loyaliteit;Maatwerk software & efficiëntere processen,3,3,"E-mail, CRM & marketing automation",1,1,,0,0,,0,0,,0,0
nofie.nl,2021,Resultaatgerichte websites met een ijzersterke marketingstrategie,N,,0,0,SEO & vindbaarheid;Website & webdesign,4,2,Beter vindbaar in Google;Website verouderd of nieuw nodig,3,2,,0,0,,0,0,,0,0,,0,0
nofie.nl,2023,Resultaatgerichte websites met winstgevende strategieën,Y,,0,0,Website & webdesign,3,1,"Meer leads, aanvragen & verkoop",4,1,,0,0,,0,0,,0,0,,0,0
nofie.nl,2025,Resultaatgerichte websites met winstgevende strategieën,Y,,0,0,Website & webdesign,3,1,"Meer leads, aanvragen & verkoop",4,1,,0,0,,0,0,,0,0,,0,0
nohaucreative.nl,2015,A Multi-Disciplinary Creative Studio,Y,,0,0,Campagnes & creatieve concepten,3,1,"Merk, huisstijl & verhaal",2,1,,0,0,,0,0,,0,0,,0,0
nohaucreative.nl,2020,We believe creativity is the key to your customers attention.,N,,0,0,Branding & huisstijl;Online adverteren (paid ads);Social media content & beheer,3,3,Advertenties & campagnes renderen niet,2,1,Social media paid,1,1,,0,0,,0,0,,0,0
nohaucreative.nl,2023,We believe creativity consistently pushes boundaries and helps brands shape the world around us.,N,,0,0,Branding & huisstijl;Online adverteren (paid ads);Social media content & beheer,3,3,Advertenties & campagnes renderen niet,1,1,Social media paid,1,1,,0,0,,0,0,,0,0
nohaucreative.nl,2025,We believe creativity consistently pushes boundaries and helps brands shape the world around us.,N,,0,0,Branding & huisstijl;Online adverteren (paid ads);Social media content & beheer,3,3,Advertenties & campagnes renderen niet,1,1,Social media paid,1,1,,0,0,,0,0,,0,0
noise.nl,2020,BRAND X Performance,Y,,0,0,"Online marketing, performance & CRO",2,1,,0,0,,0,0,,0,0,,0,0,,0,0
noise.nl,2023,BRAND X Performance,Y,,0,0,"Online marketing, performance & CRO",2,1,,0,0,,0,0,,0,0,,0,0,,0,0
noise.nl,2025,Doing Good Louder,N,"Nonprofits, charities & associations",1,1,Campagnes & creatieve concepten;Strategie & advies,4,2,Groei & nieuwe markten,2,1,,0,0,,0,0,,0,0,,0,0
nomadoo.nl,2021,Designing Exceptional Experiences,Y,,0,0,"Online marketing, performance & CRO",2,1,,1,0,,0,0,,0,0,,0,0,,0,0
nomadoo.nl,2023,Designing Exceptional Experiences,Y,,0,0,"Online marketing, performance & CRO",2,1,,1,0,,0,0,,0,0,,0,0,,0,0
nordique.nl,2012,Nordique zorgt voor online resultaat,N,,0,0,Website & webdesign,1,1,,1,0,,0,0,,0,0,,0,0,,0,0
nordique.nl,2020,Internetbureau voor succesvolle websites.,N,,0,0,Website & webdesign,2,1,"Maatwerk software & efficiëntere processen;Meer leads, aanvragen & verkoop;Website verouderd of nieuw nodig",3,3,,0,0,,0,0,MKB / middelgroot,1,1,Heel Nederland (landelijk),1,1
nordique.nl,2023,Ga voor digitaal succes.,N,,0,0,Apps & maatwerk platforms;Webshop & e-commerce;Website & webdesign,3,3,"Meer leads, aanvragen & verkoop",2,1,,0,0,Webshop consumenten (D2C),1,1,MKB / middelgroot,1,1,Heel Nederland (landelijk),1,1
nordique.nl,2025,Internetbureau voor online succes,Y,Healthcare & care,1,1,Website & webdesign,2,1,"Meer leads, aanvragen & verkoop",2,1,,0,0,,0,0,,0,0,,0,0
npncommunicatie.nl,2015,NPN Communicatie is een resultaat gedreven creatief bureau dat op maat gesneden marcom concepten ontwikkelt en cross mediaal introduceert.,N,"Fashion, beauty & personal goods",1,1,Branding & huisstijl;Strategie & advies;Webshop & e-commerce,3,3,,0,0,,0,0,,0,0,,0,0,,0,0
npncommunicatie.nl,2019,NPN Communicatie is een resultaat gedreven creatief bureau dat op maat gesneden marcom concepten ontwikkelt en cross mediaal introduceert.,N,"Fashion, beauty & personal goods",1,1,Branding & huisstijl;Strategie & advies;Webshop & e-commerce,3,3,,0,0,,0,0,,0,0,,0,0,,0,0
npncommunicatie.nl,2023,NPN Communicatie is een resultaat gedreven creatief bureau dat op maat gesneden marcom concepten ontwikkelt en cross mediaal introduceert.,N,,0,0,Branding & huisstijl;Strategie & advies;Webshop & e-commerce,3,3,,0,0,,0,0,,0,0,,0,0,,0,0
npncommunicatie.nl,2025,Creatief in ontzorgen,Y,Healthcare & care,1,1,"Campagnes & creatieve concepten;Online marketing, performance & CRO",3,2,,1,0,,0,0,,0,0,,0,0,,0,0
nubisonline.com,2021,Nubis The Performance Agency,Y,,0,0,"Online marketing, performance & CRO;Strategie & advies",3,2,,2,0,,0,0,,0,0,,0,0,,0,0
nubisonline.com,2023,The digital-tech agency,N,,0,0,"Apps & maatwerk platforms;Online marketing, performance & CRO;Strategie & advies",5,3,,2,0,,0,0,,0,0,,0,0,,0,0
nubisonline.com,2025,The digital-tech agency,N,,0,0,"Apps & maatwerk platforms;Online marketing, performance & CRO;Strategie & advies",5,3,,2,0,,0,0,,0,0,,0,0,,0,0
o2communicatie.nl,2020,"COMMUNICATIEADVIESBUREAU, INTERNE EN EXTERNE COMMUNICATIE, NO-NONSENSE, CREATIEF, ONORTHODOX, EERLIJK EN GERICHT OP RESULTAAT VAN LANDELIJKE CAMPAGNE TOT KLEINSCHALIG PROJECT",Y,Healthcare & care,1,1,Campagnes & creatieve concepten;PR & influencer marketing;Social media content & beheer;Strategie & advies,8,4,Bewustwording & gedragsverandering,1,1,,0,0,,0,0,,0,0,,0,0
o2communicatie.nl,2023,"COMMUNICATIEADVIESBUREAU, INTERNE & EXTERNE COMMUNICATIE, EMPLOYER BRANDING, NO-NONSENSE, CREATIEF, ONORTHODOX, EERLIJK EN GERICHT OP RESULTAAT, VAN LANDELIJKE CAMPAGNE TOT KLEINSCHALIG PROJECT",Y,Healthcare & care,1,1,"Campagnes & creatieve concepten;Grafisch ontwerp, drukwerk & print;PR & influencer marketing;Social media content & beheer;Strategie & advies",8,5,Bewustwording & gedragsverandering,1,1,,0,0,,0,0,,0,0,,0,0
o2communicatie.nl,2025,"Het was ingewikkeld, nu is het simpel en raak.",Y,Healthcare & care,1,1,Branding & huisstijl;Campagnes & creatieve concepten;Employer branding & recruitment;PR & influencer marketing,6,4,"Bewustwording & gedragsverandering;Merk, huisstijl & verhaal",2,2,,0,0,,0,0,,0,0,,0,0
obvallend.nl,2023,MAAKT BEDRIJVEN ZICHTBAAR EN AANTREKKELIJK EN VEREENVOUDIGT SALES.,N,,0,0,Content & copywriting;Strategie & advies,5,2,Naamsbekendheid & zichtbaarheid,2,1,,0,0,,0,0,,0,0,,0,0
obvallend.nl,2025,Word wereldberoemd bij je doelgroep,N,,0,0,Branding & huisstijl;Content & copywriting,3,2,"Merk, huisstijl & verhaal;Naamsbekendheid & zichtbaarheid",4,2,,0,0,Zakelijke afnemers (B2B),1,1,,0,0,,0,0
odiv.nl,2020,Online Marketing Bureau Utrecht - ODIV - Jouw Online Divisie,N,"Government & public sector;Hospitality, tourism, sports & recreation;Media, culture & entertainment;Staffing, recruitment & HR",7,4,"Online marketing, performance & CRO;SEO & vindbaarheid;Social media content & beheer;Website & webdesign",4,4,Groei & nieuwe markten,1,1,,0,0,,0,0,,0,0,Nederlandse stad of plaats,1,1
odiv.nl,2023,Online marketing bureau in Utrecht,Y,,0,0,Strategie & advies,1,1,Groei & nieuwe markten,2,1,,0,0,,0,0,,0,0,Nederlandse stad of plaats,1,1
odiv.nl,2025,Jouw online divisie,Y,"Construction, real estate & housing;Hospitality, tourism, sports & recreation",3,2,"Content & copywriting;Online adverteren (paid ads);Online marketing, performance & CRO;SEO & vindbaarheid;Social media content & beheer;Strategie & advies;Website & webdesign",7,7,"Merk, huisstijl & verhaal",2,1,,0,0,,0,0,,0,0,Nederlandse stad of plaats,1,1
ogilvy.nl,2020,"We're a creative agency united in a single cause: making your brand matter in today's complex, noisy, hyper-connected world...",N,,0,0,,1,0,,1,0,,0,0,,0,0,,0,0,,0,0
ogilvy.nl,2023,We inspire brands and people to impact the world.,N,,0,0,,1,0,Groei & nieuwe markten,1,1,,0,0,,0,0,,0,0,,0,0
ogilvy.nl,2025,We inspire brands and people to impact the world.,N,,0,0,,1,0,Groei & nieuwe markten,1,1,,0,0,,0,0,,0,0,,0,0
okapion.com,2023,Design Simple . solutions to complex problems,Y,,0,0,Strategie & advies,3,1,Groei & nieuwe markten,2,1,,0,0,,0,0,,0,0,,0,0
okapion.com,2025,Ontwerpers van digitale oplossingen voor complexe workflows,N,,0,0,Campagnes & creatieve concepten;UX/UI & interface design,3,2,Maatwerk software & efficiëntere processen,2,1,,0,0,,0,0,Groot / corporate / marktleider,1,1,Nederlandse stad of plaats,1,1
olifantmedia.nl,2015,Social Media Marketing Bureau - Olifant Media,N,"Nonprofits, charities & associations",1,1,Social media content & beheer,2,1,,0,0,,0,0,,0,0,Klein / zelfstandig,2,1,Regionaal (binnen Nederland),1,1
olifantmedia.nl,2020,Online campagnebureau voor search & social,Y,"Nonprofits, charities & associations",1,1,Campagnes & creatieve concepten,1,1,Naamsbekendheid & zichtbaarheid,1,1,"Branding, campagne & activatie",1,1,,0,0,,0,0,,0,0
olifantmedia.nl,2023,Een online marketingbureau voor positieve impact,N,Education & childcare,1,1,Online adverteren (paid ads);Strategie & advies,2,2,,0,0,Social media organisch,1,1,,0,0,,0,0,,0,0
olifantmedia.nl,2025,Online marketing voor zorg en onderwijs,N,"Media, culture & entertainment",1,1,Campagnes & creatieve concepten;Online adverteren (paid ads),2,2,Beter vindbaar in Google,1,1,,0,0,,0,0,,0,0,,0,0
onlineperformance.agency,2022,We create. Performance.,N,,0,0,"Content & copywriting;Online adverteren (paid ads);Online marketing, performance & CRO;SEO & vindbaarheid",4,4,"Beter vindbaar in Google;Klantbehoud & loyaliteit;Meer leads, aanvragen & verkoop",4,3,,0,0,,0,0,,0,0,,0,0
onlineperformance.agency,2023,Samen doorgroeien.,N,,0,0,"Online adverteren (paid ads);Online marketing, performance & CRO;SEO & vindbaarheid;Social media content & beheer",5,4,"Beter vindbaar in Google;Klantbehoud & loyaliteit;Meer leads, aanvragen & verkoop",5,3,,0,0,,0,0,,0,0,,0,0
onlineperformance.agency,2025,Wij zijn OPA.,Y,,0,0,"Online marketing, performance & CRO;SEO & vindbaarheid;Strategie & advies",3,3,Groei & nieuwe markten;Klantbehoud & loyaliteit,2,2,,0,0,,0,0,,0,0,,0,0
opklopper.nl,2020,Maakt meer van jouw marketingmix En vindt jouw nieuwe klanten,N,,0,0,Content & copywriting;Online adverteren (paid ads);Strategie & advies;Website & webdesign,5,4,"Meer leads, aanvragen & verkoop",1,1,,0,0,,0,0,Omvang in cijfers,2,1,,0,0
opklopper.nl,2023,Shopify partner voor bedrijven met ambitie,Y,,0,0,"Outcome-verkoop (leads, omzet, groei);Strategie & advies;Webshop & e-commerce",3,3,Webshop & online verkoop,1,1,Webshop & e-commerceplatform,3,1,,0,0,,1,0,,0,0
opklopper.nl,2025,Shopify partner voor merken met ambitie,N,,0,0,Webshop & e-commerce,2,1,"Merk, huisstijl & verhaal",1,1,Webshop & e-commerceplatform,1,1,,0,0,Startup / jong / groeiend,1,1,Nederland plus buurlanden;Nederlandse stad of plaats,2,2
oppepper.nl,2002,,N,,0,0,,0,0,,0,0,,0,0,,0,0,,0,0,,0,0
oppepper.nl,2020,Wij brengen merken in beweging. Recht uit het hart en vol energie.,N,,0,0,Branding & huisstijl,1,1,,0,0,,0,0,,0,0,,0,0,,0,0
oppepper.nl,2023,Jouw complete marketingafdeling al vanaf €2500 p/maand!,Y,,0,0,Strategie & advies,2,1,,0,0,,0,0,,0,0,,0,0,,0,0
oppepper.nl,2025,Jouw complete B2B-marketingafdeling voor 5000 euro per maand!,Y,,0,0,Strategie & advies,2,1,,1,0,,0,0,Zakelijke afnemers (B2B),1,1,,0,0,,0,0
panbranding.nl,2015,PAN - Strategic Branding,N,,0,0,Branding & huisstijl,1,1,,0,0,,0,0,,0,0,,0,0,,0,0
panbranding.nl,2020,"‘Pan of geen Pan, dat is de vraag’",N,,0,0,Branding & huisstijl;Strategie & advies,3,2,,0,0,,0,0,,0,0,,0,0,,0,0
panbranding.nl,2023,"‘Pan of geen Pan, dat is de vraag’",N,,0,0,Branding & huisstijl;Strategie & advies,3,2,,0,0,,0,0,,0,0,,0,0,,0,0
panbranding.nl,2025,'over helden gesproken',N,"Energy, utilities & environment",2,1,Content & copywriting,2,1,"Merk, huisstijl & verhaal",2,1,,0,0,,0,0,,0,0,,0,0
pangaea.nl,2005,Succesvol zakendoen op het Internet,N,,0,0,"Online marketing, performance & CRO;Strategie & advies",3,2,"Meer leads, aanvragen & verkoop",1,1,,0,0,,0,0,,0,0,,0,0
pangaea.nl,2020,Grow your business!,N,"Hospitality, tourism, sports & recreation",1,1,Strategie & advies,2,1,"Meer leads, aanvragen & verkoop",1,1,,0,0,Webshop consumenten (D2C),1,1,Startup / jong / groeiend,1,1,,0,0
pangaea.nl,2023,We grow your business!,N,"Hospitality, tourism, sports & recreation",1,1,Strategie & advies,2,1,"Meer leads, aanvragen & verkoop",1,1,,0,0,Webshop consumenten (D2C),1,1,Startup / jong / groeiend,1,1,,0,0
pangaea.nl,2025,We grow your business!,N,"Hospitality, tourism, sports & recreation",1,1,Strategie & advies,2,1,"Meer leads, aanvragen & verkoop",1,1,Webshop & e-commerceplatform,2,1,Gemengd,1,1,,0,0,,0,0
partout.nl,1997,welkom bij Partout Info Television online,N,,0,0,"Video, animatie & fotografie",1,1,,0,0,,0,0,,0,0,,0,0,,0,0
partout.nl,2020,Partout d.n.a. - Likeability Sells,Y,,0,0,"Online marketing, performance & CRO;Strategie & advies",3,2,Groei & nieuwe markten,1,1,,0,0,,0,0,,0,0,,0,0
partout.nl,2023,We open digital.,Y,"Nonprofits, charities & associations",1,1,Strategie & advies,2,1,Naamsbekendheid & zichtbaarheid,1,1,,0,0,Gemengd,1,1,Groot / corporate / marktleider;MKB / middelgroot,2,2,Nederlandse stad of plaats,1,1
partout.nl,2025,Marketing Agency for brand-driven demand Become a brand in demand,Y,,0,0,"Branding & huisstijl;Online marketing, performance & CRO",3,2,"Meer leads, aanvragen & verkoop;Naamsbekendheid & zichtbaarheid",2,2,,0,0,Zakelijke afnemers (B2B),5,1,,0,0,,0,0
personacompany.com,2023,Leer de mens in de klant kennen,N,,0,0,Strategie & advies,2,1,Lancering nieuw product of concept,2,1,,0,0,,0,0,,0,0,,0,0
personacompany.com,2025,Leer de mens in de klant kennen,N,,0,0,Strategie & advies,2,1,Lancering nieuw product of concept,2,1,,0,0,,0,0,,0,0,,0,0
pig.works,2016,We Are PigWorks Making Your Brand Amazing,Y,,0,0,"Grafisch ontwerp, drukwerk & print;Strategie & advies",2,2,"Merk, huisstijl & verhaal",2,1,,0,0,,0,0,,0,0,,0,0
pig.works,2020,We Are PigWorks Making Your Brand Amazing,Y,,0,0,"Grafisch ontwerp, drukwerk & print;Strategie & advies",2,2,"Merk, huisstijl & verhaal",2,1,,0,0,,0,0,,0,0,,0,0
pig.works,2023,PigWorks is a Creative Agency,N,,0,0,,0,0,,0,0,,0,0,,0,0,,0,0,,0,0
pig.works,2025,PigWorks is a Creative Agency,N,,0,0,,0,0,,0,0,,0,0,,0,0,,0,0,,0,0
pingwin.nl,2005,Pingwin Computers - Kwaliteit voor een lage prijs!,N,,0,0,,2,0,,1,0,,0,0,,0,0,,0,0,,0,0
pingwin.nl,2020,15 jaar ervaring met Website optimalisatie,Y,,0,0,"Online marketing, performance & CRO;SEO & vindbaarheid;Website & webdesign",5,3,,1,0,,0,0,,0,0,,0,0,Heel Nederland (landelijk),1,1
pingwin.nl,2023,Hét online marketing bureau waar jij op de 1e plaats staat,Y,,0,0,"Outcome-verkoop (leads, omzet, groei);Website & webdesign",2,2,"Meer leads, aanvragen & verkoop",2,1,Multi-channel & omnichannel,1,1,,0,0,,0,0,,0,0
pingwin.nl,2025,Hét online marketing bureau waar jij op de 1e plaats staat,Y,,0,0,"Outcome-verkoop (leads, omzet, groei);Website & webdesign",2,2,"Meer leads, aanvragen & verkoop",2,1,Multi-channel & omnichannel,1,1,,0,0,,0,0,,0,0
pixoyo.nl,2020,Hallo. Normaal is saai. Anders is goed.,Y,,0,0,"Branding & huisstijl;Campagnes & creatieve concepten;Grafisch ontwerp, drukwerk & print",4,3,Maatwerk software & efficiëntere processen,2,1,,0,0,,0,0,,0,0,Nederlandse stad of plaats,2,1
pixoyo.nl,2023,"Hi, wij zijn Pixoyo uit Amsterdam. Het Creatieve Bureau dat net iets anders is.",Y,,0,0,"Branding & huisstijl;Grafisch ontwerp, drukwerk & print",3,2,,1,0,,0,0,,0,0,Startup / jong / groeiend,1,1,Nederlandse stad of plaats,2,1
playforward.nl,2021,Maak een onuitwisbare indruk,N,,0,0,"Video, animatie & fotografie",5,1,Content & creatieve productie,1,1,,0,0,,0,0,,0,0,,0,0
playforward.nl,2023,Video Agency Playforward. Voor 100% Impact.,Y,Business & professional services;Education & childcare;Government & public sector;Healthcare & care;Manufacturing & industrial,6,5,"Strategie & advies;Video, animatie & fotografie",2,2,"Content & creatieve productie;Merk, huisstijl & verhaal",2,2,,0,0,Zakelijke afnemers (B2B),1,1,,0,0,,0,0
playforward.nl,2025,Word een magneet voor klanten met ons bewezen Video-First concept,N,Business & professional services;Education & childcare;Government & public sector;Healthcare & care;Manufacturing & industrial,5,5,"Video, animatie & fotografie",3,1,"Events & activaties;Meer leads, aanvragen & verkoop",5,2,,0,0,Zakelijke afnemers (B2B),1,1,,0,0,,0,0
plopmarketing.com,2021,"We helpen je aan meer klanten door maandelijks 2 artikelen te schrijven, te plaatsen en te promoten",Y,,0,0,Content & copywriting;Social media content & beheer;Website & webdesign,4,3,"Meer leads, aanvragen & verkoop",3,1,,0,0,,0,0,Klein / zelfstandig;MKB / middelgroot,4,2,,0,0
plopmarketing.com,2023,"Wij schrijven maandelijks boeiende en inspirerende stories, interviews en artikelen",Y,"Food, beverage & agriculture",1,1,"Content & copywriting;Online marketing, performance & CRO;Outcome-verkoop (leads, omzet, groei)",5,3,"Meer leads, aanvragen & verkoop;Merk, huisstijl & verhaal",3,2,,0,0,,0,0,,0,0,,0,0
plopmarketing.com,2025,We are your marketing partner,N,"Food, beverage & agriculture",1,1,"Online marketing, performance & CRO;Strategie & advies",5,2,,2,0,,0,0,,0,0,,0,0,Nederlandse stad of plaats,1,1
pre-pare.nl,2020,Pre-Pare media & reclame in Etten-Leur.,N,,0,0,"Video, animatie & fotografie",1,1,,0,0,,0,0,,0,0,,0,0,Nederlandse stad of plaats,1,1
pre-pare.nl,2023,Pre-Pare Reclame & Media.,N,,0,0,"Video, animatie & fotografie",1,1,,0,0,,0,0,,0,0,,0,0,Nederlandse stad of plaats,1,1
pre-pare.nl,2025,Pre-Pare Reclame & Media.,N,,0,0,"Video, animatie & fotografie",1,1,,0,0,,0,0,,0,0,,0,0,Nederlandse stad of plaats,2,1
pubmarket.nl,2017,"Samenwerken, samen groeien!",Y,Retail & e-commerce (general consumer goods),1,1,,3,0,,0,0,,0,0,Gemengd,1,1,,0,0,,0,0
pubmarket.nl,2020,"Samenwerken, samen groeien!",Y,"Food, beverage & agriculture;Hospitality, tourism, sports & recreation;Retail & e-commerce (general consumer goods)",4,3,"Campagnes & creatieve concepten;Online marketing, performance & CRO",9,2,,0,0,,0,0,Gemengd,1,1,,0,0,,0,0
pubmarket.nl,2025,We power up your business,N,"Food, beverage & agriculture",1,1,"Content & copywriting;Online marketing, performance & CRO;Strategie & advies",5,3,,2,0,,0,0,Zakelijke afnemers (B2B),1,1,,0,0,Internationaal / wereldwijd,1,1
reachcommunications.nl,2018,Stories That move people.,N,,0,0,Campagnes & creatieve concepten;Content & copywriting,3,2,,1,0,,0,0,,0,0,,0,0,,0,0
reachcommunications.nl,2020,Stories That Move People,N,,0,0,Campagnes & creatieve concepten;Content & copywriting;Strategie & advies,4,3,"Merk, huisstijl & verhaal",1,1,,0,0,,0,0,,0,0,,0,0
reachcommunications.nl,2023,Stories That Move People,N,,0,0,Campagnes & creatieve concepten;Content & copywriting;Strategie & advies,4,3,"Merk, huisstijl & verhaal",1,1,,0,0,,0,0,,0,0,,0,0
reclame-totaal.nl,2013,Reclame Totaal maakt het mogelijk!,Y,,0,0,"Branding & huisstijl;E-mailmarketing, automation & funnels;Grafisch ontwerp, drukwerk & print;Online marketing, performance & CRO;SEO & vindbaarheid;Website & webdesign",17,6,,0,0,,0,0,,0,0,,0,0,,0,0
reclame-totaal.nl,2020,Wij zijn Reclame Totaal professionals in communicatie,Y,,0,0,Branding & huisstijl;Social media content & beheer;Website & webdesign,3,3,Groei & nieuwe markten,1,1,,0,0,,0,0,,0,0,Regionaal (binnen Nederland),1,1
reclame-totaal.nl,2023,Reclame Totaal Professionals in communicatie,Y,,0,0,Branding & huisstijl;Social media content & beheer;Website & webdesign,3,3,Groei & nieuwe markten,1,1,,0,0,,0,0,,0,0,Regionaal (binnen Nederland),1,1
reclame-totaal.nl,2025,Reclame Totaal – Professionals in communicatie,Y,,0,0,Branding & huisstijl;Social media content & beheer;Website & webdesign,3,3,Groei & nieuwe markten,1,1,,0,0,,0,0,,0,0,Regionaal (binnen Nederland),1,1
renovatiomedia.nl,2009,Creatief in designoplossingen,Y,,0,0,Website & webdesign,3,1,,2,0,,0,0,,0,0,,0,0,,0,0
renovatiomedia.nl,2020,Persoonlijke Full Service,Y,,0,0,"Branding & huisstijl;Grafisch ontwerp, drukwerk & print;Online marketing, performance & CRO;SEO & vindbaarheid;Webshop & e-commerce;Website & webdesign",7,6,Beter vindbaar in Google;Website verouderd of nieuw nodig,4,2,,0,0,,0,0,MKB / middelgroot,1,1,,0,0
renovatiomedia.nl,2025,Hét Brein voor al jouw Marketing & Communicatie,Y,,0,0,"Online marketing, performance & CRO;SEO & vindbaarheid",4,2,Advertenties & campagnes renderen niet;Beter vindbaar in Google,2,2,,0,0,,0,0,MKB / middelgroot,1,1,Nederland plus buurlanden,1,1
reynhard.nl,2012,REYNHARD. ONTWERP & COMMUNICATIE,N,,0,0,"Grafisch ontwerp, drukwerk & print",1,1,,0,0,,0,0,,0,0,,0,0,,0,0
reynhard.nl,2020,Grafisch Ontwerpbureau Reynhard | Hét branding bureau in Nijmegen,N,,0,0,"Grafisch ontwerp, drukwerk & print;Strategie & advies",3,2,,1,0,,0,0,,0,0,,0,0,Nederlandse stad of plaats,1,1
reynhard.nl,2023,Grafisch Ontwerpbureau Reynhard | Hét branding bureau in Nijmegen,N,,0,0,"Branding & huisstijl;Grafisch ontwerp, drukwerk & print;Online marketing, performance & CRO",4,3,,0,0,,0,0,,0,0,,0,0,Nederlandse stad of plaats,1,1
rik.marketing,2020,Ik help organisaties te groeien. Meer bekendheid. Meer omzet.,N,,0,0,"Online marketing, performance & CRO",3,1,Groei & nieuwe markten,1,1,,0,0,,0,0,,0,0,,0,0
rik.marketing,2023,Ik help organisaties te groeien. Meer bekendheid. Meer omzet.,N,,0,0,"Online marketing, performance & CRO",3,1,Groei & nieuwe markten,1,1,,0,0,,0,0,,0,0,,0,0
rik.marketing,2025,Ik help organisaties te groeien. Meer bekendheid. Meer omzet.,N,,0,0,"Online marketing, performance & CRO",3,1,Groei & nieuwe markten,1,1,,0,0,,0,0,,0,0,,0,0
rocketing.nl,2020,Rocketing | Full-Service Brand Agency | Online & Offline | Brand Activation,Y,,0,0,"Branding & huisstijl;Campagnes & creatieve concepten;Outcome-verkoop (leads, omzet, groei);Strategie & advies",5,4,"Lancering nieuw product of concept;Meer leads, aanvragen & verkoop",2,2,Multi-channel & omnichannel,1,1,,0,0,,0,0,,0,0
rocketing.nl,2023,Brand Agency | Rocketing | Offline & Online | Merk Activaties & Promoties,Y,"Food, beverage & agriculture",1,1,"Campagnes & creatieve concepten;Outcome-verkoop (leads, omzet, groei);Social media content & beheer;Strategie & advies",7,4,Lancering nieuw product of concept,3,1,Multi-channel & omnichannel,2,1,,0,0,,0,0,,0,0
rocketing.nl,2025,"Brand Activation Agency voor Activaties, Cashback & Sampling",Y,"Food, beverage & agriculture",1,1,Campagnes & creatieve concepten,6,1,Naamsbekendheid & zichtbaarheid,3,1,,0,0,,0,0,,0,0,,0,0
roxtar.nl,2021,wij brengen je naar de top,Y,,0,0,Online adverteren (paid ads);SEO & vindbaarheid;Social media content & beheer;Website & webdesign,5,4,Advertenties & campagnes renderen niet;Beter vindbaar in Google;Webshop & online verkoop,4,3,,0,0,,0,0,,0,0,Nederlandse stad of plaats,2,1
roxtar.nl,2023,Wij maken online marketing leuk,Y,,0,0,"Online adverteren (paid ads);Online marketing, performance & CRO;SEO & vindbaarheid;Social media content & beheer;Website & webdesign",6,5,"Groei & nieuwe markten;Meer leads, aanvragen & verkoop;Naamsbekendheid & zichtbaarheid",3,3,,0,0,Webshop consumenten (D2C),1,1,Startup / jong / groeiend,1,1,Nederlandse stad of plaats,1,1
roxtar.nl,2025,Online Marketing Bureau in Amsterdam • Boost Jouw Succes!,Y,,0,0,"Online adverteren (paid ads);Online marketing, performance & CRO;Outcome-verkoop (leads, omzet, groei);SEO & vindbaarheid;Social media content & beheer;Website & webdesign",7,6,"Groei & nieuwe markten;Meer leads, aanvragen & verkoop",2,2,,0,0,Webshop consumenten (D2C),1,1,Startup / jong / groeiend,1,1,Heel Nederland (landelijk);Nederlandse stad of plaats,2,2
rozepepers.nl,2021,Scherper dan ooit,N,,0,0,"Campagnes & creatieve concepten;Content & copywriting;Online marketing, performance & CRO;Social media content & beheer",5,4,Beter vindbaar in Google;Naamsbekendheid & zichtbaarheid,3,2,,0,0,,0,0,Startup / jong / groeiend,1,1,,0,0
rozepepers.nl,2023,Scherper dan ooit,N,,0,0,Content & copywriting;Online adverteren (paid ads);SEO & vindbaarheid,3,3,Beter vindbaar in Google,2,1,,0,0,,0,0,Startup / jong / groeiend,1,1,,0,0
rozepepers.nl,2025,Scherper dan ooit,N,,0,0,Content & copywriting;Online adverteren (paid ads);SEO & vindbaarheid,3,3,Beter vindbaar in Google,1,1,,0,0,,0,0,,0,0,,0,0
rsmediaworks.nl,2016,de juiste afslag voor webdesign en hosting,N,,0,0,Branding & huisstijl;Website & webdesign,4,2,Naamsbekendheid & zichtbaarheid,1,1,,0,0,,0,0,Startup / jong / groeiend,1,1,,0,0
rsmediaworks.nl,2020,Full-service creatief reclamebureau uit Twente,Y,,0,0,"Grafisch ontwerp, drukwerk & print;Social media content & beheer;Video, animatie & fotografie;Website & webdesign",5,4,"Merk, huisstijl & verhaal",2,1,,0,0,,0,0,,0,0,Regionaal (binnen Nederland),1,1
rsmediaworks.nl,2023,Creative Advertising.,Y,,0,0,Website & webdesign,2,1,,1,0,,0,0,,0,0,,0,0,Regionaal (binnen Nederland),1,1
rsmediaworks.nl,2025,Jouw merk. Onze kracht!,Y,,0,0,"Grafisch ontwerp, drukwerk & print;Video, animatie & fotografie;Website & webdesign",4,3,Website verouderd of nieuw nodig,1,1,,0,0,,0,0,,0,0,Regionaal (binnen Nederland),1,1
rubrix.nl,2022,Wij laten bedrijven groeien door technologie en marketing te combineren start vandaag en loop voorop in je branche,Y,,0,0,"Apps & maatwerk platforms;E-mailmarketing, automation & funnels;Grafisch ontwerp, drukwerk & print;Online adverteren (paid ads);SEO & vindbaarheid;Social media content & beheer;UX/UI & interface design;Webshop & e-commerce;Website & webdesign",11,9,"Groei & nieuwe markten;Meer leads, aanvragen & verkoop",3,2,,0,0,,0,0,Startup / jong / groeiend,1,1,,0,0
rubrix.nl,2023,Het beste online-maatwerk voor sterke merken,N,,0,0,Apps & maatwerk platforms;Website & webdesign,2,2,Website verouderd of nieuw nodig,2,1,,0,0,,0,0,MKB / middelgroot;Startup / jong / groeiend,2,2,,0,0
rubrix.nl,2025,Haal meer omzet uit je website,N,,0,0,Campagnes & creatieve concepten;Content & copywriting;Strategie & advies;Website & webdesign,5,4,"Beter vindbaar in Google;Groei & nieuwe markten;Meer leads, aanvragen & verkoop;Merk, huisstijl & verhaal",5,4,,0,0,,0,0,,0,0,,0,0
sausmakers.nl,2013,Saus! Digitale Producties,N,,0,0,"Branding & huisstijl;Content & copywriting;Grafisch ontwerp, drukwerk & print;Video, animatie & fotografie;Website & webdesign",10,5,Content & creatieve productie,1,1,,0,0,,0,0,,0,0,,0,0
sausmakers.nl,2020,Wij zijn Saus!,N,Education & childcare,1,1,"Content & copywriting;Grafisch ontwerp, drukwerk & print;Video, animatie & fotografie;Website & webdesign",6,4,,0,0,,0,0,,0,0,,0,0,,0,0
sausmakers.nl,2023,Sausmakers – Bureau voor video en ontwerp,N,"Nonprofits, charities & associations",1,1,"Video, animatie & fotografie",4,1,Content & creatieve productie,3,1,,0,0,,0,0,,0,0,,0,0
sdgworks.nl,2020,Realiseer groei in een digitale wereld,Y,,0,0,Apps & maatwerk platforms;Campagnes & creatieve concepten;Social media content & beheer;Website & webdesign,4,4,Beter vindbaar in Google;Naamsbekendheid & zichtbaarheid,2,2,,0,0,,0,0,,0,0,,0,0
sdgworks.nl,2020,Naar het volgende niveau? Geef het stuur uit handen,N,,0,0,"Branding & huisstijl;E-mailmarketing, automation & funnels;Strategie & advies",4,3,Groei & nieuwe markten;Maatwerk software & efficiëntere processen,2,2,,0,0,,0,0,,0,0,,0,0
sdgworks.nl,2023,Op zoek naar zakelijke leads? Genereer waardevolle B2B leads met jouw eigen LinkedIn netwerk.,Y,,0,0,Strategie & advies,1,1,Groei & nieuwe markten,1,1,Social media organisch,1,1,Zakelijke afnemers (B2B),1,1,,0,0,,0,0
searchlab.nl,2009,,N,"Staffing, recruitment & HR",1,1,Strategie & advies,1,1,Personeel werven & werkgeversmerk,1,1,,0,0,,0,0,,0,0,,0,0
searchlab.nl,2020,Wij helpen jou online te gaan scoren,Y,,0,0,Website & webdesign,1,1,Klantbehoud & loyaliteit,1,1,,0,0,,0,0,,0,0,,0,0
searchlab.nl,2023,Online marketing voor mooie merken die willen groeien!,N,,0,0,Website & webdesign,1,1,"Meer leads, aanvragen & verkoop;Naamsbekendheid & zichtbaarheid;Webshop & online verkoop",3,3,,0,0,Webshop consumenten (D2C),1,1,,0,0,,0,0
searchlab.nl,2025,Google Ads voor gevestigde merken die willen opschalen,N,,0,0,Online adverteren (paid ads),1,1,Advertenties & campagnes renderen niet,1,1,"SEA, display & overige paid advertising",1,1,,0,0,Startup / jong / groeiend,1,1,,0,0
seoforyou.nl,2016,Wij maken bedrijven vindbaar,Y,,0,0,SEO & vindbaarheid;Website & webdesign,2,2,Beter vindbaar in Google,1,1,,0,0,,0,0,MKB / middelgroot,1,1,Regionaal (binnen Nederland),2,1
seoforyou.nl,2021,Freelance SEO specialist,Y,,0,0,SEO & vindbaarheid,2,1,Beter vindbaar in Google,2,1,SEO & organische vindbaarheid,1,1,,0,0,,0,0,,0,0
seoforyou.nl,2023,+752% omzet in 6 maanden,N,,0,0,SEO & vindbaarheid,2,1,Webshop & online verkoop,1,1,SEO & organische vindbaarheid,1,1,Webshop consumenten (D2C),1,1,,0,0,,0,0
seoforyou.nl,2025,+752% omzet in 6 maanden,N,,0,0,SEO & vindbaarheid,2,1,Beter vindbaar in Google,1,1,SEO & organische vindbaarheid,1,1,Webshop consumenten (D2C),1,1,,0,0,,0,0
seonl.nl,2023,Seo en Sea de gouden combinatie,N,,0,0,SEO & vindbaarheid;Website & webdesign,3,2,"Beter vindbaar in Google;Meer leads, aanvragen & verkoop",3,2,SEO & organische vindbaarheid,1,1,,0,0,,0,0,,0,0
seonl.nl,2024,Seo en Sea de gouden combinatie,N,,0,0,SEO & vindbaarheid;Website & webdesign,3,2,"Beter vindbaar in Google;Meer leads, aanvragen & verkoop",3,2,SEO & organische vindbaarheid,1,1,,0,0,,0,0,,0,0
sherpagrafischontwerp.nl,2011,,N,,0,0,"Grafisch ontwerp, drukwerk & print",2,1,,1,0,,0,0,,0,0,,0,0,,0,0
sherpagrafischontwerp.nl,2020,Altijd een topontwerp,Y,,0,0,"Branding & huisstijl;Grafisch ontwerp, drukwerk & print;Website & webdesign",4,3,,0,0,,0,0,,0,0,,0,0,,0,0
sherpagrafischontwerp.nl,2023,Altijd een topontwerp,Y,,0,0,Branding & huisstijl,3,1,"Merk, huisstijl & verhaal",1,1,,0,0,,0,0,,0,0,,0,0
sherpagrafischontwerp.nl,2025,Marketing & Reclame voor het MKB,N,,0,0,"Branding & huisstijl;Grafisch ontwerp, drukwerk & print;Website & webdesign",4,3,"Merk, huisstijl & verhaal",2,1,,0,0,,0,0,MKB / middelgroot,1,1,,0,0
sigmasolutions.nl,2002,Sigma Solutions biedt totaaloplossingen voor websites.,Y,,0,0,Website & webdesign,1,1,,0,0,,0,0,,0,0,,0,0,,0,0
sigmasolutions.nl,2020,Sigma Solutions: Online Business Partner,Y,Retail & e-commerce (general consumer goods),1,1,Strategie & advies,6,1,Klantbehoud & loyaliteit,1,1,,0,0,,0,0,,0,0,Internationaal / wereldwijd,1,1
sigmasolutions.nl,2023,Sigma Solutions: Online Business Partner,Y,Retail & e-commerce (general consumer goods),1,1,Strategie & advies;Website & webdesign,3,2,Klantbehoud & loyaliteit,2,1,,0,0,,0,0,,0,0,,0,0
smaac.nl,2007,SMAAC Actie Marketingbureau,N,,0,0,"Online marketing, performance & CRO",1,1,,0,0,,0,0,,0,0,,0,0,,0,0
smaac.nl,2020,Creative agency for Product & Brand Design,N,,0,0,"Apps & maatwerk platforms;Branding & huisstijl;Grafisch ontwerp, drukwerk & print;Website & webdesign",11,4,,0,0,,0,0,,0,0,,0,0,,0,0
smaac.nl,2023,We build brands for a purpose driven world,N,,1,0,Branding & huisstijl;Strategie & advies,3,2,Naamsbekendheid & zichtbaarheid,1,1,,0,0,,0,0,,0,0,,0,0
smaac.nl,2025,We build brands for a purpose driven world,N,,1,0,Branding & huisstijl;Strategie & advies,3,2,Naamsbekendheid & zichtbaarheid,1,1,,0,0,,0,0,,0,0,,0,0
smartmediamasters.nl,2022,Brengt je online verder,Y,,0,0,"Apps & maatwerk platforms;Content & copywriting;E-mailmarketing, automation & funnels;Online adverteren (paid ads);Online marketing, performance & CRO;SEO & vindbaarheid;Website & webdesign",10,7,Naamsbekendheid & zichtbaarheid,2,1,,0,0,,0,0,,0,0,,0,0
smartmediamasters.nl,2023,Because your online visibility matters,Y,,0,0,"Apps & maatwerk platforms;Content & copywriting;E-mailmarketing, automation & funnels;Online adverteren (paid ads);Online marketing, performance & CRO;SEO & vindbaarheid;Website & webdesign",10,7,Naamsbekendheid & zichtbaarheid,2,1,,0,0,,0,0,,0,0,,0,0
smartmediamasters.nl,2025,Samen slimmer groeien,N,"Staffing, recruitment & HR",1,1,"E-mailmarketing, automation & funnels;Online adverteren (paid ads);Outcome-verkoop (leads, omzet, groei);Strategie & advies;Website & webdesign",5,5,Personeel werven & werkgeversmerk,3,1,,0,0,,0,0,,0,0,,0,0
statement.nl,2001,"Statement, Communicatie Advies Bureau",N,,0,0,Strategie & advies,1,1,,0,0,,0,0,,0,0,,0,0,,0,0
statement.nl,2020,Communicatieadvies. Strategie. Websites. Films. Campagnes. En meer ...,Y,,0,0,Strategie & advies;Website & webdesign,3,2,"Merk, huisstijl & verhaal",2,1,,0,0,,0,0,,0,0,Regionaal (binnen Nederland),1,1
statement.nl,2023,"Communicatieadvies, Strategie, Websites, Films, Campagnes En meer...",Y,,0,0,Strategie & advies;Website & webdesign,3,2,"Merk, huisstijl & verhaal",2,1,,0,0,,0,0,,0,0,Regionaal (binnen Nederland),1,1
statement.nl,2025,"Communicatieadvies, Strategie, Websites, Films, Campagnes En meer...",Y,,0,0,Campagnes & creatieve concepten;Strategie & advies;Website & webdesign,3,3,"Merk, huisstijl & verhaal",2,1,,0,0,,0,0,,0,0,Regionaal (binnen Nederland),1,1
strangelove.nl,2020,We are your full-service digital marketing partner.,Y,,0,0,Content & copywriting;SEO & vindbaarheid;UX/UI & interface design,4,3,,1,0,,0,0,,0,0,,0,0,,0,0
strangelove.nl,2023,Branding for business growth.,N,Government & public sector,1,1,"Branding & huisstijl;Online marketing, performance & CRO;UX/UI & interface design",6,3,"Merk, huisstijl & verhaal;Naamsbekendheid & zichtbaarheid",2,2,,0,0,Zakelijke afnemers (B2B),1,1,,0,0,,0,0
strangelove.nl,2025,Creating brands people love.,N,Business & professional services;Education & childcare,2,2,"Branding & huisstijl;Online marketing, performance & CRO;UX/UI & interface design",5,3,"Groei & nieuwe markten;Merk, huisstijl & verhaal",2,2,,0,0,Zakelijke afnemers (B2B),1,1,,0,0,,0,0
strila.nl,2012,Strila helpt bedrijven online met een glimlach :),N,,0,0,Website & webdesign,2,1,,1,0,,0,0,,0,0,Startup / jong / groeiend,1,1,,0,0
strila.nl,2020,WordPress Websites + Marketing voor MKB & ZZP,Y,,0,0,SEO & vindbaarheid;Strategie & advies;Website & webdesign,5,3,,1,0,Website & CMS,1,1,,0,0,MKB / middelgroot,1,1,,0,0
strila.nl,2025,"WordPress Websites & Vindbaarheid voor agencies, MKB en ZZP",N,,0,0,Content & copywriting;SEO & vindbaarheid;Website & webdesign,6,3,Beter vindbaar in Google,1,1,Website & CMS,1,1,Dienstverleners,2,1,MKB / middelgroot,1,1,Nederlandse stad of plaats,1,1
studiobold.nl,2008,"Studio Bold - van concept, ontwerp tot realisatie",N,,0,0,"Campagnes & creatieve concepten;Grafisch ontwerp, drukwerk & print",2,2,,0,0,,0,0,,0,0,,0,0,,0,0
studiobold.nl,2023,Bold is een no nonsense reclamebureau.,N,,0,0,,1,0,,0,0,,0,0,,0,0,,0,0,,0,0
studiodani.nl,2021,Zie wat iedereen ziet - doe wat niemand doet,Y,,0,0,,2,0,,1,0,,0,0,,0,0,,0,0,,0,0
studiodani.nl,2023,BUILDING BRANDS TOGETHER,Y,,0,0,Branding & huisstijl,2,1,"Klantbehoud & loyaliteit;Merk, huisstijl & verhaal",2,2,,0,0,,0,0,,0,0,,0,0
studiorbee.nl,2015,NO-NONSENSE ONTWERPSTUDIO UIT 'S-HERTOGENBOSCH,Y,,0,0,Website & webdesign,1,1,Content & creatieve productie,1,1,,0,0,,0,0,,0,0,Nederlandse stad of plaats,1,1
studiorbee.nl,2020,NO-NONSENSE ONTWERPSTUDIO UIT 'S-HERTOGENBOSCH,Y,,0,0,Website & webdesign,1,1,Content & creatieve productie,1,1,,0,0,,0,0,,0,0,Nederlandse stad of plaats,1,1
studiorbee.nl,2025,studio rbee | no-nonsense ontwerpstudio,N,,0,0,,0,0,,0,0,,0,0,,0,0,,0,0,Nederlandse stad of plaats,1,1
supportflex.nl,2011,Scoren op internet....,N,,0,0,"Online marketing, performance & CRO;Website & webdesign",3,2,"Meer leads, aanvragen & verkoop",4,1,,0,0,,0,0,,0,0,Nederland plus buurlanden,2,1
supportflex.nl,2020,specialist in lokale vindbaarheid,Y,,0,0,"Online marketing, performance & CRO",2,1,"Groei & nieuwe markten;Meer leads, aanvragen & verkoop",3,2,,0,0,Zakelijke afnemers (B2B),1,1,MKB / middelgroot,1,1,Regionaal (binnen Nederland),2,1
supportflex.nl,2023,Specialist in lokale vindbaarheid en marketing,N,,0,0,,2,0,"Beter vindbaar in Google;Meer leads, aanvragen & verkoop;Naamsbekendheid & zichtbaarheid",4,3,,0,0,,0,0,,0,0,Nederlandse stad of plaats;Regionaal (binnen Nederland),4,2
supportflex.nl,2025,Specialist in lokale vindbaarheid en marketing,N,,0,0,"Content & copywriting;Employer branding & recruitment;Online adverteren (paid ads);Online marketing, performance & CRO;Outcome-verkoop (leads, omzet, groei);SEO & vindbaarheid;Social media content & beheer;Website & webdesign",12,8,Beter vindbaar in Google;Naamsbekendheid & zichtbaarheid,3,2,,0,0,Zakelijke afnemers (B2B),1,1,,0,0,Nederlandse stad of plaats,1,1
takties.nl,2013,It's all about...,Y,,0,0,SEO & vindbaarheid,1,1,,2,0,,0,0,,0,0,,0,0,,0,0
takties.nl,2020,Webdesign en zoekmachine optimalisatie in Assen en omstreken,Y,,0,0,"Content & copywriting;Grafisch ontwerp, drukwerk & print;SEO & vindbaarheid;Website & webdesign",10,4,Beter vindbaar in Google;Website verouderd of nieuw nodig,3,2,Website & CMS,1,1,,0,0,,0,0,Regionaal (binnen Nederland),1,1
takties.nl,2023,"Het "" Website "" Online Marketing en SEO bureau in Assen & Groningen . Takties helpt jou met Webdesign Google en Facebook!",Y,,0,0,"E-mailmarketing, automation & funnels;SEO & vindbaarheid;Social media content & beheer;Website & webdesign",5,4,"Klantbehoud & loyaliteit;Meer leads, aanvragen & verkoop",3,2,,0,0,,0,0,,0,0,Regionaal (binnen Nederland),2,1
takties.nl,2025,"Het "" Website "" Online Marketing en SEO bureau in Assen & Groningen . Takties helpt jou met Webdesign Google en Facebook!",Y,,0,0,"E-mailmarketing, automation & funnels;SEO & vindbaarheid;Social media content & beheer;Website & webdesign",5,4,"Klantbehoud & loyaliteit;Meer leads, aanvragen & verkoop",3,2,,0,0,,0,0,,0,0,Regionaal (binnen Nederland),2,1
tekstueel-communicatie.nl,2017,Uw Communicatieregisseur,N,,0,0,Strategie & advies,1,1,Naamsbekendheid & zichtbaarheid,1,1,,0,0,,0,0,,0,0,,0,0
tekstueel-communicatie.nl,2020,Onze business is organiseren én communiceren.,Y,"Construction, real estate & housing;Government & public sector;Nonprofits, charities & associations",3,3,"Content & copywriting;Grafisch ontwerp, drukwerk & print;Online marketing, performance & CRO",4,3,,1,0,,0,0,,0,0,MKB / middelgroot,1,1,,0,0
tekstueel-communicatie.nl,2023,De communicatie regisseur,N,"Construction, real estate & housing;Energy, utilities & environment;Government & public sector;Nonprofits, charities & associations",5,4,Strategie & advies,2,1,,0,0,,0,0,,0,0,,0,0,,0,0
tekstueel-communicatie.nl,2025,De communicatie regisseur,Y,"Construction, real estate & housing;Energy, utilities & environment",2,2,Strategie & advies,2,1,,0,0,,0,0,,0,0,,0,0,,0,0
tenzer.nl,2012,"Tenzer, omdat u maar één goede indruk kunt achterlaten...",N,,0,0,"Online marketing, performance & CRO;Video, animatie & fotografie;Website & webdesign",3,3,Content & creatieve productie;Website verouderd of nieuw nodig,4,2,,0,0,,0,0,,0,0,,0,0
tenzer.nl,2019,dé online specialist voor de recreatiebranche,N,"Hospitality, tourism, sports & recreation",1,1,Website & webdesign,1,1,"Klantbehoud & loyaliteit;Meer leads, aanvragen & verkoop",3,2,,0,0,,0,0,,0,0,,0,0
thabasco.nl,2020,Thabasco | Authentic Creatives,N,,0,0,Campagnes & creatieve concepten,3,1,"Merk, huisstijl & verhaal",2,1,,0,0,,0,0,,0,0,,0,0
thabasco.nl,2025,Design is the difference between being ignored or embraced.,N,,0,0,Branding & huisstijl,1,1,,0,0,,0,0,,0,0,,0,0,Regionaal (binnen Nederland),1,1
thatinnerflame.com,2021,That Inner Flame helpt jouw business de top te bereiken.,N,,0,0,Strategie & advies,1,1,Groei & nieuwe markten,2,1,,0,0,,0,0,,0,0,,0,0
thatinnerflame.com,2023,Vlammende content marketing!,N,,0,0,"Content & copywriting;Outcome-verkoop (leads, omzet, groei);Strategie & advies;Website & webdesign",5,4,Content & creatieve productie;Groei & nieuwe markten;Naamsbekendheid & zichtbaarheid,3,3,Social media organisch,1,1,Zakelijke afnemers (B2B),1,1,,0,0,,0,0
thatinnerflame.com,2025,Vlammende content marketing!,N,,0,0,"Content & copywriting;Outcome-verkoop (leads, omzet, groei);Strategie & advies;Website & webdesign",6,4,Content & creatieve productie;Groei & nieuwe markten;Naamsbekendheid & zichtbaarheid,4,3,Social media organisch,1,1,Zakelijke afnemers (B2B),1,1,,0,0,,0,0
theapsgroup.com,2019,Together we make more possible.,Y,,0,0,"Branding & huisstijl;Grafisch ontwerp, drukwerk & print;Online marketing, performance & CRO;Strategie & advies",7,4,,0,0,,0,0,,0,0,Groot / corporate / marktleider,1,1,,0,0
theapsgroup.com,2023,Supporting brands to talk to their customers,Y,,0,0,"Apps & maatwerk platforms;Content & copywriting;Grafisch ontwerp, drukwerk & print;UX/UI & interface design;Video, animatie & fotografie",5,5,,0,0,,0,0,,0,0,,0,0,,0,0
theapsgroup.com,2025,Supporting brands to talk to their customers.,Y,Government & public sector;Retail & e-commerce (general consumer goods),2,2,"Apps & maatwerk platforms;Content & copywriting;Grafisch ontwerp, drukwerk & print;UX/UI & interface design;Video, animatie & fotografie",5,5,,0,0,,0,0,,0,0,,0,0,,0,0
thebravenewnow.com,2014,"A new creative company with a bold ambition: to make brilliantly creative, culturally relevant work in a better way, for today.",Y,,0,0,,2,0,,1,0,,0,0,,0,0,,0,0,,0,0
thebravenewnow.com,2020,WE'D LOVE TO HEAR FROM YOU.,N,,0,0,,0,0,,0,0,,0,0,,0,0,,0,0,,0,0
thebravenewnow.com,2023,The Brave New Now is a highly collaborative creative company specialising in global brand direction,N,,0,0,Branding & huisstijl,1,1,,0,0,,0,0,,0,0,,0,0,,0,0
thebravenewnow.com,2025,A highly collaborative creative company specialising in global brand direction.,N,,0,0,Branding & huisstijl,1,1,,0,0,,0,0,,0,0,,0,0,,0,0
thisisqi.nl,2021,Transformation is Qi,Y,,0,0,"Branding & huisstijl;Strategie & advies;Video, animatie & fotografie",4,3,,3,0,,0,0,,0,0,,0,0,,0,0
thisisqi.nl,2023,Real change needs boardroom creativity,N,Business & professional services,1,1,Branding & huisstijl;Content & copywriting;Strategie & advies,4,3,"Merk, huisstijl & verhaal",1,1,,0,0,Zakelijke afnemers (B2B),1,1,,0,0,,0,0
thisisqi.nl,2025,Jij zoekt naar versnellingskracht,N,,1,0,Strategie & advies,5,1,"Groei & nieuwe markten;Klantbehoud & loyaliteit;Merk, huisstijl & verhaal",3,3,,0,0,,0,0,Groot / corporate / marktleider,1,1,,0,0
thrillmedia.nl,2008,Thrill Media - The Creative Company,Y,,0,0,"Grafisch ontwerp, drukwerk & print;Video, animatie & fotografie;Website & webdesign",3,3,,0,0,,0,0,,0,0,,0,0,,0,0
thrillmedia.nl,2020,Jouw doel bereiken,Y,,0,0,Campagnes & creatieve concepten;Online adverteren (paid ads);Strategie & advies;Webshop & e-commerce,4,4,,1,0,Webshop & e-commerceplatform,1,1,,0,0,,0,0,,0,0
thrillmedia.nl,2023,Jouw doel bereiken,Y,,0,0,Campagnes & creatieve concepten;Online adverteren (paid ads);Strategie & advies;Webshop & e-commerce,4,4,,1,0,Webshop & e-commerceplatform,1,1,,0,0,,0,0,,0,0
thrillmedia.nl,2025,"Groot bereik, direct effect",Y,,0,0,Branding & huisstijl;Campagnes & creatieve concepten;Online adverteren (paid ads);Strategie & advies;Webshop & e-commerce,5,5,Beter vindbaar in Google,2,1,Offline media & events;Webshop & e-commerceplatform,2,2,,0,0,,0,0,Internationaal / wereldwijd,1,1
tomorrowmen.nl,2014,Tomorrowmen - Improving Digital Business,N,,0,0,,1,0,,0,0,,0,0,,0,0,,0,0,,0,0
tomorrowmen.nl,2020,IJzersterk in digital marketing,N,,0,0,Apps & maatwerk platforms;Strategie & advies;Website & webdesign,4,3,"Meer leads, aanvragen & verkoop;Website verouderd of nieuw nodig",2,2,,0,0,,0,0,,0,0,,0,0
tomorrowmen.nl,2023,Kan Niet bestaat niet™,N,,0,0,"Online marketing, performance & CRO;SEO & vindbaarheid",3,2,,0,0,,0,0,,0,0,,0,0,,0,0
tomorrowmen.nl,2025,KAN NIET BESTAAT NIET ™,N,,0,0,"Campagnes & creatieve concepten;Online marketing, performance & CRO",4,2,,3,0,,0,0,,0,0,,0,0,,0,0
transvormatie.nl,2020,Wij luisteren graag naar uw wensen.,Y,"Construction, real estate & housing",1,1,"Branding & huisstijl;Grafisch ontwerp, drukwerk & print",3,2,,1,0,,0,0,,0,0,,0,0,,0,0
transvormatie.nl,2023,Wij luisteren graag naar uw wensen.,Y,"Construction, real estate & housing",1,1,"Branding & huisstijl;Grafisch ontwerp, drukwerk & print",3,2,,1,0,,0,0,,0,0,,0,0,,0,0
transvormatie.nl,2025,Wij luisteren graag naar uw wensen.,Y,"Construction, real estate & housing",1,1,"Branding & huisstijl;Grafisch ontwerp, drukwerk & print",3,2,,1,0,,0,0,,0,0,,0,0,,0,0
tres.nl,2020,"Digitaal bureau voor strategie, marketing en technologie.",N,,0,0,Strategie & advies,1,1,,0,0,,0,0,,0,0,,0,0,,0,0
tres.nl,2023,"Klantportalen, websites en digital marketing",N,,0,0,Apps & maatwerk platforms,3,1,"Klantbehoud & loyaliteit;Meer leads, aanvragen & verkoop",2,2,,0,0,Webshop B2B,1,1,,0,0,,0,0
trimm.nl,1998,,N,,0,0,,0,0,,0,0,,0,0,,0,0,,0,0,,0,0
trimm.nl,2020,TRIMM Digital craftsmanship,N,,0,0,Apps & maatwerk platforms,2,1,,0,0,,0,0,,0,0,,0,0,,0,0
trimm.nl,2023,Wij helpen de business van onze klanten transformeren,N,,0,0,Apps & maatwerk platforms,3,1,,2,0,,0,0,,0,0,,0,0,,0,0
trimm.nl,2025,WIJ ZIJN DE ARCHITECTEN VAN DIGITAL.,Y,Manufacturing & industrial,1,1,Strategie & advies,2,1,Maatwerk software & efficiëntere processen,2,1,,0,0,,0,0,,0,0,,0,0
turntwo.com,2001,,N,,0,0,,0,0,,0,0,,0,0,,0,0,,0,0,,0,0
turntwo.com,2023,Turning forward together,N,,0,0,"Online marketing, performance & CRO;Strategie & advies",2,2,Groei & nieuwe markten,2,1,,0,0,,0,0,Groot / corporate / marktleider,1,1,,0,0
turntwo.com,2025,The Marketing Intelligence & Activation Agency,N,,0,0,"Online marketing, performance & CRO;Strategie & advies",3,2,Advertenties & campagnes renderen niet,2,1,,0,0,,0,0,,0,0,,0,0
ultrax.agency,2025,Online impact maken,N,,0,0,"Grafisch ontwerp, drukwerk & print;Online marketing, performance & CRO;Website & webdesign",4,3,Groei & nieuwe markten,2,1,,0,0,,0,0,,0,0,Nederlandse stad of plaats,1,1
ultrax.agency,2025,Online impact maken,N,,0,0,"Grafisch ontwerp, drukwerk & print;Online marketing, performance & CRO;Website & webdesign",4,3,Groei & nieuwe markten,2,1,,0,0,,0,0,,0,0,Nederlandse stad of plaats,1,1
upside.nl,2001,"Upside, de site voor de generatie van het Grote Genieten",N,,0,0,,1,0,,0,0,,0,0,,0,0,,0,0,,0,0
upside.nl,2023,Het meest miskende webbureau van Nederland,N,,0,0,Website & webdesign,3,1,,0,0,Website & CMS,2,1,Zakelijke afnemers (B2B),1,1,,0,0,,0,0
upside.nl,2025,Het meest miskende webbureau van Nederland,N,,0,0,Strategie & advies;Website & webdesign,4,2,"Meer leads, aanvragen & verkoop;Website verouderd of nieuw nodig",2,2,Website & CMS,1,1,Zakelijke afnemers (B2B),2,1,,0,0,,0,0
vdveer.nl,2001,V a n d e r V e e r V o r m g e v e r s | LOADING...,N,,0,0,,0,0,,0,0,,0,0,,0,0,,0,0,,0,0
vdveer.nl,2020,Wij zijn VanderVeer Creative Agency,Y,,0,0,Apps & maatwerk platforms;Strategie & advies,4,2,"Merk, huisstijl & verhaal",2,1,,0,0,,0,0,,0,0,,0,0
vdveer.nl,2023,VanderVeer - Creative Agency,N,,0,0,,0,0,,0,0,,0,0,,0,0,,0,0,,0,0
vdveer.nl,2025,Creating digital experiences,Y,,0,0,Content & copywriting;Strategie & advies,2,2,"Merk, huisstijl & verhaal",3,1,,0,0,,0,0,,0,0,,0,0
vertigo6.nl,2013,We make people talk about you,N,,0,0,PR & influencer marketing,1,1,Naamsbekendheid & zichtbaarheid,1,1,,0,0,,0,0,,0,0,,0,0
vertigo6.nl,2020,We make people talk about you,Y,,0,0,PR & influencer marketing;Social media content & beheer,4,2,Naamsbekendheid & zichtbaarheid,3,1,,0,0,,0,0,,0,0,,0,0
vertigo6.nl,2023,"De cross-media marketing, PR, & influencer agency voor generatie Y, Z & ALPHA.",Y,,0,0,PR & influencer marketing,3,1,Naamsbekendheid & zichtbaarheid,2,1,Social media organisch,1,1,,0,0,,0,0,,0,0
vertigo6.nl,2025,"You can buy impressions, but real attention is earned.",Y,"Media, culture & entertainment",1,1,PR & influencer marketing,3,1,Naamsbekendheid & zichtbaarheid,1,1,,0,0,,0,0,,0,0,,0,0
vizien.nl,2013,Persoonlijk marketingbureau - Een frisse blik op uw marketing,Y,,0,0,"Online marketing, performance & CRO;Strategie & advies",2,2,"Meer leads, aanvragen & verkoop;Merk, huisstijl & verhaal",2,2,,0,0,,0,0,,0,0,,0,0
vizien.nl,2020,Vizien: online marketingbureau Den Bosch met een frisse blik!,Y,,0,0,"Online marketing, performance & CRO;SEO & vindbaarheid",3,2,,0,0,,0,0,,0,0,,0,0,Nederlandse stad of plaats,3,1
vizien.nl,2023,Specialist in Search Marketing & Wordpress,N,,0,0,Content & copywriting;Online adverteren (paid ads);SEO & vindbaarheid;Website & webdesign,6,4,"Meer leads, aanvragen & verkoop",1,1,Website & CMS,2,1,,0,0,,0,0,,0,0
vizien.nl,2025,Specialist in Search Marketing & Wordpress,N,,0,0,Content & copywriting;Online adverteren (paid ads);SEO & vindbaarheid;Website & webdesign,6,4,"Meer leads, aanvragen & verkoop",1,1,Website & CMS,2,1,,0,0,,0,0,,0,0
vonc.nl,2020,Met de C van Communicatie,N,,0,0,Strategie & advies,2,1,Bewustwording & gedragsverandering,1,1,,0,0,,0,0,,0,0,Nederlandse stad of plaats,1,1
vonc.nl,2023,Met de C van Communicatie,N,Education & childcare,1,1,Strategie & advies,2,1,,1,0,,0,0,,0,0,,0,0,Nederlandse stad of plaats,1,1
vonc.nl,2025,Met de C van Communicatie,N,Education & childcare,1,1,Strategie & advies,2,1,,1,0,,0,0,,0,0,,0,0,Nederlandse stad of plaats,1,1
vormdestad.nl,2022,8 ontwerpers werken samen,Y,,0,0,"Grafisch ontwerp, drukwerk & print;Strategie & advies",2,2,,0,0,,0,0,,0,0,,0,0,Nederlandse stad of plaats,1,1
vormdestad.nl,2023,Vorm de Stad is een multidisciplinair ontwerpbureau. Wij werken op het snijvlak van informerende en wervende communicatie.,Y,,0,0,Campagnes & creatieve concepten;Strategie & advies,2,2,,0,0,,0,0,,0,0,,0,0,,0,0
vormdestad.nl,2025,Wij zijn Vorm de Stad. Wij zijn verhalenvertellers en maken eenvoudig wat complex is.,N,Government & public sector,1,1,,2,0,,1,0,,0,0,,0,0,,0,0,,0,0
vrijdagonline.nl,2020,"Winstgevende Website Laten Maken | 2.000+ Klanten | 4,8 van 5 sterren",N,,0,0,Website & webdesign,2,1,"Meer leads, aanvragen & verkoop",2,1,,0,0,,0,0,MKB / middelgroot,1,1,,0,0
vrijdagonline.nl,2023,Ontdek de Kracht van Maatwerk Websites,N,"Business & professional services;Construction, real estate & housing;Healthcare & care;Manufacturing & industrial;Software, IT & telecom",6,5,Website & webdesign,2,1,"Meer leads, aanvragen & verkoop",1,1,Website & CMS,1,1,,0,0,,0,0,,0,0
vrijdagonline.nl,2025,Meetbare Digitale Impact met Umbraco,N,"Business & professional services;Construction, real estate & housing;Healthcare & care;Manufacturing & industrial;Software, IT & telecom",6,5,Website & webdesign,3,1,Maatwerk software & efficiëntere processen,2,1,Website & CMS,2,1,,0,0,,0,0,,0,0
wadm.nl,2022,Laat je merk maximaal groeien.,N,,0,0,"Grafisch ontwerp, drukwerk & print;Strategie & advies",5,2,"Groei & nieuwe markten;Merk, huisstijl & verhaal",2,2,,1,0,Zakelijke afnemers (B2B),1,1,,0,0,,0,0
wadm.nl,2023,Laat je merk maximaal groeien.,N,,0,0,"Grafisch ontwerp, drukwerk & print;Strategie & advies",5,2,"Groei & nieuwe markten;Merk, huisstijl & verhaal",2,2,,1,0,Zakelijke afnemers (B2B),1,1,,0,0,,0,0
wadm.nl,2025,Laat je B2B merk maximaal groeien.,N,,0,0,"Branding & huisstijl;Grafisch ontwerp, drukwerk & print;Strategie & advies",5,3,"Groei & nieuwe markten;Merk, huisstijl & verhaal",2,2,,1,0,Zakelijke afnemers (B2B),2,1,,0,0,,0,0
webcrafter.nl,2019,Full Service Internetbureau,Y,,0,0,"Online marketing, performance & CRO;Webshop & e-commerce;Website & webdesign",4,3,"Meer leads, aanvragen & verkoop;Webshop & online verkoop;Website verouderd of nieuw nodig",3,3,,0,0,,0,0,,0,0,,0,0
webcrafter.nl,2020,Full Service Internetbureau,Y,,0,0,"Online marketing, performance & CRO;Webshop & e-commerce;Website & webdesign",3,3,"Meer leads, aanvragen & verkoop",1,1,,0,0,,0,0,,0,0,,0,0
webcrafter.nl,2023,Digitale services die resultaten genereren,N,,0,0,SEO & vindbaarheid;Webshop & e-commerce;Website & webdesign,3,3,"Meer leads, aanvragen & verkoop",3,1,,0,0,,0,0,,0,0,,0,0
webcrafter.nl,2025,Dé Webshop SEO Specialist,N,,0,0,SEO & vindbaarheid,4,1,"Beter vindbaar in Google;Groei & nieuwe markten;Meer leads, aanvragen & verkoop",5,3,SEO & organische vindbaarheid;Webshop & e-commerceplatform,3,2,Webshop consumenten (D2C),4,1,,0,0,,0,0
webdesign-direct.nl,2018,"Professionele website laten maken? Website nu vanaf €199,-",N,,0,0,Website & webdesign,4,1,Webshop & online verkoop;Website verouderd of nieuw nodig,3,2,,0,0,,0,0,,0,0,,0,0
webdesign-direct.nl,2020,"Website laten maken? Professionele website al v/a €299,-",Y,,0,0,Branding & huisstijl;Online adverteren (paid ads);SEO & vindbaarheid;Webshop & e-commerce;Website & webdesign,6,5,"Beter vindbaar in Google;Meer leads, aanvragen & verkoop;Website verouderd of nieuw nodig",3,3,,0,0,,0,0,,0,0,,0,0
webdesign-direct.nl,2023,Winnen met webdesign,Y,,0,0,Apps & maatwerk platforms;Online adverteren (paid ads);SEO & vindbaarheid;Webshop & e-commerce;Website & webdesign,6,5,"Meer leads, aanvragen & verkoop",4,1,,0,0,,0,0,,0,0,,0,0
webdesign-direct.nl,2025,Wil je maandelijks duizenden organische bezoekers? Laat je webdesign maken door SEO specialisten!,N,,0,0,"Apps & maatwerk platforms;Campagnes & creatieve concepten;E-mailmarketing, automation & funnels;Online marketing, performance & CRO;Website & webdesign",6,5,Beter vindbaar in Google;Groei & nieuwe markten,3,2,SEO & organische vindbaarheid;Website & CMS,3,2,,0,0,,0,0,,0,0
webelephant.nl,2010,Uw persoonlijke webdesign,N,,0,0,Website & webdesign,1,1,Website verouderd of nieuw nodig,1,1,,0,0,,0,0,,0,0,,0,0
webelephant.nl,2020,Online marketing en webdevelopment,Y,Retail & e-commerce (general consumer goods),1,1,Apps & maatwerk platforms;Webshop & e-commerce,4,2,"Groei & nieuwe markten;Meer leads, aanvragen & verkoop",4,2,,0,0,Webshop B2B;Zakelijke afnemers (B2B),2,2,,0,0,,0,0
webelephant.nl,2023,Digital Performance Agency,Y,Retail & e-commerce (general consumer goods),1,1,"Online marketing, performance & CRO;Webshop & e-commerce",7,2,"Meer leads, aanvragen & verkoop",3,1,,0,0,Webshop B2B,1,1,,0,0,,0,0
webelephant.nl,2025,De e-commerce scaling company,N,,0,0,"Online marketing, performance & CRO;Webshop & e-commerce",2,2,Advertenties & campagnes renderen niet;Groei & nieuwe markten;Maatwerk software & efficiëntere processen;Webshop & online verkoop,4,4,,0,0,Webshop consumenten (D2C),2,1,,0,0,,0,0
webinzicht.nl,1998,Web InZicht [ internet ],N,,0,0,,1,0,,0,0,,0,0,,0,0,,0,0,,0,0
webinzicht.nl,2020,"web inzicht | webdesign, huisstijlen en internet communicatie",Y,,0,0,"Grafisch ontwerp, drukwerk & print;Webshop & e-commerce",2,2,Website verouderd of nieuw nodig,1,1,,0,0,,0,0,,0,0,,0,0
webinzicht.nl,2025,Web Inzicht - { digital } communications & design,N,"Nonprofits, charities & associations",1,1,Website & webdesign,2,1,,1,0,,0,0,,0,0,MKB / middelgroot,1,1,Regionaal (binnen Nederland),1,1
websignaal.nl,2010,"Een complete, unieke, professioneel vormgegeven website voor maar € 37,50 per maand!",N,"Hospitality, tourism, sports & recreation",1,1,"Grafisch ontwerp, drukwerk & print;Website & webdesign",4,2,Beter vindbaar in Google;Naamsbekendheid & zichtbaarheid,2,2,,0,0,,0,0,,0,0,,0,0
websignaal.nl,2020,Websignaal | Magento webshop maken | Software development | Webshop ontwikkeling | Maastricht,N,,0,0,Apps & maatwerk platforms;Webshop & e-commerce;Website & webdesign,4,3,,0,0,,0,0,Webshop consumenten (D2C),2,1,Startup / jong / groeiend,1,1,,0,0
websignaal.nl,2023,Jouw eCommerce partner,N,,0,0,Apps & maatwerk platforms;Webshop & e-commerce,2,2,,0,0,,0,0,Webshop consumenten (D2C),2,1,,0,0,,0,0
websignaal.nl,2025,Jouw eCommerce partner,N,,0,0,Apps & maatwerk platforms;SEO & vindbaarheid;Webshop & e-commerce,3,3,Groei & nieuwe markten,1,1,,0,0,Webshop consumenten (D2C),2,1,,0,0,,0,0
websitefreaks.nl,2002,Dé website met hulp voor iedereen,Y,,0,0,Website & webdesign,2,1,,0,0,,0,0,,0,0,,0,0,,0,0
websitefreaks.nl,2020,Nieuwe website op maat met super content nodig?,Y,,0,0,Branding & huisstijl;Website & webdesign,5,2,,1,0,,0,0,,0,0,MKB / middelgroot,1,1,,0,0
websitefreaks.nl,2023,Websitefreaks bouwt super effectieve en conversie gerichte WordPress websites!,N,,0,0,Content & copywriting;Website & webdesign,6,2,"Merk, huisstijl & verhaal;Website verouderd of nieuw nodig",2,2,Website & CMS,1,1,,0,0,MKB / middelgroot,2,1,,0,0
websitefreaks.nl,2025,Logo of conversiegerichte website nodig?,N,,0,0,Branding & huisstijl;Content & copywriting;Website & webdesign,4,3,"Meer leads, aanvragen & verkoop;Merk, huisstijl & verhaal",2,2,,0,0,,0,0,MKB / middelgroot,1,1,,0,0
webton.nl,2001,U en uw muis op de digitale snelweg?,N,,0,0,Website & webdesign,1,1,Groei & nieuwe markten,2,1,,0,0,,0,0,,0,0,,0,0
webton.nl,2020,"Winnen met strategy, digital & design.",Y,,0,0,Branding & huisstijl;SEO & vindbaarheid;Strategie & advies,3,3,"Groei & nieuwe markten;Merk, huisstijl & verhaal",2,2,,0,0,,0,0,,0,0,,0,0
webton.nl,2023,Winnen met Online Marketing,Y,,0,0,"Online marketing, performance & CRO",2,1,Events & activaties,2,1,,0,0,,0,0,,0,0,,0,0
webton.nl,2025,Winnen met Online Marketing,Y,,0,0,"Online marketing, performance & CRO",2,1,Events & activaties,2,1,,0,0,,0,0,,0,0,,0,0
wrkt.nl,2011,"Wrkt, bouwt aan online resultaat.",N,,0,0,"Online marketing, performance & CRO;Strategie & advies",4,2,Klantbehoud & loyaliteit;Maatwerk software & efficiëntere processen;Webshop & online verkoop,3,3,,0,0,,0,0,,0,0,,0,0
wrkt.nl,2020,Digital marketing voor e-commerce merken,Y,,0,0,"Online marketing, performance & CRO;Social media content & beheer;Strategie & advies;Webshop & e-commerce",5,4,Advertenties & campagnes renderen niet;Maatwerk software & efficiëntere processen;Webshop & online verkoop,4,3,,0,0,Webshop consumenten (D2C),2,1,,0,0,,0,0
wrkt.nl,2023,Growth marketing voor e-commerce merken,Y,,0,0,"Online marketing, performance & CRO;Social media content & beheer;Strategie & advies;Webshop & e-commerce",5,4,Advertenties & campagnes renderen niet;Maatwerk software & efficiëntere processen;Webshop & online verkoop,4,3,,0,0,Webshop consumenten (D2C),2,1,,0,0,,0,0
wveen.com,2011,Welkom op wveen.com!,N,,0,0,,0,0,,0,0,,0,0,,0,0,,0,0,,0,0
wveen.com,2020,Je bedrijf op het internet zetten & je bedrijf gevonden laten worden via Google,Y,,0,0,Website & webdesign,4,1,"Beter vindbaar in Google;Meer leads, aanvragen & verkoop",3,2,Website & CMS,1,1,,0,0,,0,0,Nederlandse stad of plaats,1,1
wveen.com,2023,Expert in WordPress Websites en Woocommerce Webshops,Y,,0,0,Webshop & e-commerce;Website & webdesign,3,2,Beter vindbaar in Google;Groei & nieuwe markten,2,2,Website & CMS,1,1,,0,0,,0,0,Nederlandse stad of plaats,1,1
wveen.com,2025,Expert in WordPress Websites en Woocommerce Webshops,Y,"Construction, real estate & housing",1,1,Website & webdesign,3,1,Beter vindbaar in Google,1,1,,0,0,,0,0,Klein / zelfstandig,1,1,Nederlandse stad of plaats;Regionaal (binnen Nederland),2,2
x-com.nl,2020,Aandacht voor jouw website voor jouw webshop voor webapplicaties voor online marketing wij ontwikkelen,Y,,0,0,"Apps & maatwerk platforms;Online marketing, performance & CRO;Strategie & advies;Webshop & e-commerce;Website & webdesign",5,5,Naamsbekendheid & zichtbaarheid,2,1,"SEA, display & overige paid advertising",1,1,,0,0,,0,0,,0,0
x-com.nl,2023,X‑com maakt klanten succesvol in e‑commerce,N,,0,0,Webshop & e-commerce,4,1,,2,0,,0,0,Webshop consumenten (D2C),1,1,,0,0,,1,0
x-com.nl,2025,"Resultaten overtreffen door strategie, development en performance marketing",Y,,0,0,Strategie & advies;Website & webdesign,3,2,Webshop & online verkoop,3,1,Webshop & e-commerceplatform,1,1,Webshop consumenten (D2C),2,1,,0,0,Nederlandse stad of plaats,1,1
xpectkemps.nl,2015,Het is persoonlijk bedoeld,N,,0,0,"Campagnes & creatieve concepten;Content & copywriting;E-mailmarketing, automation & funnels;Social media content & beheer",6,4,"Meer leads, aanvragen & verkoop",4,1,,0,0,,0,0,,0,0,,0,0
xpectkemps.nl,2021,Het is persoonlijk bedoeld,N,"Construction, real estate & housing",4,1,Content & copywriting;Strategie & advies;UX/UI & interface design,4,3,"Meer leads, aanvragen & verkoop",1,1,,0,0,,0,0,,0,0,,0,0
xpectkemps.nl,2023,Het is persoonlijk bedoeld,N,"Construction, real estate & housing",4,1,Content & copywriting;Strategie & advies;UX/UI & interface design,4,3,"Meer leads, aanvragen & verkoop",1,1,,0,0,,0,0,,0,0,,0,0
xpectkemps.nl,2025,Het is persoonlijk bedoeld,N,"Construction, real estate & housing",4,1,Content & copywriting;Strategie & advies;UX/UI & interface design,4,3,"Meer leads, aanvragen & verkoop",1,1,,0,0,,0,0,,0,0,,0,0
yummygum.com,2009,,N,,0,0,,0,0,,0,0,,0,0,,0,0,,0,0,,0,0
yummygum.com,2020,Every pixel matters,Y,,0,0,"Apps & maatwerk platforms;Grafisch ontwerp, drukwerk & print",3,2,Maatwerk software & efficiëntere processen,1,1,,0,0,,0,0,,0,0,,0,0
yummygum.com,2023,"Turn your brand, product, app, idea, platform b r a n d into something that sticks",N,,0,0,"Grafisch ontwerp, drukwerk & print;UX/UI & interface design",4,2,,2,0,,0,0,Zakelijke afnemers (B2B),1,1,,0,0,,0,0
yummygum.com,2025,Unwrap your digital potential,Y,,0,0,Apps & maatwerk platforms;Branding & huisstijl;Website & webdesign,5,3,Groei & nieuwe markten;Maatwerk software & efficiëntere processen,3,2,,0,0,,0,0,Startup / jong / groeiend,3,1,,0,0
z-studio.nl,2022,Z-Studio Brengt je marketingprocessen écht op orde.,Y,,0,0,"Content & copywriting;E-mailmarketing, automation & funnels;Online marketing, performance & CRO;Website & webdesign",4,4,"Maatwerk software & efficiëntere processen;Meer leads, aanvragen & verkoop",2,2,,0,0,Zakelijke afnemers (B2B),1,1,,0,0,,0,0
z-studio.nl,2023,Z-Studio Brengt je marketingprocessen écht op orde.,Y,,0,0,"Content & copywriting;E-mailmarketing, automation & funnels;Online marketing, performance & CRO;Website & webdesign",4,4,"Maatwerk software & efficiëntere processen;Meer leads, aanvragen & verkoop",2,2,,0,0,Zakelijke afnemers (B2B),1,1,,0,0,,0,0
z-studio.nl,2025,Z-Studio Brengt je marketingprocessen écht op orde.,Y,,0,0,"Content & copywriting;E-mailmarketing, automation & funnels;Online marketing, performance & CRO;Website & webdesign",4,4,"Maatwerk software & efficiëntere processen;Meer leads, aanvragen & verkoop",2,2,,0,0,Zakelijke afnemers (B2B),1,1,,0,0,,0,0
zalmpartners.nl,2024,Jouw online partner! Snel jouw website online. Zonder gedoe.,Y,,0,0,"Content & copywriting;Online marketing, performance & CRO;Website & webdesign",7,3,"Meer leads, aanvragen & verkoop;Website verouderd of nieuw nodig",2,2,,0,0,,0,0,,0,0,,0,0
zalmpartners.nl,2025,Web- and software development. We create (social) impact.,N,,1,0,Branding & huisstijl;Content & copywriting;SEO & vindbaarheid;Website & webdesign,5,4,,0,0,,0,0,,0,0,,0,0,,0,0
