domain,window,cohort,avg_specificity,client_keys,demonstrated_combo,demonstrated_depth,hhi_channel,hhi_craft,hhi_geo,hhi_industry,hhi_job,hhi_model,hhi_stage,inc_n_stated_channel,inc_n_stated_craft,inc_n_stated_geo,inc_n_stated_industry,inc_n_stated_job,inc_n_stated_model,inc_n_stated_stage,inc_top1_channel,inc_top1_craft,inc_top1_geo,inc_top1_industry,inc_top1_job,inc_top1_model,inc_top1_stage,n_anonymous_rows,n_carried,n_case_rows,n_distinct_clients,n_dropped,n_new_clients,n_stated_channel,n_stated_craft,n_stated_geo,n_stated_industry,n_stated_job,n_stated_model,n_stated_stage,pivot_year,share_full_page,share_numeric,top1_channel,top1_craft,top1_geo,top1_industry,top1_job,top1_model,top1_stage,topbucket_channel,topbucket_craft,topbucket_geo,topbucket_industry,topbucket_job,topbucket_model,topbucket_stage,truncated
boomerangagency.com,after,control,2.087,abnamro;ahterra;albertheijn;andrelon;andrlon;beyondmeat;boomerang;campina;chocomel;desperados;eurail;fanta;heineken;interpolis;liga;mentos;oldamsterdam;parbo;pepsi;rijksmuseum;unicef;varkensinnood;zwitsal,industry+channel,2,0.333,0.211,0.222,0.389,0.2,1.0,1.0,0,0,0,0,0,0,0,,,,,,,,11,21,46,23,19,2,12,16,6,6,5,1,1,2025,0.739,0.087,0.5,0.375,0.333,0.5,0.2,1.0,1.0,Social media organisch,"Video, animatie & fotografie",Heel Nederland (landelijk),"Fashion, beauty & personal goods",Bewustwording & gedragsverandering,Webshop consumenten (D2C),Groot / corporate / marktleider,True
creativeflavours.nl,after,control,2.312,beautyxl;brandloyalty;diergaardeblijdorp;easywalker;galdersfeestweekend;ggd;guesthousehotel;iamhardwellthemovie;magicbaby;mammoetroadcargo;opstijgendvochtnl;pathvisuals;revit;soccerboxer;tapiocacompany;topvoorkinderen,channel,1,0.556,0.266,0.306,0.12,0.333,1.0,1.0,3,6,3,6,2,2,0,1.0,0.5,0.667,0.333,0.5,1.0,,0,10,23,16,1,6,6,13,7,10,3,2,1,2020,0.688,0.0,0.667,0.385,0.429,0.2,0.333,1.0,1.0,Website & CMS,Branding & huisstijl,Nederlandse stad of plaats,"Nonprofits, charities & associations",Website verouderd of nieuw nodig,Webshop consumenten (D2C),Groot / corporate / marktleider,True
cornerstones.nl,before,narrower,1.571,barcolichttotaal;brasseriehartighsoed;ceseasy;cesnederland;desteigerconcurrent;gemeentegroningen;goedlicht;hetsteenhuys;kshkantoorspecialisten;laundryuse;leondoro;nicecubes;plaggenmarsch;quebixnl;quebixwoonvoorziening;rickmeinenstudio;rijschooljalving;supremerelatiegeschenken;tiseca;tuincentrumnoordbarge;yourizon,craft+job+channel,3,0.82,0.392,0.333,0.265,0.592,1.0,,,,,,,,,,,,,,,,0,,27,21,,,10,21,3,7,7,2,0,2023,0.143,0.048,0.9,0.524,0.333,0.429,0.714,1.0,,Webshop & e-commerceplatform,Website & webdesign,Nederland plus buurlanden,Retail & e-commerce (general consumer goods),Webshop & online verkoop,Webshop consumenten (D2C),,False
2manydots.nl,after,control,2.5,acait;alcoholvrijbierhuis;alku;amberalerteurope;avia;avianederland;brabantpartners;crowefoederer;dbswtravelmedia;elspessers;frissekoppen;grancanarianl;gstarraw;hip;ikbeneenbrabandernl;jacobsvanrooij;juiceyou;klokjerond;klokjerondhetwittewiel;koti;mondiaen;netpresenter;omroepbrabant;omroepbrabantreclame;opcharge;regionaleuitvoeringsdienstzeeland;rudzeeland;sapje;smctilburg;stichtingamberalerteurope;teekenskarstens;teleperformance;teleperformancebenelux;univers;vandermeijsglas;vivisol,craft+stage,2,0.175,0.427,0.28,0.085,0.2,0.284,0.702,11,19,8,14,13,5,8,0.455,0.579,0.625,0.143,0.462,0.4,0.875,0,11,66,36,7,25,21,27,15,25,20,9,11,2023,0.528,0.278,0.286,0.63,0.467,0.12,0.35,0.333,0.818,SEO & organische vindbaarheid,Website & webdesign,Regionaal (binnen Nederland),Retail & e-commerce (general consumer goods),Website verouderd of nieuw nodig,Gemengd,Omvang in cijfers,True
dentsu.com,after,control,2.423,adobe;bowelcanceraustralia;brita;calm;caratdiageo;dentsucreativechinakfcrestore;dentsuxnonamecasestudy;diageo;donateyourwords;footlocker;greenpeacerussia;intel;irwinmitchell;morethanthatwithgiapeppers;nationalgeographic;noname;pggillette;philips;royalcaribbean;sinyirealty;surakshakateeka;swiggy;theeverythingbook;tvtokyo;vedantu;workday,job+geo,2,0.337,0.163,0.722,0.18,0.461,1.0,0.5,2,3,1,2,3,0,1,0.5,0.667,1.0,0.5,0.667,,1.0,0,18,26,26,27,8,14,17,12,10,16,1,2,2024,0.654,0.385,0.429,0.235,0.833,0.3,0.625,1.0,0.5,"Content, video & PR",Strategie & advies,Specifiek buitenland,"Software, IT & telecom",Bewustwording & gedragsverandering,Zakelijke afnemers (B2B),Groot / corporate / marktleider,False
dentsucreative.amsterdam,after,control,1.5,adobe;crisp;gls;karwei;kpn;lumion;propel;zeromalaria,channel,1,0.556,0.167,1.0,0.25,,1.0,1.0,3,6,2,4,0,1,1,0.667,0.167,1.0,0.25,,1.0,1.0,0,0,8,8,0,8,3,6,2,4,0,1,1,2022,0.0,0.0,0.667,0.167,1.0,0.25,,1.0,1.0,Social media organisch,Campagnes & creatieve concepten,Internationaal / wereldwijd,"Transport, logistics & automotive",,SaaS & software,Groot / corporate / marktleider,False
deptagency.com,before,control,1.19,aaronwegmann;allianz;avinafood;bevi;brenntag;bugaboo;canyon;foundationmedicine;fragrancedirect;ganni;gant;glendimplex;goodhabitz;hse;jbl;leoninedistributiongmbh;livelifebyturningpoint;louisianamuseum;otravo;primephonic;vangogh,model+geo,2,0.222,0.19,0.722,0.5,,0.375,1.0,,,,,,,,,,,,,,,0,,24,21,,,6,17,6,2,0,4,1,2022,0.0,0.0,0.333,0.294,0.833,0.5,,0.5,1.0,"E-mail, CRM & marketing automation",Website & webdesign,Internationaal / wereldwijd,"Media, culture & entertainment",,Zakelijke afnemers (B2B),Groot / corporate / marktleider,True
getforward.nl,before,control,2.8,bouwma;enrise;segwayveluwe;thermoshield;vaccinatiepunt,craft+job+channel+geo,4,1.0,0.625,0.556,0.333,0.556,,0.333,,,,,,,,,,,,,,,0,,5,5,,,4,4,3,3,3,0,3,2023,0.6,0.6,1.0,0.75,0.667,0.333,0.667,,0.333,"SEA, display & overige paid advertising",Online adverteren (paid ads),Regionaal (binnen Nederland),Healthcare & care,Advertenties & campagnes renderen niet,,Omvang in cijfers,False
getforward.nl,after,control,1.0,annelieboersma;arassecurity;bouwmabouwmachines;curveswear;delimeal;dorgelovoertuigopties;ekelhoffkeukens;enrise;ernstbrokmeier;henniezoontjes;ladieswork;lengersyachts;mehranmohammad;pieterwahlen;reddingsbrigadenederland;rutgerdegroot;thermoshield;woonin,craft+channel,2,0.388,0.312,,,0.5,,,6,7,0,0,2,0,0,0.5,0.429,,,0.5,,,0,2,18,18,3,16,7,8,0,0,2,0,0,2023,0.0,0.0,0.571,0.5,,,0.5,,,"SEA, display & overige paid advertising",Online adverteren (paid ads),,,"Meer leads, aanvragen & verkoop",,,True
gigaleads.nl,before,narrower,3.333,123zonnepaneelpakket;diamondflame;lotteverhelst;smartnrg;wout;yesdakkapellen,industry+craft+job+channel,4,1.0,0.389,0.5,0.44,1.0,0.5,,,,,,,,,,,,,,,,6,,12,6,,,4,6,2,5,4,2,0,2024,0.667,0.833,1.0,0.5,0.5,0.6,1.0,0.5,,Social media organisch,"Outcome-verkoop (leads, omzet, groei)",Heel Nederland (landelijk),"Construction, real estate & housing","Meer leads, aanvragen & verkoop",Consumentenmarkt offline,,False
buro19.nl,before,control,1.35,aktiva;botramendeuren;bouchiersport2000;cisper;deboervanderweijde;dokterfrodo;fasten;gs3legbordstellingen;heldenvanstaal;meijernotarissen;oomsbouwontwikkeling;rabobank;remax;retailresult;schadenberg;simonloos;spotict;tacoadviseert;vloerendirect;vrijwilligerspunt,job+stage+geo,3,0.286,0.18,0.556,0.333,0.389,1.0,0.556,,,,,,,,,,,,,,,0,,35,20,,,14,20,3,3,6,1,3,2024,0.2,0.0,0.357,0.25,0.667,0.333,0.5,1.0,0.667,SEO & organische vindbaarheid,Branding & huisstijl,Nederlandse stad of plaats,Manufacturing & industrial,Content & creatieve productie,Webshop consumenten (D2C),Omvang in cijfers,False
cloudfactory.nl,before,control,2.778,adidas;booking;epica;heineken;jacobsdouweegberts;kfc;strongbow;thesalvationarmy;twitter,industry+channel+stage+geo,4,0.592,0.281,0.625,0.429,0.36,,1.0,,,,,,,,,,,,,,,0,,19,9,,,7,8,4,7,5,0,3,2023,1.0,0.0,0.714,0.375,0.75,0.571,0.4,,1.0,Social media organisch,"Video, animatie & fotografie",Internationaal / wereldwijd,"Food, beverage & agriculture",Personeel werven & werkgeversmerk,,Omvang in cijfers,True
buro28.nl,before,narrower,1.765,campingderoos;color4kids;dasandereholland;dierenkliniekwestervoortduiven;dieuwkeottens;erfgoedfestivalovergrenzenvangelderlandenlimburg;erfgoedgelderland;gelderland;geuzenwaard;hanskraus;hengelsportfederatiemiddennederland;homefood;huisenerfgoedcollectief;jachthavenhattem;krachtdoorkunst;landgoeddevlaminckhorst;marketingoost;nationalewandelmonitor;nederlandsopenluchtmuseum;ondernemingsraadpostnl;postnl;praktijkvoorseksuelegezondheidhaarlemnoord;regionaalbureauvoortoerismerivierenland;rivierenland;routebureaubrabant;rtvarnhem;sportservicerhenen;sportvisserijoostnederland;stadsgidsenindeschijnwerpers;stichtingcolour4kids;toerismegelderland;toerismeveluwearnhemnijmegen;visitbrabant;wandelnet,craft+geo,2,1.0,0.521,0.36,0.156,,,1.0,,,,,,,,,,,,,,,2,,73,34,,,2,32,10,8,0,0,1,2020,0.5,0.0,1.0,0.688,0.5,0.25,,,1.0,Offline media & events,"Grafisch ontwerp, drukwerk & print",Regionaal (binnen Nederland),"Media, culture & entertainment",,,Startup / jong / groeiend,False
fundament.nl,before,narrower,1.625,asr;bajeskwartier;bentwijck;blauwhoed;dekeizermakelaarsgroep;downtownbrokers;haarzichtvleuten;hetnieuwbouwplatformzuyderzee;nieuwveenselanden;oostenburg;radyus;roelofs;tersteegebouwvastgoed;vestingkwartierhelpermaar;vorm;woonworkshop,industry+job+geo,3,0.5,0.281,0.556,0.68,0.625,1.0,1.0,,,,,,,,,,,,,,,1,,19,16,,,2,8,3,5,4,1,1,2023,0.312,0.0,0.5,0.375,0.667,0.8,0.75,1.0,1.0,Apps & custom platforms,Website & webdesign,Nederlandse stad of plaats,"Construction, real estate & housing",Website verouderd of nieuw nodig,Gemengd,Familiebedrijf / gevestigd met historie,False
fundament.nl,after,narrower,1.88,acantus;amalphastramien;asr;bajeskwartier;bamireland;bentwijck;blauwhoed;buurtboost;chipprefab;dekeizermakelaarsgroep;downtownbrokers;eeserwold;efconcepts;helpermaar;hoofdpijnklinieken;hrmakelaars;onderwijsgroepnoord;oostenburg;pierreetvacances;pim;radyus;rockfieldrealestate;symbioliving;terravo;vorm,industry+job,2,0.25,0.262,0.278,0.438,0.429,1.0,0.5,2,9,3,7,4,0,0,0.5,0.556,0.333,0.571,0.5,,,8,9,42,25,7,16,4,15,6,11,7,1,2,2023,0.44,0.0,0.25,0.4,0.333,0.636,0.571,1.0,0.5,Apps & custom platforms,Branding & huisstijl,Nederlandse stad of plaats,"Construction, real estate & housing",Website verouderd of nieuw nodig,Gemengd,Omvang in cijfers,False
communicatieteam.nl,before,narrower,2.5,brabantzorg;carsys;fortisabella;gemeenteshertogenbosch;golfton;hak;hetsintjanslyceum;hoppenbrouwerstechniek;jumbo;jumbotechcampus;laplace;laplaceduinrell;noordoostbrabantwerkt;odura;resilux;textaafoam;transvita;yris,job,1,0.22,0.236,0.322,0.153,0.333,0.5,1.0,,,,,,,,,,,,,,,0,,57,18,,,10,12,11,12,12,2,2,2023,0.667,0.167,0.3,0.333,0.455,0.25,0.5,0.5,1.0,Social media organisch,Strategie & advies,Regionaal (binnen Nederland),"Hospitality, tourism, sports & recreation",Personeel werven & werkgeversmerk,Consumentenmarkt offline,Startup / jong / groeiend,True
addvision.nl,before,control,1.0,pooltrading,,0,1.0,1.0,,,,,,,,,,,,,,,,,,,,0,,1,1,,,1,1,0,0,0,0,0,2023,0.0,0.0,1.0,1.0,,,,,,"E-mail, CRM & marketing automation",Website & webdesign,,,,,,True
addvision.nl,after,control,3.727,baden;betonstaalnl;cavallofloors;destoffenkraam;jandor;labapp;lastechniekrijnmond;nidecnetherlands;pooltrading;stokvistapes;zwaanmetaal,craft+model+stage+geo,4,0.235,0.504,0.57,0.223,0.24,0.388,0.556,5,10,5,5,7,7,3,0.6,0.5,0.4,0.4,0.429,0.429,0.667,1,1,55,11,0,10,9,11,11,11,11,11,3,2023,1.0,0.727,0.333,0.545,0.727,0.364,0.364,0.545,0.667,SEO & organische vindbaarheid,Website & webdesign,Nederlandse stad of plaats,Manufacturing & industrial,Webshop & online verkoop,Zakelijke afnemers (B2B),Omvang in cijfers,True
cuttheweb.nl,before,control,1.083,amsterdamcricketacademy;bijhoogies;bluebaycuraaogolfbeachresort;bodelcampus;hetbroodthuis;infopuntzorg;kikid;rdgkompagne;saakeshop;sietskekoenemode;stichtingijproducties;voustenmode,,0,1.0,1.0,,1.0,,,1.0,,,,,,,,,,,,,,,3,,16,12,,,1,1,0,1,0,0,1,2025,0.0,0.0,1.0,1.0,,1.0,,,1.0,SEO & organische vindbaarheid,"Outcome-verkoop (leads, omzet, groei)",,Retail & e-commerce (general consumer goods),,,MKB / middelgroot,False
cuttheweb.nl,after,control,1.083,amsterdamcricketacademy;bijhoogies;bluebaycuraaogolfbeachresort;bodelcampus;hetbroodthuis;infopuntzorg;kikid;rdgkompagne;saakeshop;sietskekoenemode;stichtingijproducties;voustenmode,,0,0.5,1.0,,1.0,,,,0,0,0,0,0,0,0,,,,,,,,0,12,12,12,0,0,2,1,0,1,0,0,0,2025,0.0,0.0,0.5,1.0,,1.0,,,,SEO & organische vindbaarheid,Strategie & advies,,Retail & e-commerce (general consumer goods),,,,False
daburo.nl,before,control,1.0,brightpremium;brugmankeukens;keukenconcurrent;tuestuderen,craft,1,,0.625,,,,,,,,,,,,,,,,,,,,3,,7,4,,,0,4,0,0,0,0,0,2020,0.0,0.0,,0.75,,,,,,,UX/UI & interface design,,,,,,True
boodschapenbeeld.nl,after,control,2.5,bewonersverenigingmiddenhoeve;boskalis;degroenepollepel;denkslank;findigo20;findigoadvies;hetparkhuis;loopbaancoachingdrechtsteden;onns;robfashionformen;schoonenberghoorsupport;snsbank;snsbankspijkenisse;snsspijkenisse;tandartspraktijkstellamaris;vanhalemhaarstudio;vanspronsenmakelaars;zoomermakelaardij;zoomernijptaxatieburo;zoomerwantijrun,craft+job+stage+geo,4,0.256,0.32,0.58,0.133,0.541,1.0,0.333,0,0,0,0,0,0,0,,,,,,,,0,18,49,20,3,2,11,16,10,14,14,2,6,2023,0.75,0.05,0.455,0.5,0.7,0.214,0.714,1.0,0.5,Social media organisch,Branding & huisstijl,Nederlandse stad of plaats,"Construction, real estate & housing","Merk, huisstijl & verhaal",Consumentenmarkt offline,Klein / zelfstandig,True
conversiepartners.nl,after,narrower,3.75,babyplus;climerbenelux;dirkdewitmode;glashandeldekroon;knippingnederland;nikkosports;triplesolar;villapureza,industry+channel+geo,3,0.406,0.188,0.375,0.44,0.265,0.28,1.0,3,3,1,2,2,3,0,1.0,0.333,1.0,0.5,0.5,0.667,,0,0,16,8,4,8,8,8,4,5,7,5,1,2023,1.0,1.0,0.5,0.25,0.5,0.6,0.429,0.4,1.0,"SEA, display & overige paid advertising",Online adverteren (paid ads),Heel Nederland (landelijk),Retail & e-commerce (general consumer goods),Advertenties & campagnes renderen niet,Webshop consumenten (D2C),Familiebedrijf / gevestigd met historie,False
converzo.nl,before,narrower,1.848,4x4center;4x4centernl;adgoossens;amarensschuurmans;andreenericagodschalk;andregodschalk;anneloesdekort;bartroos;bemoeibureau013;bizonsoftware;blikhr;btm;coldpalm;dennisvane;dolcevillas;drageninschagen;eengelukkigehondnl;ellesnijkamp;ericagodschalk;erikmolenaar;f3design;feju;gate2;guusvandewal;hansvanzelst;harmvrijsen;heerbeeckcollege;heerbeeckenkempenhorstcollege;horseflex;ingridarnou;interteach;joostbeelenkamp;joostscholte;jsegers;keetjeaant;klessebasjes;lindagroeneveld;lococlassics;martijn;mooovfilmdistribution;natec;nateccorporatesite;natecvacaturesite;nicoleterdoest;nielsboers;notjustanother;ontwerpstudiokarellindatilburg;pauljoosen;roymansbevestigingsmaterialen;sociaaldomeinmlo;sofiemeijs;solidsurface;stercollege;stijnvanderloo;susanvanzelst;taalkracht;totaalboomentuinbrabant;trudydeweerd;uniquetrees;vandriel;vanhamond;vanierlandinterieurbouw;waterprof;werkenbijkse;williamedwards;witgoedservicecc,job+channel,2,0.342,0.278,0.265,0.101,0.355,0.344,0.306,,,,,,,,,,,,,,,0,,85,66,,,15,28,14,31,11,8,7,2023,0.333,0.0,0.533,0.464,0.357,0.194,0.545,0.375,0.429,Website & CMS,Website & webdesign,Regionaal (binnen Nederland),Education & childcare,Website verouderd of nieuw nodig,Webshop consumenten (D2C),Familiebedrijf / gevestigd met historie,False
bengelmedia.nl,after,control,1.765,abrandnewday;aerestrainingscentreinternational;amarodelcapo;amrefflyingdoctors;aperol;apollohotelamsterdam;bbo;benicaros;bosch;buckaroo;centreforhumandrugresearch;chdr;clancampbell;cocohazel;curaaotoeristenbureaueuropa;datadogs;davincivertalingen;everycancounts;grandsud;greenbergtraurig;hekospanten;hetoogfonds;hijman;hospitalityheroes;hsr;hstens;inspectorleonardo;kinderpostzegels;kingcolis;leonardo;libeert;meenk;missionsummit;oneplus;proefdiervrij;quorn;riff;shokz;slaapboulevardkwakernaat;stichtingmsresearch;stichtingproefdiervrij;stotsoptiek;supersales;svh;topvredeoord;veiligthuis;vikingliften;vitakruid;waterpik;woningruil24nl;zwitserlandtoerisme,,0,0.144,0.168,0.219,0.133,0.111,0.388,1.0,17,24,0,0,0,0,0,0.471,0.292,,,,,,3,22,62,51,2,29,33,46,8,16,18,7,1,2023,0.392,0.059,0.242,0.304,0.25,0.188,0.167,0.429,1.0,"Content, video & PR",Campagnes & creatieve concepten,Heel Nederland (landelijk),Healthcare & care,Naamsbekendheid & zichtbaarheid,Consumentenmarkt offline,Klein / zelfstandig,False
betawerk.nl,before,narrower,2.0,10voornatuurkunde;alzheimercentrumlimburg;bcoonderwijsadviesenondersteuning;brandweervakmanschapp;brandweerzuidlimburg;brightlands;exploremaastrichtunderground;gemeentemaastricht;huisvoordekunsten;humankind;kinderopvanghumanitas;maastrichtmarketing;maastrichtumc;museumpleinlimburg;myinlife;opdepedalen;qwiek;swipequest;ucenter,job+channel+stage,3,0.51,0.421,0.344,0.185,0.34,,1.0,,,,,,,,,,,,,,,0,,19,19,,,7,11,8,9,10,0,4,2020,0.526,0.0,0.571,0.455,0.375,0.222,0.5,,1.0,Website & CMS,Apps & maatwerk platforms,Regionaal (binnen Nederland),Government & public sector,Website verouderd of nieuw nodig,,Omvang in cijfers,False
edenfrost.com,after,control,2.5,almerecitymarketing;amsterdampartners;amsterdamsciencepark;apmterminals;boats;broadstreet;cityofamsterdam;cubatravelnetwork;erveeurope;expatcenter;gemeenteamsterdamknowninenglishasthecityofamsterdam;iamsterdam;inamsterdam;leshuttle;netherlandsinstituteforadvancedstudy;nias,craft+channel+model+geo,4,0.388,0.42,0.429,0.181,0.284,0.625,1.0,0,1,1,1,1,0,0,,1.0,1.0,1.0,1.0,,,0,15,24,16,1,1,7,13,7,12,9,4,1,2025,0.562,0.188,0.571,0.615,0.571,0.25,0.333,0.75,1.0,SEO & organische vindbaarheid,Content & copywriting,Nederlandse stad of plaats,"Hospitality, tourism, sports & recreation",Content & creatieve productie,Zakelijke afnemers (B2B),Familiebedrijf / gevestigd met historie,False
eenvoud.nl,before,control,2.714,aquaforall;dehortusbotanicus;ggd;hartmuseum;heldenmedia;hoorneboeg;jacobsdouweegberts;liga;naznw;noordwijksegolfclub;royalagrifirm;schadefondsgeweldsmisdrijven;steeleryachts;vqyachts,craft+job+geo,3,0.36,0.388,0.469,0.14,0.63,1.0,,,,,,,,,,,,,,,,0,,14,14,,,5,14,8,11,9,1,0,2025,0.857,0.071,0.4,0.571,0.625,0.182,0.778,1.0,,Website & CMS,Website & webdesign,Nederlandse stad of plaats,"Media, culture & entertainment",Website verouderd of nieuw nodig,Zakelijke afnemers (B2B),,False
8ontwerp.nl,before,control,1.769,assetmanagementawareness;basfconnected2care;basfcorporatedrukwerk;bertplantagie;igepa1010;igepamailings;igepanederland;imagile;prointensafrica;safetygo;scrumbld;simpuls;simwall,craft,1,,0.708,0.5,0.2,0.5,1.0,,,,,,,,,,,,,,,,1,,23,13,,,0,12,2,5,2,1,0,2023,0.385,0.0,,0.833,0.5,0.2,0.5,1.0,,,"Grafisch ontwerp, drukwerk & print",Nederlandse stad of plaats,Retail & e-commerce (general consumer goods),Events & activaties,SaaS & software,,False
deregiekamer.nl,before,control,2.667,arval;bistroinpetto;deamersfoortseberg;favoritegifts;heffiq;heffiqinterntransport;vanderendesteelprotectors;vandervliet;vostransport,craft+model+stage,3,0.28,0.383,0.184,0.25,0.222,0.556,0.44,,,,,,,,,,,,,,,1,,24,9,,,5,9,7,8,6,3,5,2025,0.778,0.0,0.4,0.556,0.286,0.375,0.333,0.667,0.6,SEO & organische vindbaarheid,"Grafisch ontwerp, drukwerk & print",Nederlandse stad of plaats,"Transport, logistics & automotive",Events & activaties,Zakelijke afnemers (B2B),Omvang in cijfers,True
deregiekamer.nl,after,control,2.857,arval;deamersfoortseberg;favoritegifts;heffiq;vanderendesteelprotectors;vandervliet;vostransport,model+stage,2,0.5,0.265,0.184,0.222,0.222,0.556,0.625,0,0,0,0,0,0,0,,,,,,,,4,7,31,7,2,0,2,7,7,6,6,3,4,2025,1.0,0.0,0.5,0.429,0.286,0.333,0.333,0.667,0.75,SEO & organische vindbaarheid,"Grafisch ontwerp, drukwerk & print",Nederlandse stad of plaats,"Transport, logistics & automotive",Content & creatieve productie,Zakelijke afnemers (B2B),Omvang in cijfers,True
blinktuit.nl,before,narrower,2.0,dealdrechtcities;flexvakautomotive;stratt,,0,0.5,0.5,,1.0,,,,,,,,,,,,,,,,,,0,,3,3,,,2,2,0,1,0,0,0,2023,0.0,0.667,0.5,0.5,,1.0,,,,Multi-channel & omnichannel,Campagnes & creatieve concepten,,"Staffing, recruitment & HR",,,,False
blinktuit.nl,after,narrower,2.0,dealdrechtcities;flexvakautomotive;stratt,,0,0.5,0.333,,1.0,,,,0,0,0,0,0,0,0,,,,,,,,0,3,3,3,0,0,2,3,0,1,0,0,0,2023,0.0,0.667,0.5,0.333,,1.0,,,,Multi-channel & omnichannel,"Outcome-verkoop (leads, omzet, groei)",,"Staffing, recruitment & HR",,,,False
bliqvangers.nl,before,narrower,2.1,bbqeiland;exorialiqueur;flitsteam;goodwinwestbay;insightbeach;joyevents;lieshoutservice;niceey;rewind;theburgermaffia,,0,1.0,1.0,1.0,0.281,,1.0,1.0,,,,,,,,,,,,,,,0,,13,10,,,1,1,2,8,0,1,1,2023,0.1,0.0,1.0,1.0,1.0,0.375,,1.0,1.0,Social media organisch,Branding & huisstijl,Nederlandse stad of plaats,"Hospitality, tourism, sports & recreation",,Webshop consumenten (D2C),Startup / jong / groeiend,True
fideo.nl,after,control,2.158,careerdesq;careyn;centraalbeheer;communicatiemakers;datgeldtvoormijnl;decommunicatiemakers;devoorzieningenwijzer;devoorzieningenwijzernederlandseschuldhulproute;doomijn;ecostyle;engie;erikkarstfotografie;hemmink;hetstadslyceum;hogeschoolutrecht;hogeschoolvanarnhemennijmegen;honk1;marketingoost;movingintelligence;mrmuziekindeklas;nedcon;ntt;nttnetherlands;odijsselland;omgevingsdienstijsselland;organisatiezuid;prorail;provincieoverijssel;roamler;rodekruis;sallandsepraktijkleerroute;saturnpetcare;slachtofferhulpnederland;stadslyceum;veiligthuisijsselland;vonccommunicatie;wdodelta;zonneplan,craft+model+stage,3,0.309,0.642,0.336,0.148,0.169,0.556,0.68,4,11,3,3,6,0,1,0.75,1.0,0.667,0.333,0.5,,1.0,1,27,80,38,13,11,18,37,17,16,26,3,5,2023,0.474,0.263,0.444,0.784,0.353,0.25,0.231,0.667,0.8,"Content, video & PR","Video, animatie & fotografie",Nederlandse stad of plaats,Government & public sector,Personeel werven & werkgeversmerk,Zakelijke afnemers (B2B),Omvang in cijfers,False
atlantiscreative.nl,before,control,2.636,arcmarine;easysalary;frankelandgroep;gemeentenissewaard;grizzenergygum;kokwatersport;magentazorg;nissewaardwoontnl;pbmdiscounter;smartsd;sportu,industry+stage,2,0.306,0.24,0.281,0.344,0.333,0.28,0.375,,,,,,,,,,,,,,,0,,32,11,,,7,10,8,8,3,5,4,2024,0.727,0.182,0.429,0.3,0.375,0.5,0.333,0.4,0.5,Apps & custom platforms,Webshop & e-commerce,Nederlandse stad of plaats,Retail & e-commerce (general consumer goods),Naamsbekendheid & zichtbaarheid,Zakelijke afnemers (B2B),Startup / jong / groeiend,False
degelijkdesign.nl,after,control,2.15,ambulancezorggroningen;ambulancezorggroningendag;bentacera;bobkroll;brandweergroningen;cobramedical;dilemmacybergame;gemeentehethogeland;getthere;kidscasa;kirstensmit;krollsr;krollsustainabilityreporting;linqk;magetitansevent;magetitansgroningen;mauricebergman;medilime;sterinoord;voys,craft+channel+geo,3,0.389,0.378,0.429,0.181,0.337,0.333,0.25,5,13,6,12,12,3,4,0.6,0.538,0.5,0.25,0.417,0.333,0.25,4,1,29,20,4,19,6,14,7,12,13,3,4,2023,0.45,0.1,0.5,0.571,0.571,0.25,0.462,0.333,0.25,Social media organisch,"Grafisch ontwerp, drukwerk & print",Regionaal (binnen Nederland),Healthcare & care,"Merk, huisstijl & verhaal",Zakelijke afnemers (B2B),Familiebedrijf / gevestigd met historie,False
afslagzuid.nl,before,control,1.154,beumerschoenmakers;boni;denver;driezorg;fourward;ijsselheem;jci;medrie;multimart;petsco;takenszuidwijk;wijkverplegingzwolle;zonnehuisgroepijsselvecht,,0,,0.185,,1.0,,,,,,,,,,,,,,,,,,0,,25,13,,,0,9,0,1,0,0,0,2023,0.0,0.0,,0.222,,1.0,,,,,Website & webdesign,,Healthcare & care,,,,True
afslagzuid.nl,after,control,1.143,beumerschoenmakers;boni;denver;driezorg;fourward;ijsselheem;jci;medrie;multimart;petsco;stichtingbono;takenszuidwijk;wijkverplegingzwolle;zonnehuisgroepijsselvecht,,0,,0.2,,1.0,,,,0,1,0,0,0,0,0,,1.0,,,,,,0,13,26,14,0,1,0,10,0,1,0,0,0,2023,0.0,0.0,,0.3,,1.0,,,,,Branding & huisstijl,,Healthcare & care,,,,True
happiness-anywhere.com,after,control,1.636,albertheijn;bebat;burgerking;dedruglijn;lotto;marktplaats;ovk;promaz;quick;soubry;verisure,channel,1,0.5,0.25,,0.5,1.0,,,0,0,0,0,0,0,0,,,,,,,,0,5,25,11,12,6,4,4,0,2,1,0,0,2024,0.364,0.0,0.5,0.25,,0.5,1.0,,,Multi-channel & omnichannel,"Grafisch ontwerp, drukwerk & print",,Finance & insurance,"Meer leads, aanvragen & verkoop",,,True
helloitsme.online,before,control,1.286,autotelex;coronel;cottondistrict;febo;nlo;tradetracker;travelcard,,0,1.0,1.0,,1.0,1.0,,,,,,,,,,,,,,,,,0,,7,7,,,1,1,0,1,1,0,0,2020,0.143,0.0,1.0,1.0,,1.0,1.0,,,"SEA, display & overige paid advertising",Campagnes & creatieve concepten,,"Fashion, beauty & personal goods",Advertenties & campagnes renderen niet,,,False
baasenbaas.nl,after,control,1.4,550gallery;actief65;actief65plus;alpacaloca;alysfinestaccommodations;amberhanning;andheart;anfora;antonianamsterdam;area77;avalonconnect;bakersbananas;bamboobasics;baritalia;becis;besteveganproducten;bigenhoyu;bylidian;c2b;cafewijs;cantinedecaron;clinevanhaareninteriors;corporatewise;culinairetonen;curaloe;danilchristiaan;dappermaentje;dashboardbecis;dgtlhealth;dialooglaatstelevensfase;dijkslaginstallatietechniek;dleenergy;drelianbrenninkmeijer;droomboter;drwever;drweversgerichteseoaanpak;ems;energieadviesnederland;enify;eurvin;evarecruitment;eventcare;funkyvinyl;goudenreael;hedgehogcompany;hemelsafbouw;henriwillig;hetancker;hmknotarissen;iltocco;ismclubhousewest;iwnet;iwt;jamonbariberico;janszon;juliendijkslag;kaartenatlassen;klaartjequirijns;koningwillemkring;kroonluchter;kuin;landgoedvalkenhorst;latelierondersteuning;lezenopschool;maggiesway;martijndewit;maydanoz;mellola;miisha;mimamsterdam;mogambo;motoshare;mrkitchens;mybrand;neeve;neevecom;nicmic;noorderbloemen;noubased;ouiloveit;pancakesamsterdam;potterypots;qsbdiensten;reginafloralfeelings;restaurantcomer;restaurantelysianne;restaurantfloreyn;rivermakelaardij;rivermakelaarij;rogiervankralingen;royalmotimahal;rubenphilipsephotography;sail2025amsterdamsailing;smplskin;solwortelboer;sophiefalkena;staanfinance;stellapower;streetartmuseumamsterdam;studionoos;studiopainted;sunnyminds;supsupclub;swanandthepeople;theocpcharityfoundation;thesourcingpartners;thesunnyburgerco;tkloosterinterieurmakers;valueblue;vanloman;vedfit;verbeterhaar;vesperadvocaten;vondelgym;yogisha,craft+model,2,0.202,0.376,0.25,0.222,0.167,0.551,,35,70,4,2,2,5,0,0.314,0.614,0.5,0.5,0.5,0.6,,0,36,341,115,6,79,49,101,8,6,6,7,0,2023,0.043,0.304,0.265,0.594,0.375,0.333,0.167,0.714,,Social media organisch,Website & webdesign,Nederlandse stad of plaats,"Staffing, recruitment & HR",Advertenties & campagnes renderen niet,Webshop consumenten (D2C),,True
fideo.nl,before,control,2.275,centraalbeheer;communicatiemakers;datgeldtvoormijnl;datgeldtvoormijnldevoorzieningenwijzer;decommunicatiemakers;devoorzieningenwijzer;devoorzieningenwijzernederlandseschuldhulproute;doomijn;ecostyle;engie;erikkarstfotografie;hemmink;hnwerkmanstadslyceum;hogeschoolarnhemennijmegen;hogeschoolwindesheim;honk1;internationalschoolofbusiness;jacobsdouweegberts;lenferink;marketingoost;movingintelligence;mrmuziekindeklas;nedcon;ntt;odijsselland;omgevingsdienstijsselland;provincieoverijssel;roamler;rodekruis;saturnpetcare;stadslyceum;stichtingmrmuziekindeklas;technologievoorwarmezorgzorggroepsolis;vandersanden;vanremmenuvtechnology;veiligthuisijsselland;volandis;wdodelta;zonneplan;zorggroepsolis,craft+model+stage,3,0.139,0.639,0.255,0.149,0.175,0.625,0.429,,,,,,,,,,,,,,,0,,80,40,,,12,38,14,25,19,4,7,2023,0.425,0.175,0.167,0.789,0.286,0.24,0.263,0.75,0.571,Website & CMS,"Video, animatie & fotografie",Regionaal (binnen Nederland),"Nonprofits, charities & associations",Personeel werven & werkgeversmerk,Zakelijke afnemers (B2B),Groot / corporate / marktleider,True
akqa.com,after,control,3.154,a2a;aacd;aardman;abebebikila;activia;activision;adobe;aia;aiio;akqa;alfuttaimtoyota;alfuttaimtoyotauae;aljazeeraenglish,industry+geo,2,0.2,0.195,0.781,0.333,0.222,,0.5,2,2,2,0,1,0,0,1.0,0.5,1.0,,1.0,,,0,11,19,13,2,2,10,13,8,6,6,0,2,2025,1.0,0.538,0.3,0.308,0.875,0.5,0.333,,0.5,Social media organisch,Apps & maatwerk platforms,Specifiek buitenland,"Media, culture & entertainment",Bewustwording & gedragsverandering,,Startup / jong / groeiend,False
fitzroy.nl,after,control,2.419,anwb;burp;campina;cloudpillo;cordaid;deartummy;doritos;eurail;fairphone;frank;frankseltzer;gisou;heinz;inshared;inthemiddleofourstreet;lavie;lays;mamasea;mms;omasoep;opius;quaker;saborverde;shimano;smullers;smyle;stegeman;stoov;vgz;wowbyliquidodoro;yumeko,industry+channel+model,3,0.32,0.274,0.278,0.306,0.36,0.556,1.0,2,4,0,2,0,0,0,1.0,0.5,,0.5,,,,0,27,42,31,9,4,10,31,6,22,5,3,1,2024,0.645,0.032,0.5,0.355,0.333,0.5,0.4,0.667,1.0,Offline media & events,Branding & huisstijl,Specifiek buitenland,"Food, beverage & agriculture","Merk, huisstijl & verhaal",Zakelijke afnemers (B2B),Omvang in cijfers,False
dbk.nl,after,control,2.636,balinkglasaluminium;corendonhotels;dleenergy;dolfinarium;dolfinariumharderwijk;epictoursbonaire;flagshipbiketours;hotelarsenaaldelft;hoteljakartaamsterdam;hotelssrotterdam;medprevent;padelclubfrl;spoedtest;spoedtestnl;stadscentrumosdorpplein;umcg;wafflesnbeer;westcordhotelarsenaal;westcordhoteljakarta;westcordhotels;westcordssrotterdam;xohotels,industry+craft+job+model+stage+geo,6,0.222,0.696,0.773,0.562,0.68,0.375,0.594,5,13,14,17,4,1,6,0.4,0.923,0.929,0.824,0.75,1.0,0.833,0,5,47,22,15,17,6,17,16,19,5,4,8,2023,0.682,0.091,0.333,0.824,0.875,0.737,0.8,0.5,0.75,Apps & custom platforms,Website & webdesign,Nederlandse stad of plaats,"Hospitality, tourism, sports & recreation",Website verouderd of nieuw nodig,Zakelijke afnemers (B2B),Omvang in cijfers,True
eenvoud.nl,after,control,2.571,aquaforall;cruisinghome;dehortusbotanicus;ggdamsterdam;hartmuseum;heldenmedia;hoorneboeg;jacobsdouweegberts;liga;manufacturinginyourpocket;metics;netwerkacutezorgnoordwest;noordwijksegolfclub;royalagrifirm;schadefondsgeweldsmisdrijven;steeleryachts;swishfund;taskmaster;vanamerongen;vanquishyachts;vqyachts,job+model+stage,3,0.219,0.255,0.333,0.147,0.396,0.429,0.556,1,8,1,5,5,2,3,1.0,0.5,1.0,0.4,0.8,0.5,0.667,0,12,25,21,2,9,8,20,9,15,13,7,3,2025,0.762,0.048,0.25,0.4,0.444,0.2,0.538,0.571,0.667,Apps & custom platforms,Website & webdesign,Nederlandse stad of plaats,Finance & insurance,Website verouderd of nieuw nodig,Zakelijke afnemers (B2B),Startup / jong / groeiend,True
dickhoffdesign.com,before,control,1.267,bartlankester;cwi;hansreitsma;internationaalorgelfestivalhaarlem;jmw;kroeliek;leefstijl;nederlandsecysticfibrosisstichting;peterpanvakantieclub;prosea;stichtingallerleipublicaties;stichtingtransplantatienu;svrap;uitgeverijswp;voedingscentrum,industry+craft,2,,1.0,0.5,0.375,1.0,,,,,,,,,,,,,,,,,2,,19,15,,,0,13,2,4,1,0,0,2023,0.0,0.0,,1.0,0.5,0.5,1.0,,,,"Grafisch ontwerp, drukwerk & print",Nederlandse stad of plaats,Education & childcare,Bewustwording & gedragsverandering,,,False
dickhoffdesign.com,after,control,1.222,bartlankester;beex;cwi;esterfonds;hansreitsma;internationaalorgelfestivalhaarlem;jmw;kroeliek;leefstijl;nederlandsecysticfibrosisstichting;peterpanvakantieclub;prosea;stichtingallerleipublicaties;stichtingtransplantatienu;svrap;uitgeverijswp;voedingscentrum;zondagmiddagconcertennl,industry+craft,2,,0.876,0.5,0.375,1.0,,,0,2,0,0,0,0,0,,0.5,,,,,,2,15,22,18,0,3,0,15,2,4,1,0,0,2023,0.0,0.0,,0.933,0.5,0.5,1.0,,,,"Grafisch ontwerp, drukwerk & print",Nederlandse stad of plaats,Education & childcare,Bewustwording & gedragsverandering,,,False
diezign.nl,before,control,1.0,dordrechtlions;ijhc,,0,,,,,,,,,,,,,,,,,,,,,,2,,4,2,,,0,0,0,0,0,0,0,2020,0.0,0.0,,,,,,,,,,,,,,,True
4foot8.nl,after,control,1.667,carnivalstories;customizedlampsproductlaunch;deinktpot;dsm;happyvellumanimation;hawebdesign;medtronic;medtroniccardiacsurgery;medtroniccardiovascularoperationskerkrade;medtroniceuropehumanresources;medtronicheerlen;medtronicheerleneoc;medtronicnederlandpackagingcustomizing;medtronictransportationemeacentraleuropedistributioncentre;mosa;mosacirculareconomy2dexplainer;mosaclassics;mosaclassicstidelaunchmovie;mosastage;mosastagelaunchmovie;odiestories;pvdamaastricht;pvdamaastrichtcampaignspot;pvdamanonfokke;rangolisandanimation;sirlyonefoundation;stichtingmoetiaramaloekoe,craft+job,2,0.333,0.44,0.281,0.25,0.592,,,0,3,0,0,0,0,0,,1.0,,,,,,9,14,47,27,11,13,3,15,8,4,7,0,0,2024,0.519,0.0,0.333,0.6,0.375,0.25,0.714,,,"E-mail, CRM & marketing automation","Video, animatie & fotografie",Europa,"Hospitality, tourism, sports & recreation",Content & creatieve productie,,,True
brandcode.nl,after,control,2.633,4skating;adr;alteravastgoed;atlasarena;blueschool;cocacola;cocacolaopen;codemamyworld;dehavenmeester;ecp;executivepeople;exterus;familiebedrijffris;fris;johnvandenheuvel;kannick;kennisinstituutduurzaamverpakken;kidv;knmvkoninklijkenedmotorrijdersvereniging;kuboid;publyon;rijksdienstvoorondernemendnederland;rvoinnovatieattachnetwerk;savethechildren;spirit4you;strypes;thermofisher;vbvscm;verdouw;vumc,stage+geo,2,0.156,0.145,0.325,0.147,0.167,0.5,0.429,2,7,2,3,3,0,1,0.5,0.286,0.5,0.667,0.667,,1.0,10,22,85,30,6,8,16,28,13,21,18,2,7,2025,0.8,0.133,0.25,0.214,0.538,0.238,0.278,0.5,0.571,Multi-channel & omnichannel,Branding & huisstijl,Nederlandse stad of plaats,"Construction, real estate & housing","Merk, huisstijl & verhaal",Consumentenmarkt offline,Omvang in cijfers,True
frontis.nl,after,narrower,3.556,arco;arepa;atagbenelux;atagverwarming;bronkhorst;centraalbeheer;egginkverpakkingen;kingspangesoleerdepanelen;prowonen;royaleijkelkamp;saniceve;schefferkeukens;sensire;surprisefactory;ubbink;waterkracht;wila;winterwarm,job+stage,2,0.22,0.247,0.224,0.273,0.336,0.333,0.389,1,2,1,1,1,0,1,1.0,0.5,1.0,1.0,1.0,,1.0,4,15,33,18,0,3,10,18,14,17,17,9,6,2025,0.944,0.667,0.4,0.389,0.357,0.412,0.529,0.444,0.5,Multi-channel & omnichannel,Website & webdesign,Internationaal / wereldwijd,Manufacturing & industrial,Maatwerk software & efficiëntere processen,Zakelijke afnemers (B2B),Omvang in cijfers,True
creatievecampagnes.nl,after,narrower,2.0,autoglans;noototheek;uwbloemenmannl,craft,1,,0.556,1.0,0.333,,,1.0,0,1,1,1,0,0,1,,1.0,1.0,1.0,,,1.0,0,2,3,3,1,1,0,3,1,3,0,0,1,2025,0.0,0.0,,0.667,1.0,0.333,,,1.0,,Social media content & beheer,Heel Nederland (landelijk),"Transport, logistics & automotive",,,Omvang in cijfers,False
creation.nl,before,control,1.0,ahoy;besured;bnr;dhsprojecten;hero;kanzi;rover;rtl;treinrondreis,craft,1,1.0,1.0,,,,,,,,,,,,,,,,,,,,0,,9,9,,,2,8,0,0,0,0,0,2025,0.0,0.0,1.0,1.0,,,,,,"SEA, display & overige paid advertising",Online adverteren (paid ads),,,,,,False
creation.nl,after,control,1.0,ahoy;besured;bnr;dhsprojecten;hero;kanzi;rover;rtl;treinrondreis,craft,1,1.0,1.0,,,,,,0,0,0,0,0,0,0,,,,,,,,0,9,9,9,0,0,2,8,0,0,0,0,0,2025,0.0,0.0,1.0,1.0,,,,,,"SEA, display & overige paid advertising",Online adverteren (paid ads),,,,,,False
advertisingheroes.com,before,control,,,,0,,,,,,,,,,,,,,,,,,,,,,6,,6,0,,,0,0,0,0,0,0,0,2025,,,,,,,,,,,,,,,,,False
advertisingheroes.com,after,control,1.0,1doornl;jackssecretcom;standaarduitgeverijbe,,0,1.0,0.333,,,1.0,,,1,3,0,0,1,0,0,1.0,0.333,,,1.0,,,0,0,3,3,0,3,1,3,0,0,1,0,0,2025,0.0,0.0,1.0,0.333,,,1.0,,,"Content, video & PR",Strategie & advies,,,Content & creatieve productie,,,False
adworth.nl,before,control,1.2,bboverdeeijnden;centraalinkoopbureau;datafanatics;mkbkantoorartikelen;stapreizen,craft+channel,2,0.68,0.375,,1.0,1.0,,,,,,,,,,,,,,,,,1,,6,5,,,5,4,0,1,1,0,0,2020,0.0,0.0,0.8,0.5,,1.0,1.0,,,"SEA, display & overige paid advertising",Online adverteren (paid ads),,"Hospitality, tourism, sports & recreation","Meer leads, aanvragen & verkoop",,,False
creja.nl,after,control,1.952,alphanext;bioscienceparkleiden;bip;chatelreizen;craftingreslience;dectdirect;farmhouse;hogeschoolleiden;jobodebouwers;kitlv;lorentzcenter;museumhuisdoorn;oogcentrumrembrandt;orgx;sanias;sbcm;simstudio;taurac;universiteitleiden;vanderkolklegal;vionfood,job,1,0.5,0.275,,0.222,0.556,,,2,14,0,5,1,0,0,0.5,0.357,,0.4,1.0,,,0,7,24,21,8,14,2,20,0,6,3,0,0,2024,0.619,0.0,0.5,0.4,,0.333,0.667,,,SEO & organische vindbaarheid,Branding & huisstijl,,Healthcare & care,"Merk, huisstijl & verhaal",,,False
artitex.nl,before,control,1.5,casinosvergelijken;voetbalwedden;wordpressonderhoud;xdcooling,craft,1,,0.625,1.0,0.5,,,,,,,,,,,,,,,,,,0,,4,4,,,0,4,1,2,0,0,0,2023,0.0,0.0,,0.75,1.0,0.5,,,,,"Grafisch ontwerp, drukwerk & print",Heel Nederland (landelijk),"Media, culture & entertainment",,,,False
artitex.nl,after,control,1.5,nvam;voetbalwedden;wordpressonderhoud;xdcooling,craft,1,,0.625,1.0,0.5,,,,0,1,0,0,0,0,0,,1.0,,,,,,0,3,4,4,1,1,0,4,1,2,0,0,0,2023,0.0,0.0,,0.75,1.0,0.5,,,,,"Grafisch ontwerp, drukwerk & print",Heel Nederland (landelijk),"Media, culture & entertainment",,,,False
artnic.nl,before,control,1.0,provincieoverijssel,,0,,1.0,1.0,,,,,,,,,,,,,,,,,,,0,,1,1,,,0,1,1,0,0,0,0,2023,0.0,0.0,,1.0,1.0,,,,,,Campagnes & creatieve concepten,Regionaal (binnen Nederland),,,,,False
artnic.nl,after,control,1.0,provincieoverijssel,,0,,1.0,1.0,,,,,0,0,0,0,0,0,0,,,,,,,,0,1,1,1,0,0,0,1,1,0,0,0,0,2023,0.0,0.0,,1.0,1.0,,,,,,Campagnes & creatieve concepten,Regionaal (binnen Nederland),,,,,False
exitable.nl,before,narrower,3.214,aevitae;bcmmusicsystems;diagnostiekvooru;espero;gemeentevenlo;gigit;grodan;mosadex;philzuid;rd4;rockpanel;rockwool;schmidt;vasco,job,1,0.235,0.153,0.265,0.173,0.361,0.278,1.0,,,,,,,,,,,,,,,0,,19,14,,,9,14,7,14,13,6,1,2025,1.0,0.214,0.333,0.214,0.429,0.286,0.538,0.333,1.0,Website & CMS,Strategie & advies,Heel Nederland (landelijk),"Media, culture & entertainment",Maatwerk software & efficiëntere processen,Gemengd,Groot / corporate / marktleider,False
buro19.nl,after,control,2.267,deboervanderweijde;gs3legbordstellingen;heldenvanstaal;henrys;hirschmannmultimedia;homegardeninspirations;hoornsestadsfeesten;insideoutbiv;meijernotarissen;meijernotarissenamsterdam;rabobank;schadenberg;simonloos;sport2000;werkenbijrabobank,stage,1,0.236,0.255,0.36,0.222,0.2,0.5,0.375,5,7,1,2,2,0,1,0.6,0.286,1.0,0.5,0.5,,1.0,0,7,31,15,13,8,12,14,5,6,5,2,4,2024,0.867,0.0,0.333,0.429,0.4,0.333,0.2,0.5,0.5,Multi-channel & omnichannel,Branding & huisstijl,Nederlandse stad of plaats,Business & professional services,Bewustwording & gedragsverandering,Webshop consumenten (D2C),Startup / jong / groeiend,True
goldfizh.nl,after,control,2.759,acmetric;artsenzorg;asrvitality;bmc;degoedenieuwetijd;exalate;frankbos;hogeschoolutrecht;impressivegreenapple;jan;janamericanpancakes;knb;koninklijkenotarileberoepsorganisatie;ministerievandefensie;nationaalmsfonds;nldigital;nutricia;parteon;pedals;randstad;rijksschoonmaakorganisatieministerievansocialezakenenwerkgelegenheid;rso;softwarematchingio;susa;tempoteam;thecookwarecompany;triodosbank;wiplay;yacht,model,1,0.156,0.136,0.235,0.116,0.147,0.389,0.312,5,22,5,9,7,1,3,0.4,0.273,0.4,0.222,0.429,1.0,0.667,0,6,53,29,12,23,15,27,9,21,21,6,8,2023,0.793,0.241,0.2,0.222,0.333,0.19,0.238,0.5,0.375,SEO & organische vindbaarheid,Campagnes & creatieve concepten,Internationaal / wereldwijd,"Staffing, recruitment & HR","Merk, huisstijl & verhaal",Zakelijke afnemers (B2B),Omvang in cijfers,False
buroboud.nl,after,narrower,2.167,bronsgieterijartandcraft;gemeentekerkrade;grouwelsvastgoed;ltcmaasvogels;tulpfiremakers;zuyderlandmedischcentrum,craft,1,0.5,0.333,1.0,0.333,0.5,,,0,0,0,0,0,0,0,,,,,,,,4,6,10,6,29,0,2,6,1,3,2,0,0,2025,0.667,0.0,0.5,0.5,1.0,0.333,0.5,,,Multi-channel & omnichannel,"Grafisch ontwerp, drukwerk & print",Nederlandse stad of plaats,Manufacturing & industrial,"Merk, huisstijl & verhaal",,,False
2kwadraat.nl,after,control,2.778,arpafly;deverseverleiding;gasglobalassetsolutions;hbityres;impactorworld;pepervastgoed;praktijkroozendaal;sep;thaibychin,craft+job+channel+geo,4,0.375,0.802,0.389,0.125,0.625,1.0,1.0,2,7,4,6,2,0,0,0.5,0.857,0.5,0.167,1.0,,,0,2,9,9,8,7,4,9,6,8,4,1,1,2020,0.778,0.0,0.5,0.889,0.5,0.125,0.75,1.0,1.0,Website & CMS,Branding & huisstijl,Regionaal (binnen Nederland),Retail & e-commerce (general consumer goods),"Merk, huisstijl & verhaal",Webshop consumenten (D2C),Familiebedrijf / gevestigd met historie,False
dutchwebdesign.nl,before,control,2.565,adivo;beautyservice;bimcollabcom;cbkzuidoost;fakobijoux;flamant;kobelcoconstructionmachineryeurope;kubusinfonl;lockernl;meerdanlicht;nachbarbyjgermeister;nestelkantoorinrichters;pcpomiddenbrabant;ruitershopboxmeer;sealtrace;slaaploods;telermaat;vindjevloer;vlirdens;vojatravel;wkk;zemiceurope;zijerveld,job+channel,2,0.341,0.459,0.222,0.135,0.389,0.34,0.5,,,,,,,,,,,,,,,2,,30,23,,,19,23,6,17,12,10,2,2025,0.783,0.043,0.526,0.478,0.333,0.235,0.583,0.4,0.5,Webshop & e-commerceplatform,Website & webdesign,Heel Nederland (landelijk),Retail & e-commerce (general consumer goods),Website verouderd of nieuw nodig,Webshop B2B,Startup / jong / groeiend,True
baazenco.nl,after,control,2.152,25jaarvmbo;brandsbouw;energiefestivalassen;espria;foldon;geldloketemmen;hanzeharderwijk;heldr;hofvansaksen;ikbendrentsondernemer;kkens;lavitaebella;losnnl;nhlstenden;nhlstendenhogeschool;nhlstendenyos;nnetenergy;openbaaronderwijsemmen;popping;schipperswonenenslapen;skillsforlife;stichtingplatformsvmbo;stichtingprimenius;thehappytraveler;vangoghdrenthe;voiladvies;voiladviesensupport;wereldrestaurantpuur;werk30;werkgeversservicepuntdrenthe;woonservice;xinteractive;zepta,stage,1,0.24,0.209,0.324,0.138,0.266,0.333,0.556,7,23,11,10,13,3,2,0.429,0.348,0.364,0.2,0.462,0.333,0.5,0,3,40,33,14,30,10,28,15,15,17,3,3,2023,0.636,0.061,0.3,0.321,0.467,0.2,0.471,0.333,0.667,Website & CMS,Branding & huisstijl,Nederlandse stad of plaats,"Construction, real estate & housing","Merk, huisstijl & verhaal",Gemengd,Omvang in cijfers,True
byron.nl,after,control,3.0,apotheekdeglimlach;barcompany;biobandits;denassau;ehub;mhb;mondialcollege;nyma;qii,craft+job+model+geo,4,0.5,1.0,0.333,0.16,0.469,0.556,1.0,1,5,3,4,4,3,2,1.0,1.0,0.667,0.25,0.75,1.0,0.5,0,4,17,9,3,5,2,9,6,9,8,6,2,2020,1.0,0.0,0.5,1.0,0.5,0.222,0.625,0.667,1.0,Apps & custom platforms,Branding & huisstijl,Nederlandse stad of plaats,Education & childcare,"Merk, huisstijl & verhaal",Consumentenmarkt offline,Omvang in cijfers,False
2mkb.nl,before,control,1.0,locodrivein,,0,,1.0,,,,,,,,,,,,,,,,,,,,0,,1,1,,,0,1,0,0,0,0,0,2023,0.0,0.0,,1.0,,,,,,,Website & webdesign,,,,,,False
2ndchapter.nl,before,control,1.4,bospark;factor52;howcom;iamit;marinarijnsburg;northactionsports;sandifortid;strandtent14;vereniginghchwad;vitaaltrainer,geo,1,,1.0,0.556,0.25,,1.0,,,,,,,,,,,,,,,,0,,10,10,,,0,1,3,4,0,1,0,2025,0.0,0.0,,1.0,0.667,0.25,,1.0,,,Website & webdesign,Nederlandse stad of plaats,"Hospitality, tourism, sports & recreation",,Zakelijke afnemers (B2B),,True
deindruk.nl,after,control,3.0,aeres;bartimusfonds;boschbeton;doehetzero;gemeenteede;gemeenteveenendaal;gemeentewageningen;knvb;logres;mad;masugro;rstzorgverleners;snelstart;svland;tomorrowtalents;valleifinance;zorggroepsirjon,craft+model+stage,3,0.219,0.352,0.278,0.136,0.219,0.68,0.551,3,9,4,3,4,1,1,0.333,0.556,0.25,0.333,0.5,1.0,1.0,0,8,68,17,0,9,13,16,12,13,16,5,7,2024,0.941,0.294,0.308,0.5,0.417,0.231,0.375,0.8,0.714,Multi-channel & omnichannel,Branding & huisstijl,Heel Nederland (landelijk),Government & public sector,"Merk, huisstijl & verhaal",Zakelijke afnemers (B2B),Omvang in cijfers,True
boomerangagency.com,before,control,1.675,100yearsofliga;abnamro;ahterra;albertheijn;andrelon;andrlon;benjerrys;bettertimestories;beyondmeatgobeyond;bigsoundsamsterdam;boomerang;campina;chocomel;desperados;eurail;fanta;halftubsoficecreamforhalfbakedpolicy;heineken;heineken150;heinekenkoudekletser;heinekensilver;heinekensilversmooth;interpolis;jonggeleerd;maximizethischristmas;mentos;oldamsterdam;parbo;pepsi;rijksmuseum;rijksmuseumslaveryexhibition;spotifyunlocked;terra;thepromise;uefachampionsleague;unicef;varkensinnood;vattenfall;wezwitsal;zwitsal,industry,1,0.289,0.176,0.184,0.51,0.25,,1.0,,,,,,,,,,,,,,,2,,51,40,,,15,17,7,7,4,0,1,2025,0.45,0.05,0.4,0.353,0.286,0.571,0.25,,1.0,"Content, video & PR","Video, animatie & fotografie",Heel Nederland (landelijk),"Food, beverage & agriculture",Events & activaties,,Groot / corporate / marktleider,True
cotd.nl,after,narrower,3.214,enforcesportevents;gravelunion;icp;impactloterij;kika;kikakortebroek;kikaloterij;meewindkoers;moev;moevevents;mudmastersvoorkika;slowtriatlon;sterkestartloop;strongbabies,industry+job+geo,3,0.256,0.243,0.5,0.603,0.481,1.0,0.5,3,4,1,2,0,0,0,0.667,0.5,1.0,1.0,,,,0,9,42,14,9,5,11,13,6,11,9,1,2,2025,0.643,0.786,0.273,0.385,0.667,0.727,0.667,1.0,0.5,"E-mail, CRM & marketing automation","Online marketing, performance & CRO",Heel Nederland (landelijk),"Nonprofits, charities & associations",Events & activaties,"Overheid, zorg & onderwijs",Omvang in cijfers,False
act.agency,after,control,2.857,babyliss;ben;beterbed;denon;drukwerkdeal;lassie;lgbenelux;nationalenederlanden;odido;prnatal;schiphol;studiewinkel;valdispert;wereldouders,craft,1,0.16,0.449,0.222,0.259,0.24,1.0,0.5,11,14,6,7,11,0,1,0.273,0.643,0.333,0.429,0.273,,1.0,1,0,28,14,0,14,13,14,6,9,11,1,2,2023,0.929,0.214,0.231,0.643,0.333,0.444,0.364,1.0,0.5,Social media organisch,Campagnes & creatieve concepten,Specifiek buitenland,Retail & e-commerce (general consumer goods),"Merk, huisstijl & verhaal",Webshop consumenten (D2C),Omvang in cijfers,True
exitable.nl,after,narrower,3.15,aevitae;bcmmusicsystems;diagnostiekvooru;emmakok;espero;gemeentevenlo;gigit;grodan;hertekcare;hydrorock;mijnculturelenalatenschap;mosadex;philzuid;rd4;rd4bedrijvenservice;rockpanel;rockwool;schmidt;sif;vasco,job+channel,2,0.325,0.2,0.306,0.205,0.355,0.266,0.333,3,5,3,4,4,3,0,0.333,0.2,0.667,0.5,0.5,0.667,,0,14,32,20,0,6,13,20,11,20,20,17,3,2025,1.0,0.15,0.538,0.3,0.364,0.3,0.55,0.353,0.333,Website & CMS,Website & webdesign,Regionaal (binnen Nederland),"Media, culture & entertainment",Maatwerk software & efficiëntere processen,Zakelijke afnemers (B2B),Klein / zelfstandig,True
annabel.nl,before,narrower,1.692,acutedeeltijd;amarum;cleantechregio;deboog;drutenenwijchen;erpopen;euroma;fleursportmassage;gemeentenijmegen;gemeentezevenaar;ggnet;gloedcommunicatie;imcweekendschool;prorail;renskedierenvoeding;rijkswaterstaat;saarsvoeding;stolokaallokaalhetrhedens;travelmagazine;triada;tuincentrumnl;unitedeconomy;volkshuisvesting;volkshuisvestingarnhem;werktalent;zevenaar,craft+job+geo,3,,0.678,1.0,0.188,0.333,,,,,,,,,,,,,,,,,1,,42,26,,,0,21,3,8,6,0,0,2025,0.385,0.0,,0.81,1.0,0.25,0.5,,,,"Video, animatie & fotografie",Nederlandse stad of plaats,Healthcare & care,Personeel werven & werkgeversmerk,,,True
claimyouraim.nl,after,control,2.583,95percent;bioline;buchelekriekaard;deboerinnenkalender;deventerstroomt;gemeentedeventer;matzsocial;montrealsolutions;temminkbouwprojekten;vandijk;warmtebedrijfede;warmtemetelkaar,stage,1,0.188,0.235,0.333,0.125,0.265,0.222,0.625,0,0,0,0,0,0,0,,,,,,,,0,11,29,12,1,1,8,9,3,8,7,6,4,2024,0.75,0.167,0.25,0.333,0.333,0.125,0.429,0.333,0.75,Multi-channel & omnichannel,Branding & huisstijl,Nederlandse stad of plaats,Government & public sector,"Merk, huisstijl & verhaal",Gemengd,Omvang in cijfers,False
brendly.nl,after,control,2.889,bertolli;branchcoralfoundation;ciphix;coralbranchfoundation;emq;flure;magioni;nienkeplas;sekoia,craft+model,2,0.333,0.802,0.333,0.25,0.28,0.375,0.5,0,5,1,3,2,1,1,,1.0,1.0,0.333,0.5,1.0,1.0,0,4,33,9,10,5,3,9,3,8,5,4,2,2025,0.667,0.222,0.333,0.889,0.333,0.375,0.4,0.5,0.5,Multi-channel & omnichannel,Website & webdesign,Heel Nederland (landelijk),"Food, beverage & agriculture",Website verouderd of nieuw nodig,Webshop consumenten (D2C),Startup / jong / groeiend,True
flink.nl,after,narrower,2.962,actiz;amsta;arbeidsmarktfondsfcb;barkeuropa;denhaagcom;dutchwatersector;eervolharding;europeanlotteries;eventsnl;fme;goudappel;hendrickdekeyser;highprofileevents;houseoftalents;madurodam;mijnwebwinkel;multilease;netherlandswaterpartnership;prowareness;rathenauinstituut;snpnatuurreizen;staedion;synerkri;thehagueconventionbureau;thehaguemarketingbureau;volkerwessels,craft+model+stage,3,0.266,0.398,0.278,0.108,0.283,0.5,0.82,8,9,1,8,8,3,2,0.5,0.556,1.0,0.375,0.625,0.667,1.0,2,16,28,26,0,10,13,25,12,23,21,6,10,2024,0.923,0.154,0.462,0.56,0.417,0.217,0.476,0.667,0.9,Website & CMS,Strategie & advies,Internationaal / wereldwijd,"Hospitality, tourism, sports & recreation",Website verouderd of nieuw nodig,Zakelijke afnemers (B2B),Omvang in cijfers,True
doelgroepbereikt.nl,after,narrower,1.0,autohopperhofstee;beastfull;diamondsoundsystems;nictconsultancy;sportcentrumomnia;tnslopenensaneren;werkstofbedrijfskleding,channel,1,1.0,1.0,,,,,,4,1,0,0,0,0,0,1.0,1.0,,,,,,0,0,9,7,3,7,4,1,0,0,0,0,0,2022,0.0,0.0,1.0,1.0,,,,,,Social media organisch,"Outcome-verkoop (leads, omzet, groei)",,,,,,False
bijlpr.nl,before,control,2.824,centralebibliotheekrotterdam;centralebibliotheekrotterdamgemeenterotterdam;diabetesfonds;gemeenterotterdam;hartstichting;hetnederlandsveteraneninstituut;hygeniq;intrum;marktplaats;ministerievaneconomischezakenenklimaat;pleegzorgnederland;projectmarch;randstad;randstadnederland;sire;thalys;tmobilenederland,craft,1,0.256,0.431,0.235,0.167,0.289,,,,,,,,,,,,,,,,,0,,28,17,,,11,12,9,6,11,0,0,2025,0.706,0.765,0.364,0.5,0.333,0.167,0.455,,,Multi-channel & omnichannel,PR & influencer marketing,Regionaal (binnen Nederland),"Staffing, recruitment & HR",Bewustwording & gedragsverandering,,,False
communicatieteam.nl,after,narrower,2.481,brabantkennis;brabantzorg;carsys;fortisabella;gemeenteshertogenbosch;ggd;ggdwestbrabant;golfton;hak;hetsintjanslyceum;hoppenbrouwers;hoppenbrouwerstechniek;jumbo;jumbotechcampus;laplace;mennens;newhorizonurbanmining;noordoostbrabantwerkt;odura;resilux;sintjanslyceum;stichtingweeshuisjes;textaafoam;transvita;voedselbankdenboschenomstreken;vrolijkonline;yris,stage+geo,2,0.184,0.252,0.327,0.108,0.284,1.0,0.44,4,7,6,5,6,0,1,0.5,0.571,0.667,0.2,0.333,,1.0,0,17,87,27,1,10,14,21,18,19,18,1,5,2023,0.63,0.111,0.286,0.429,0.5,0.158,0.389,1.0,0.6,Social media organisch,Branding & huisstijl,Regionaal (binnen Nederland),"Hospitality, tourism, sports & recreation","Merk, huisstijl & verhaal",Zakelijke afnemers (B2B),Omvang in cijfers,True
hammerfest.co,after,control,1.0,cityofamsterdam;debijenkorf;frieslandcampina;gstarraw;omroepzwart;oxfamnovib;rituals;rookvrij;sire;tommyjeans;videoland;zalando,,0,,0.5,,,,,,0,2,0,0,0,0,0,,0.5,,,,,,0,0,12,12,0,12,0,2,0,0,0,0,0,2024,0.0,0.0,,0.5,,,,,,,Campagnes & creatieve concepten,,,,,,False
happiness-anywhere.com,before,control,1.882,albertheijn;bebat;blindmeters;bru;dvvinsurances;fedcaf;giant;lays;marktplaats2dehands;promaz;quick;soilmates;spa;spawaters;verisure;vias;voo,job,1,0.222,0.22,0.5,0.28,0.52,,,,,,,,,,,,,,,,,3,,33,17,,,6,10,2,5,5,0,0,2024,0.471,0.059,0.333,0.4,0.5,0.4,0.6,,,"Content, video & PR",Campagnes & creatieve concepten,Europa,"Food, beverage & agriculture",Bewustwording & gedragsverandering,,,True
blok56.nl,after,control,2.895,annevlek;bjsteeldesign;braverecruitment;buitrecruitment;dayverloskundigen;denmsktherapeut;greendustry;koeriersteuten;lexavia;lifeandnewborncoaching;mondzorgleudal;osteodoc;patrickgeelen;pluscatering;pwbewindvoering;skworxdesign;vandenboerenroggen;wijnboetiekvonkel;woningtaxatieshaarlem,craft+job+channel+model+geo,5,0.422,0.525,0.476,0.13,0.395,0.389,1.0,6,7,3,7,7,3,0,0.5,0.571,0.667,0.286,0.429,0.333,,0,10,28,19,8,9,15,18,15,18,18,6,1,2025,0.947,0.0,0.6,0.667,0.6,0.222,0.556,0.5,1.0,SEO & organische vindbaarheid,Branding & huisstijl,Nederlandse stad of plaats,Healthcare & care,"Merk, huisstijl & verhaal",Gemengd,Klein / zelfstandig,False
alldots.nl,after,control,1.0,actifitalmere;almeersescholen;amberrosia;cinemajesticzutphen;deknallendeketelalmere;esthersbruidsshop;helidor;klikophuizenmakelaardij;pwo;rotienwokkie;shoplog;trafficbuilders,craft+geo,2,,0.5,1.0,,,,,0,3,3,0,0,0,0,,0.667,1.0,,,,,1,9,13,12,3,3,0,12,3,0,0,0,0,2025,0.0,0.0,,0.5,1.0,,,,,,"Grafisch ontwerp, drukwerk & print",Nederlandse stad of plaats,,,,,False
allison.nl,before,control,1.353,bouwmensen;bouwstarters;deventermaatjes;deventervoetbal;deventerziekenhuis;eycollege;freshnotes;geas;historischmuseumdeventer;hotelhuisvermeer;masexperience;overdepleinen;parolo;sied;sod;stbergkerkconcerten;vcd,job+geo,2,1.0,0.219,0.5,0.278,0.375,,,,,,,,,,,,,,,,,0,,19,17,,,1,16,4,6,4,0,0,2023,0.0,0.0,1.0,0.312,0.5,0.333,0.5,,,Social media organisch,"Grafisch ontwerp, drukwerk & print",Regionaal (binnen Nederland),"Nonprofits, charities & associations","Leden, leerlingen & donateurs werven",,,False
allison.nl,after,control,1.353,bouwmensen;bouwstarters;deventermaatjes;deventervoetbal;deventerziekenhuis;eycollege;freshnotes;geas;historischmuseumdeventer;hotelhuisvermeer;masexperience;overdepleinen;parolo;sied;sod;stbergkerkconcerten;vcd,job+geo,2,1.0,0.219,0.5,0.278,0.375,,,0,0,0,0,0,0,0,,,,,,,,0,17,19,17,0,0,1,16,4,6,4,0,0,2023,0.0,0.0,1.0,0.312,0.5,0.333,0.5,,,Social media organisch,"Grafisch ontwerp, drukwerk & print",Regionaal (binnen Nederland),"Nonprofits, charities & associations","Leden, leerlingen & donateurs werven",,,False
allyourmedia.nl,before,control,1.378,aangenaamoverheid;airmundocom;airportcodesio;akzonobelbe;allbrassindustrial;arnhembusinessschool;artezhogeschoolarnhemnijmegen;barcelonametmarta;beijeradvies;brasseriezypendaal;brooksmodelingagency;burghouwt;cadac;cadeaubonnet;capitarit;cargobee;casserole;cevinfisher;cleanmobilitycenter;consortiumgo;denederlandsezorgsite;europroxima;flexprofi;flow;fraenck;frankyrizardo;gruppo79;innovatearnhemigniteaward;karbouw;karinlambrechtse;laboratoriumnl;leseydinsnl;letocav;lonnekeleever;lovelybylucy;lunchpool;maartenvankeller;makeorbuyfulfilment;marktuitert;mavein;michaelkosta;michelberendsen;michellebuteau;mondialfoods;nationalcenterofperformingarts;nikkigiling;nouryon;onderzoekersnl;planetawesomemountainnetwork;platowood;pureinternetmarketing;reprecruitment;rijnstatekunst;rijnstatevriendenfonds;rijnstateziekenhuis;ryal;sincerius;singel80;smivet;spijkersenspijkers;stichtinglyme;studiohands;subrow;swarovski;treinstationinfonl;tuinvijverinfo;universityofappliedsciences;uwhuisdiernl;vandermostmodern;vliegveldinfonl;waterschaprijnenijssel;weekendjewegnl;yearth;zichtbaar,model,1,0.2,0.367,0.284,0.183,0.25,0.556,,,,,,,,,,,,,,,,0,,87,74,,,10,16,9,13,4,3,0,2025,0.189,0.014,0.3,0.438,0.333,0.308,0.25,0.667,,Website & CMS,Branding & huisstijl,Internationaal / wereldwijd,"Media, culture & entertainment",Website verouderd of nieuw nodig,Webshop consumenten (D2C),,False
akqa.com,before,control,3.077,a2a;a2alifecompany;aacd;aardmananimations;abebebikila;activia;activision;adobe;aia;aiio;akqa;alfuttaimtoyota;aljazeeraenglish,industry+geo,2,0.21,0.266,0.781,0.333,0.28,,0.5,,,,,,,,,,,,,,,0,,22,13,,,9,13,8,6,5,0,2,2025,1.0,0.538,0.333,0.462,0.875,0.5,0.4,,0.5,Apps & custom platforms,Apps & maatwerk platforms,Specifiek buitenland,"Media, culture & entertainment",Maatwerk software & efficiëntere processen,,Startup / jong / groeiend,False
flatlineagency.com,after,narrower,1.588,alexalbon;boss;bud;cocacola;diamondpoint;gisou;heineken;justeat;lionsfashion;masongarments;mudjeans;nordcode;ogr;oliviakate;samsung;swapfiets;unveil,industry+craft+job+channel,4,0.68,0.52,0.5,0.625,0.375,,,5,9,2,4,4,0,0,0.8,0.778,0.5,0.75,0.5,,,30,1,49,17,5,16,5,10,2,4,4,0,0,2023,0.235,0.118,0.8,0.7,0.5,0.75,0.5,,,Webshop & e-commerceplatform,Webshop & e-commerce,Nederlandse stad of plaats,"Fashion, beauty & personal goods",Maatwerk software & efficiëntere processen,,,True
contentkunstenaar.nl,after,control,1.154,eva;flexforcemonkey;geo4nrg;hipselect;kloosterkerk;lessgrey;mercell;renses;revalidatieplanners;solmate;theaterbabel;train2work;vanedepartners,,0,0.28,0.22,1.0,1.0,1.0,1.0,,0,0,0,0,0,0,0,,,,,,,,0,13,28,13,1,0,5,10,1,1,1,1,0,2025,0.077,0.0,0.4,0.3,1.0,1.0,1.0,1.0,,SEO & organische vindbaarheid,Content & copywriting,Nederlandse stad of plaats,Government & public sector,Beter vindbaar in Google,"Overheid, zorg & onderwijs",,True
bolden.nl,before,control,1.227,armadamusic;bertderooij;bolden20;cakefilmphotography;crispsheets;davyhezemans;dekmantel;extremecashmere;farahmartinez;hetzuidelijktoneel;hildebrontsema;jennonijhof;jupebyjackie;kickstox;marcusvanderven;mariestellamaris;niekvandroffelaar;pleinvrees;shellwatch;strackk;sustainder;sync,,0,1.0,0.306,,1.0,1.0,,,,,,,,,,,,,,,,,0,,26,22,,,2,7,0,2,1,0,0,2020,0.091,0.045,1.0,0.429,,1.0,1.0,,,Website & CMS,Website & webdesign,,"Media, culture & entertainment",Maatwerk software & efficiëntere processen,,,False
bolden.nl,after,control,2.0,10days;armadamusic;auverture;bloomon;cakefilm;cakefilmphotography;dekmantel;farmergracy;format;hellochair;klabu10;lamptwist;parallel;pieterpot;pleinvrees;shellwatch;stoov;studytube;tourstickets;trimtex,job+channel+model+stage+geo,5,0.333,0.28,0.556,0.24,0.44,0.5,0.375,3,5,2,4,1,4,1,0.667,0.4,0.5,0.5,1.0,0.75,1.0,0,5,26,20,17,15,6,10,3,10,5,6,4,2020,0.5,0.0,0.5,0.4,0.667,0.3,0.6,0.667,0.5,Webshop & e-commerceplatform,Branding & huisstijl,Nederlandse stad of plaats,"Media, culture & entertainment","Merk, huisstijl & verhaal",Webshop consumenten (D2C),Groot / corporate / marktleider,True
greencreatives.nl,after,control,1.679,anna;balanceofzero;basisschooloscarcarr;basisschooloscarcarre;biocryptology;bloomon;bluecircle;bondadvocatenamsterdam;cassatiestrafrechtjeugdmeijerscanatan;comforda;depits;devroedtenthierry;educatiefportaal;enterpriseaiassistant;florisvalent;fransekamervankoophandel;fransekvk;fridaymascara;gaminglegal;harrysangha;hizihair;horatiovastgoed;ivy;kinkikappers;legalgamingattorneys;leonleon;lerendeambtenaar;loptimize;mavim;moembly;moemblyamsterdam;monumentenbezit;mosselmakelaars;nasseralkamouchi;pensioenplatform;porsche;reppido;sabineberkouwer;sandermurray;seegerslebouille;sergedesousa;simlab;stichtinglifegoals;stokedcrossfit;stox;sylvievandenmeerendonk;tinyriot;vanessenadvocaten;vryvanfintessa;wackersacademie;webbtraders;whello;willowandcoconut,craft+job+channel+stage,4,0.556,0.602,0.333,0.102,0.802,1.0,1.0,1,50,1,6,3,0,2,1.0,0.78,1.0,0.333,1.0,,1.0,0,1,116,53,2,52,6,51,3,15,9,1,3,2024,0.321,0.075,0.667,0.765,0.333,0.2,0.889,1.0,1.0,SEO & organische vindbaarheid,Branding & huisstijl,Nederlandse stad of plaats,Business & professional services,"Merk, huisstijl & verhaal",Zakelijke afnemers (B2B),Startup / jong / groeiend,True
allyourmedia.nl,after,control,3.125,airmundocom;arnhembusinessschool;brasseriezypendaal;capitarit;fraenck;frankyrizardo;rijnstatevriendenfonds;ryal,craft+channel,2,0.388,0.406,0.388,0.156,0.333,1.0,,0,0,0,0,0,0,0,,,,,,,,0,8,8,8,66,0,7,8,7,8,3,1,0,2025,1.0,0.125,0.571,0.5,0.429,0.25,0.333,1.0,,Apps & custom platforms,Branding & huisstijl,Nederlandse stad of plaats,"Fashion, beauty & personal goods",Website verouderd of nieuw nodig,Webshop consumenten (D2C),,False
fitzroy.nl,before,control,2.389,anwb;burp;campina;cloudpillo;cordaid;cygnific;deartummy;doritos;eurail;frank;frankseltzer;gisou;glenfiddich;heyleys;inshared;inthemiddleofourstreet;lavie;lays;mamasea;mms;naf;opius;pepsico;quaker;saborverde;shimano;smullers;sportcity;stegeman;stoov;theroyalsubmarine;tonyschocolonely;vgz;wow;wowbyliquidodoro;yumeko,,0,0.197,0.27,0.219,0.249,0.278,1.0,1.0,,,,,,,,,,,,,,,0,,81,36,,,17,34,8,26,6,1,1,2024,0.639,0.0,0.294,0.412,0.25,0.462,0.333,1.0,1.0,Offline media & events,Branding & huisstijl,Specifiek buitenland,"Food, beverage & agriculture","Merk, huisstijl & verhaal",Zakelijke afnemers (B2B),Omvang in cijfers,False
chunkagency.com,after,control,2.133,carelastin;carelastinviatris;cb12;google;googlenortherneurope;hollandsnieuwe;jdepeetscompany;mylan;nationalenederlanden;nationalenederlandeninsurance;pickwick;prioderm;randstad;shengli;theshengli,channel+model,2,0.375,0.302,0.333,0.265,0.347,0.556,1.0,1,4,0,3,3,0,1,1.0,0.5,,0.667,0.667,,1.0,15,11,37,15,2,4,4,13,3,7,7,3,2,2024,0.667,0.0,0.5,0.462,0.333,0.429,0.429,0.667,1.0,Offline media & events,Branding & huisstijl,Internationaal / wereldwijd,Healthcare & care,"Merk, huisstijl & verhaal",Zakelijke afnemers (B2B),Groot / corporate / marktleider,False
frontis.nl,before,narrower,3.733,arco;arepa;atagbenelux;atagverwarming;bronkhorst;egginkverpakkingen;kingspangesoleerdepanelen;prowonen;royaleijkelkamp;saniceve;schefferkeukens;sensire;ubbink;wila;winterwarm,stage,1,0.222,0.244,0.264,0.262,0.2,0.358,0.52,,,,,,,,,,,,,,,0,,26,15,,,12,15,12,15,15,9,5,2025,1.0,0.733,0.333,0.333,0.417,0.4,0.333,0.444,0.6,Apps & custom platforms,Website & webdesign,Internationaal / wereldwijd,Manufacturing & industrial,Maatwerk software & efficiëntere processen,Zakelijke afnemers (B2B),Omvang in cijfers,True
brancom.nl,after,control,1.6,ets;identitygames;koffiepartners;kroonint;verstegenspicessauces,craft+job,2,1.0,0.52,1.0,1.0,0.556,1.0,,0,3,0,0,3,1,0,,0.667,,,0.667,1.0,,0,2,10,5,0,3,1,5,1,1,3,2,0,2025,0.2,0.2,1.0,0.6,1.0,1.0,0.667,1.0,,Webshop & e-commerceplatform,Apps & maatwerk platforms,Nederlandse stad of plaats,"Food, beverage & agriculture",Webshop & online verkoop,Webshop consumenten (D2C),,False
dunepebbler.nl,after,control,2.222,ancoraimparoontwikkeling;bouwgroephorsmanco;chronosvastgoed;cranesolutions;everreadyactivebodycare;faasassurantin;gemeentekatwijk;jogg;jrsmakelaars;juweliershuysvanveensimons;ltafbouw;madamerose;nederlandsvisbureau;openarchitects;ouwehandbouw;pasman;renward;schoutenschoenen;sophiascholen;vanderzalmverswinkels;vanrhijnbouw;waalpartners;wdevelop;weboma;wonenlacarte;youvia;zegersbouw,stage+geo,2,0.255,0.213,0.625,0.302,0.224,0.5,0.375,5,8,3,0,0,0,0,0.8,0.375,1.0,,,,,0,18,33,27,1,9,14,26,16,13,14,2,4,2023,0.704,0.037,0.429,0.269,0.75,0.462,0.357,0.5,0.5,Website & CMS,Branding & huisstijl,Nederlandse stad of plaats,"Construction, real estate & housing",Lancering nieuw product of concept,"Overheid, zorg & onderwijs",Omvang in cijfers,True
dutchblue.nl,before,control,2.9,autostradaroosendaal;baggage;deepblue;fmtc;fmtcsafety;fznparts;gemeentelansingerland;goosevpn;grmexpertises;hitachiconstructionmachineryeurope;o2factoring;oazsubsidieadvies;polyestershoppennl;rondomwerk;rooseveltkliniek;safety;schuitemakersvishandel;soacare;villauk;worldwidebaggageservices,craft+geo,2,0.223,0.493,0.333,0.129,0.211,0.3,1.0,,,,,,,,,,,,,,,2,,35,20,,,11,15,6,15,16,10,2,2020,0.8,0.35,0.273,0.667,0.5,0.2,0.312,0.4,1.0,Multi-channel & omnichannel,Website & webdesign,Regionaal (binnen Nederland),"Transport, logistics & automotive",Website verouderd of nieuw nodig,Zakelijke afnemers (B2B),Startup / jong / groeiend,False
4ksproductions.com,after,control,1.25,bycz;goabroadnl;hansdemakelaar;ingriddenboer;lernendeeuregio;rocnijmegen;yourbrightsmile;zorginbalans,craft,1,,0.5,0.5,1.0,,,,0,8,2,1,0,0,0,,0.5,0.5,1.0,,,,0,0,8,8,0,8,0,8,2,1,0,0,0,2022,0.0,0.0,,0.5,0.5,1.0,,,,,Website & webdesign,Nederlandse stad of plaats,"Construction, real estate & housing",,,,True
53gradennoord.nl,before,control,1.192,bartelderenbosch;baumemercier;bruuzerribexperience;cafedekuip;desmulpot;devrijheidrondvaarten;gerbrandzoetelief;hoteltexel;jaaptuitman;johnsmit;koogerrestaurant;kooppleinnl;martijneelman;nioz;oranjerievogelhuis;pollodekoog;renskevanderloo;robstapersma;roestverfshop;schouwstraciviel;tantesjaan;texelsgoudcom;texelsun;vvvtexel;wimpool;yorout,industry+stage+geo,3,,0.352,1.0,0.625,1.0,,1.0,,,,,,,,,,,,,,,1,,29,26,,,0,16,3,4,1,0,5,2025,0.0,0.0,,0.438,1.0,0.75,1.0,,1.0,,"Grafisch ontwerp, drukwerk & print",Nederlandse stad of plaats,"Hospitality, tourism, sports & recreation",Website verouderd of nieuw nodig,,Klein / zelfstandig,True
digitaaldoen.nl,before,narrower,1.0,ancovangeffen;annytalolyta;geavanbruggen;jacquelinekonermann;jolandabast;peterpost;remmeltotten;sabinestruycken;tomaarnoudse,,0,1.0,1.0,,,1.0,,,,,,,,,,,,,,,,,1,,10,9,,,1,1,0,0,1,0,0,2023,0.0,0.0,1.0,1.0,,,1.0,,,Multi-channel & omnichannel,Strategie & advies,,,Beter vindbaar in Google,,,False
digitaaldoen.nl,after,narrower,1.25,antipestcontrol;beleggencom;copywritingvoorondernemers;kotatsu,,0,0.5,0.5,,,,,,2,2,0,0,0,0,0,0.5,0.5,,,,,,12,0,16,4,9,4,2,2,0,0,0,0,0,2023,0.0,0.25,0.5,0.5,,,,,,"SEA, display & overige paid advertising","E-mailmarketing, automation & funnels",,,,,,False
digitalguys.nl,before,control,1.75,lightofindia;luitenfruit;profeelmammacare;telefoonpunt,craft,1,,0.375,,0.333,,,,,,,,,,,,,,,,,,0,,4,4,,,0,4,0,3,0,0,0,2022,0.0,0.0,,0.5,,0.333,,,,,Website & webdesign,,"Food, beverage & agriculture",,,,False
betawerk.nl,after,narrower,2.381,apg;brandweervakmanschapp;brandweerzuidlimburg;brightlands;daelzicht;dcmrmilieudienstrijnmond;exploremaastricht;gemeentemaastricht;gemeentevenlo;humankind;lygature;maastrichtumc;mijnbreincoach;myinlife;nedlin;skaobservatory;ucenter;vademecummetabolicum;veiligheidsregiolimburgnoord;zonmw;zzpnederland,craft+job+channel+stage,4,0.654,0.492,0.289,0.136,0.44,,1.0,5,8,5,6,8,0,3,0.8,0.625,0.4,0.167,0.625,,1.0,0,8,24,21,11,13,9,16,11,13,15,0,7,2020,0.714,0.048,0.778,0.625,0.455,0.231,0.6,,1.0,Website & CMS,Website & webdesign,Regionaal (binnen Nederland),Healthcare & care,Website verouderd of nieuw nodig,,Omvang in cijfers,True
bigbirdmedia.nl,before,control,2.412,autobedrijfvanempel;bamimagazine;berenhuis;beweegenspeel;beweegspeel;bluemonkeys;change;deeweedee;dginfratechniek;dormi;dormidesignvloeren;doughit;gemeentesintmichielsgestel;jorisvanroosmalen;openbedrijvenroute;stichtingberenhuis;wegwijs,craft+job+channel+geo,4,0.625,0.76,0.52,0.181,0.333,0.36,1.0,,,,,,,,,,,,,,,0,,34,17,,,4,15,5,12,6,5,2,2025,0.706,0.0,0.75,0.867,0.6,0.25,0.5,0.4,1.0,Social media organisch,Branding & huisstijl,Regionaal (binnen Nederland),"Construction, real estate & housing","Merk, huisstijl & verhaal",Consumentenmarkt offline,Familiebedrijf / gevestigd met historie,False
53gradennoord.nl,after,control,1.0,abtexel;desupermarkt;detexelse;jumbotexel;koogerrestaurant;peekaanzee;texelse,craft,1,,1.0,,,,,,0,5,0,0,0,0,0,,1.0,,,,,,1,1,11,7,25,6,0,6,0,0,0,0,0,2025,0.0,0.0,,1.0,,,,,,,"Grafisch ontwerp, drukwerk & print",,,,,,True
7w-internetmarketing.nl,before,control,1.1,aankoophuis;beverwijksebazaar;intersafe;onnevandestadtrecycling;parrwonen;porsche;royalmandarin;schonevloerennl;shirtsupplier;topkoeriers,craft,1,,1.0,1.0,1.0,,,,,,,,,,,,,,,,,,0,,18,10,,,0,8,1,1,0,0,0,2023,0.0,0.0,,1.0,1.0,1.0,,,,,"Online marketing, performance & CRO",Nederlandse stad of plaats,Retail & e-commerce (general consumer goods),,,,True
7w-internetmarketing.nl,after,control,1.1,aankoophuis;beverwijksebazaar;intersafe;onnevandestadtrecycling;parrwonen;porsche;royalmandarin;schonevloerennl;shirtsupplier;topkoeriers,craft,1,,1.0,1.0,1.0,,,,0,0,0,0,0,0,0,,,,,,,,0,10,18,10,0,0,0,8,1,1,0,0,0,2023,0.0,0.0,,1.0,1.0,1.0,,,,,"Online marketing, performance & CRO",Nederlandse stad of plaats,Retail & e-commerce (general consumer goods),,,,True
digitalguys.nl,after,control,1.125,dezorgstrategen;luitenfruit;robertmuntel;rsmediaworks;terrazzotuinmeubels;tonerstore;twentskerstpakket;zonex,craft,1,,0.5,,,,1.0,,0,5,0,0,0,1,0,,0.6,,,,1.0,,0,1,8,8,3,7,0,6,0,0,0,1,0,2022,0.0,0.125,,0.667,,,,1.0,,,Website & webdesign,,,,Webshop consumenten (D2C),,True
digitalinside.nl,after,control,1.0,anneketeheuxdalstra;martinvanhell;paulvv,,0,1.0,0.5,,,,,,1,2,0,0,0,0,0,1.0,0.5,,,,,,0,0,3,3,0,3,1,2,0,0,0,0,0,2015,0.0,0.0,1.0,0.5,,,,,,SEO & organische vindbaarheid,Strategie & advies,,,,,,True
digitalnatives.nl,before,narrower,1.0,brainwash;cultuur;dimdocs;fairwearfoundation;gemeenteamsterdam;greenhome;hogeschoolderkunstendenhaag;managementsite;regiobank;sintmaartenskliniek;spaces;voordekunst;vrijnederland;wemakethecity,craft,1,,0.431,0.5,,,1.0,,,,,,,,,,,,,,,,0,,14,14,,,0,12,2,0,0,1,0,2020,0.0,0.0,,0.583,0.5,,,1.0,,,Apps & maatwerk platforms,Heel Nederland (landelijk),,,SaaS & software,,False
digitalnatives.nl,after,narrower,1.0,amsterdamsmartcity;stimuleringsfonds;voordekunst,craft,1,,1.0,0.5,,,1.0,,0,2,1,0,0,0,0,,1.0,1.0,,,,,0,1,3,3,13,2,0,3,2,0,0,1,0,2020,0.0,0.0,,1.0,0.5,,,1.0,,,Apps & maatwerk platforms,Nederlandse stad of plaats,,,SaaS & software,,False
chunkagency.com,before,control,1.846,carelastin;carelastinviatris;cb12;google;googlenortherneurope;hollandsnieuwe;jdepeetscompany;mylanthenetherlands;nationalenederlanden;pickwick;randstad;shengli;vodafonethenetherlands,craft+geo,2,0.5,0.383,0.44,0.28,0.28,,1.0,,,,,,,,,,,,,,,11,,30,13,,,2,9,5,5,5,0,2,2024,0.462,0.0,0.5,0.556,0.6,0.4,0.4,,1.0,Offline media & events,Branding & huisstijl,Heel Nederland (landelijk),Healthcare & care,"Merk, huisstijl & verhaal",,Groot / corporate / marktleider,True
brandbits.nl,before,control,1.667,bats;borgconsulting;botanicbubble;gemeentemoerdijk;grashaag;jamoneria;lorenzadviesbureau;nxtmoerdijk;yourfellow,,0,,0.5,,0.25,,1.0,,,,,,,,,,,,,,,,0,,10,9,,,0,2,0,4,0,1,0,2025,0.0,0.0,,0.5,,0.25,,1.0,,,Branding & huisstijl,,Government & public sector,,Webshop consumenten (D2C),,True
brandbits.nl,after,control,2.0,businessparkaviolanda;connectingprocesses;gemeentemoerdijk;rewin;visitmoerdijk,,0,,,,0.36,,,,0,0,0,4,0,0,0,,,,0.5,,,,0,1,5,5,8,4,0,0,0,5,0,0,0,2025,0.0,0.0,,,,0.4,,,,,,,Manufacturing & industrial,,,,False
alonamarketing.nl,before,control,2.308,akentuynkamer;budgetinsulationshop;budgetisolatieshop;floorheatingcuijk;gardenroom;gjdhrpartner;houthandeljelsan;misterkools;succlean;timbertradejelsan;vanakenschroeffunderingen;vanakenscrewfoundations;vloerverwarmingcuijk,industry+job,2,0.278,0.347,1.0,0.5,0.375,1.0,,,,,,,,,,,,,,,,12,,37,13,,,6,7,1,6,4,1,0,2025,0.308,0.538,0.333,0.429,1.0,0.667,0.5,1.0,,"SEA, display & overige paid advertising",Website & webdesign,Nederland plus buurlanden,"Construction, real estate & housing","Meer leads, aanvragen & verkoop",Webshop consumenten (D2C),,True
contentvorm.nl,before,control,1.0,cultuurbreda;haansbergettenleur,,0,,,,,,,,,,,,,,,,,,,,,,1,,3,2,,,0,0,0,0,0,0,0,2025,0.0,0.0,,,,,,,,,,,,,,,True
contentvorm.nl,after,control,1.0,algemeennederlandspersbureau;cultuurbreda;degroteclubactie;leidingenstraatnederland;lenovo;midzuid,,0,,0.278,,,,,,0,5,0,0,0,0,0,,0.4,,,,,,5,1,11,6,1,5,0,6,0,0,0,0,0,2025,0.0,0.0,,0.333,,,,,,,"Video, animatie & fotografie",,,,,,True
contentxperience.nl,before,narrower,1.25,bechtle;beursvanberlage;dynniq;sweetpoint,,0,,0.333,,1.0,,,,,,,,,,,,,,,,,,0,,4,4,,,0,3,0,1,0,0,0,2020,0.0,0.0,,0.333,,1.0,,,,,Website & webdesign,,"Food, beverage & agriculture",,,,True
contentxperience.nl,after,narrower,1.0,beachhaldidam;beursvanberlage;copaco;flexyz,,0,0.5,0.333,,,,,,2,3,0,0,0,0,0,0.5,0.333,,,,,,0,1,4,4,3,3,2,3,0,0,0,0,0,2020,0.0,0.0,0.5,0.333,,,,,,Apps & custom platforms,Campagnes & creatieve concepten,,,,,,True
conversiepartners.nl,before,narrower,2.75,fit4lady;gladwellacademy;knippingkozijnen;shootmyfood,industry+craft+channel+stage,4,0.625,0.375,,0.375,,,0.556,,,,,,,,,,,,,,,0,,4,4,,,4,4,0,4,0,0,3,2023,0.0,0.75,0.75,0.5,,0.5,,,0.667,"SEA, display & overige paid advertising",Campagnes & creatieve concepten,,Education & childcare,,,Groot / corporate / marktleider,False
greencreatives.nl,before,control,1.0,floccus;loptimize;stoked,craft,1,,1.0,,,,,,,,,,,,,,,,,,,,0,,3,3,,,0,3,0,0,0,0,0,2024,0.0,0.0,,1.0,,,,,,,Branding & huisstijl,,,,,,False
flatlineagency.com,before,narrower,1.833,bud;justeattakeaway;mgmotor;mystic;northactionsports;vanilia,,0,1.0,0.278,1.0,0.28,,,,,,,,,,,,,,,,,,10,,19,6,,,2,6,1,5,0,0,0,2023,0.0,0.0,1.0,0.333,1.0,0.4,,,,Webshop & e-commerceplatform,Website & webdesign,Europa,"Food, beverage & agriculture",,,,True
deindruk.nl,before,control,3.25,bartimusfonds;boschbeton;gemeenteede;masugro;rstzorgverleners;snelstart;svland;zorggroepsirjon,model+stage+geo,3,0.265,0.188,0.389,0.184,0.125,0.556,0.625,,,,,,,,,,,,,,,0,,40,8,,,7,8,6,7,8,3,4,2024,1.0,0.375,0.286,0.25,0.5,0.286,0.125,0.667,0.75,"E-mail, CRM & marketing automation",Strategie & advies,Heel Nederland (landelijk),Healthcare & care,Lancering nieuw product of concept,Zakelijke afnemers (B2B),Omvang in cijfers,False
groovedigital.agency,after,control,1.786,absstuurapparaten;ambiancewellness;boostix;castaneabedrijfsmakelaars;credomarketing;cybercapital;dameaandekade;getstreamed;gho;ghoagency;grem;gremindex;ilceurope;keepmovingtheagency;malvaamsterdam;mijnracketnl;netpack;neuroo;noordcoffee;noordcoffeeroasters;restaurantshun;skiraarte;sneppies;thehubrealestate;thehubrealestatexcastanea;vsnzevenementen;vsnzevents;winand,craft+job+model,3,0.284,0.389,0.36,0.19,0.389,0.375,,2,5,2,4,2,2,0,0.5,1.0,0.5,0.5,1.0,0.5,,0,0,89,28,14,28,9,12,5,11,6,4,0,2024,0.393,0.0,0.444,0.583,0.4,0.364,0.5,0.5,,Website & CMS,Website & webdesign,Nederlandse stad of plaats,"Hospitality, tourism, sports & recreation",Website verouderd of nieuw nodig,Zakelijke afnemers (B2B),,True
blok56.nl,before,control,2.444,1storage;bjsteeldesign;braverecruitment;degooijkamer;greendustry;jkbhandling;koeriersteuten;lexavia;lifeandnewborncoaching;marianneconfuso;mariellevanhoef;markvandersteeg;osteodoc;patrickgeelen;peetersduurzaam;pluscatering;pwbewindvoering;sandrabongaerts,craft+job+channel+geo,4,0.344,0.52,0.417,0.133,0.44,1.0,1.0,,,,,,,,,,,,,,,0,,20,18,,,8,15,12,14,5,1,1,2025,0.667,0.0,0.5,0.667,0.583,0.214,0.6,1.0,1.0,SEO & organische vindbaarheid,Branding & huisstijl,Nederlandse stad of plaats,Business & professional services,"Merk, huisstijl & verhaal",Gemengd,Klein / zelfstandig,False
doelgroepbereikt.nl,before,narrower,1.333,autotaalglasheerenveen;mutasport;subhaningenieursbureau,channel,1,1.0,0.333,1.0,1.0,,0.5,,,,,,,,,,,,,,,,0,,3,3,,,3,3,1,1,0,2,0,2022,0.0,0.0,1.0,0.333,1.0,1.0,,0.5,,Social media organisch,Website & webdesign,Nederlandse stad of plaats,"Fashion, beauty & personal goods",,Gemengd,,True
crossmediahouse.nl,after,control,2.737,abcautoonderdelen;armdoors;autovaneerde;bluesakura;casae;checkkozijn;dimpact;ecofry;equilin;eriks;eureleaf;expandior;follyfoam;globusnurserymachines;homimakelaarstwente;lammertinkspecializedinporsche;lefigaro;marcelkonmakelaardij;mrblocks;naturalsenz;nijhofsafety;petsco;pharmahermetic;poolmanagement;prosenectute;scholzbenelux;schroeffunderingnl;senzora;socranova;sunchip;textowntigers;tijhuis;tulpkeukens;valvoline;vcare;verbeekfluidsolutions;zontopper;zorgaccent,,0,0.117,0.295,0.235,0.099,0.166,0.188,1.0,7,14,4,11,7,4,0,0.429,0.357,0.5,0.182,0.286,0.25,,0,19,61,38,1,19,18,32,19,29,21,8,1,2024,0.632,0.342,0.167,0.406,0.316,0.138,0.238,0.25,1.0,Multi-channel & omnichannel,Website & webdesign,Nederlandse stad of plaats,Manufacturing & industrial,"Merk, huisstijl & verhaal",Webshop consumenten (D2C),Omvang in cijfers,False
2ndchapter.nl,after,control,1.4,camperverhuurkatwijk;gezondheidscentrumzeehos;habanabeach;hotelderijpereilanden;iamit;katwijksmuseum;northactionsports;popupsurfshop;sandifort;verdeaflowersplants,craft+geo,2,1.0,0.625,0.556,0.25,,,,1,3,2,4,0,0,0,1.0,0.667,1.0,0.25,,,,0,2,10,10,8,8,1,4,3,4,0,0,0,2025,0.0,0.0,1.0,0.75,0.667,0.25,,,,Webshop & e-commerceplatform,Website & webdesign,Nederlandse stad of plaats,Business & professional services,,,,True
2youmarketing.nl,before,control,3.5,anpv;deopenbarewerkplaats,,0,0.5,0.5,1.0,0.5,0.5,,1.0,,,,,,,,,,,,,,,0,,2,2,,,2,2,2,2,2,0,1,2025,1.0,0.5,0.5,0.5,1.0,0.5,0.5,,1.0,Social media organisch,Campagnes & creatieve concepten,Nederlandse stad of plaats,Government & public sector,"Leden, leerlingen & donateurs werven",,Omvang in cijfers,False
2youmarketing.nl,after,control,1.833,anpv;bravesalessolutions;deopenbarewerkplaats;rsfinance;thebigdatachef;verzuimpartners,craft+channel,2,0.556,0.5,1.0,0.5,0.5,1.0,1.0,1,4,0,0,0,0,0,1.0,0.75,,,,,,0,2,10,6,0,4,3,6,2,2,2,1,1,2025,0.333,0.167,0.667,0.667,1.0,0.5,0.5,1.0,1.0,Website & CMS,Website & webdesign,Nederlandse stad of plaats,Government & public sector,"Leden, leerlingen & donateurs werven",Webshop consumenten (D2C),Omvang in cijfers,False
delucro.nl,before,control,1.0,alzheimerzorgnederland;christmaswinkelnl;depalletvriend;helloflex;hydrauflushinternational;minersnederland;palmveineurope;virtupply;werkkampioen;wiseq,craft,1,,0.54,1.0,,,1.0,,,,,,,,,,,,,,,,0,,20,10,,,0,10,1,0,0,1,0,2024,0.0,0.0,,0.7,1.0,,,1.0,,,Website & webdesign,Europa,,,Webshop consumenten (D2C),,True
2manydots.nl,before,control,2.111,allsolutions;avia;avianederland;bonheurhoreca;deleyhoeve;gstar;lowan;omroepbrabant;omroepbrabantreclame;screenlink;smctilburg;stichtingamberalerteurope;teekenskarstens;teleperformance;teleperformancebenelux;univers;vendor;vivisol,,0,0.222,0.286,0.278,0.124,0.222,0.5,1.0,,,,,,,,,,,,,,,0,,28,18,,,6,14,6,11,6,2,2,2023,0.333,0.111,0.333,0.357,0.333,0.182,0.333,0.5,1.0,Website & CMS,Website & webdesign,Internationaal / wereldwijd,"Media, culture & entertainment",Personeel werven & werkgeversmerk,Gemengd,Omvang in cijfers,False
adfarm.nl,before,control,2.0,socialstickernl,,0,,1.0,,,,,,,,,,,,,,,,,,,,0,,1,1,,,0,1,0,0,0,0,0,2024,0.0,1.0,,1.0,,,,,,,"Online marketing, performance & CRO",,,,,,False
adfarm.nl,after,control,1.143,bowinqnederland;gbomheining;jenstemebel;luczaaijer;martijntekampe;myfittwear;snelrijbewijskeurennl;socialstickernl;tattforaweek;veiligopleiden;vinup;vosdakprojecten;wesleybijmolt;witteveen,,0,0.36,0.2,,1.0,1.0,1.0,,5,9,0,1,1,2,0,0.4,0.222,,1.0,1.0,1.0,,0,1,14,14,0,13,5,10,0,1,1,2,0,2024,0.0,0.071,0.4,0.3,,1.0,1.0,1.0,,"SEA, display & overige paid advertising",Website & webdesign,,"Construction, real estate & housing",Advertenties & campagnes renderen niet,Webshop consumenten (D2C),,False
creja.nl,before,control,1.933,anwb;bip;dectdirect;farmhouse;hva;lis;orgx;provalu;simstudio;universiteitleiden;vanderkolklegal;vdkl;veliche;verwonderomdehoek;woondienstenaarwoude,craft+job,2,,0.467,1.0,0.28,0.375,1.0,,,,,,,,,,,,,,,,2,,24,15,,,0,15,1,5,4,1,0,2024,0.533,0.0,,0.667,1.0,0.4,0.5,1.0,,,Branding & huisstijl,Internationaal / wereldwijd,"Food, beverage & agriculture","Merk, huisstijl & verhaal",Zakelijke afnemers (B2B),,False
artofadvertising.nl,before,control,1.25,draityachtsnl;joey;johanschuttert;woutbouwman,craft,1,,0.556,,1.0,1.0,,,,,,,,,,,,,,,,,0,,4,4,,,0,3,0,1,1,0,0,2023,0.0,0.0,,0.667,,1.0,1.0,,,,Campagnes & creatieve concepten,,"Hospitality, tourism, sports & recreation",Personeel werven & werkgeversmerk,,,False
artofadvertising.nl,after,control,2.75,dbtenergie;dbtenergietransformatorstations;greatwaves;mitsubishiforklifttrucks;templaribenelux;vandervalkgroningenhoogkerk;vandervalkhotels;voys,job+model,2,0.36,0.306,0.5,0.265,0.51,1.0,0.5,4,6,2,6,6,5,2,0.5,0.5,0.5,0.333,0.5,1.0,0.5,0,0,15,8,4,8,5,7,2,7,7,6,2,2023,0.625,0.25,0.4,0.429,0.5,0.286,0.571,1.0,0.5,"E-mail, CRM & marketing automation","Outcome-verkoop (leads, omzet, groei)",Heel Nederland (landelijk),"Software, IT & telecom","Meer leads, aanvragen & verkoop",Zakelijke afnemers (B2B),MKB / middelgroot,True
createthebrand.nl,after,control,2.0,bodytec;bodytecalmere;bon;daveroelvink;denbreejen;etrias;growdigital;growfield;jachthavenbonvinkeveen;janvertonghen;metalionkingdom;mlk;playmental;playmentalfoundation;uda;uniteddancealmere;veldmanpouw,craft+geo,2,1.0,0.883,1.0,0.156,1.0,,1.0,0,0,0,0,0,0,0,,,,,,,,0,17,34,17,0,0,2,16,3,8,2,0,1,2025,0.529,0.0,1.0,0.938,1.0,0.25,1.0,,1.0,Social media organisch,Branding & huisstijl,Nederlandse stad of plaats,"Hospitality, tourism, sports & recreation","Merk, huisstijl & verhaal",,Startup / jong / groeiend,True
creatievecampagnes.nl,before,narrower,2.0,mmdeli;noototheek;uwbloemenmannl,industry,1,,,,0.556,,,,,,,,,,,,,,,,,,0,,3,3,,,0,0,0,3,0,0,0,2025,0.0,0.0,,,,0.667,,,,,,,"Food, beverage & agriculture",,,,True
brandfirm.nl,before,narrower,1.2,autoverhuur;dereddingsbrigade;ecarnavalskleding;goosevpn;ibizamode;ipcamshop;jorisblokker;nmbrs;thephonelab;wietekemiele,craft+channel,2,0.722,0.469,,1.0,1.0,,,,,,,,,,,,,,,,,0,,10,10,,,6,8,0,1,1,0,0,2020,0.0,0.1,0.833,0.625,,1.0,1.0,,,SEO & organische vindbaarheid,SEO & vindbaarheid,,"Nonprofits, charities & associations","Leden, leerlingen & donateurs werven",,,True
fruto.nl,before,narrower,1.517,ahra;algemenewaterschapspartij;atcmatch;boulder;broshuis;byzero;ccileidingsystemen;cvrdfashion;desq;djarmndo;eerstewoordjesleren;etbvandebeek;highteanl;hoefsmederijkruijsse;horecazonweringnederland;jouwballonnen;kalverliefde;meyra;nickcatsburg;otteinfra;overgaauwadvies;petrollo;praktijk2c;royaldesign;scribes;sleperschilderwerken;stichtingphiladelphiazorg;triathlonvathorst;vanwijkvastgoedonderhoud,craft+model+geo,3,,0.399,1.0,0.12,,1.0,1.0,,,,,,,,,,,,,,,1,,31,29,,,0,26,17,10,0,5,1,2020,0.0,0.0,,0.577,1.0,0.2,,1.0,1.0,,Website & webdesign,Nederlandse stad of plaats,"Construction, real estate & housing",,Webshop consumenten (D2C),Groot / corporate / marktleider,False
diezign.nl,after,control,1.2,dordtsport;ijhcdordrechtlions;lotstrots;nutridynamics;swartwebdesignmhmediaoplossingen,,0,,1.0,,1.0,,,,0,2,0,1,0,0,0,,1.0,,1.0,,,,0,0,5,5,2,5,0,2,0,1,0,0,0,2020,0.0,0.0,,1.0,,1.0,,,,,"Grafisch ontwerp, drukwerk & print",,"Hospitality, tourism, sports & recreation",,,,False
digibit.nl,before,control,1.0,airtempheattechnology;autobedrijfvannieuwenhoven;dpsfashion;green2go;innerka;kdsstansvormen;mobitexpeterschaap;monumentenwachtlimburg;salonpurecolor;schietsportverenigingsurete;sociteitdeclub;stadsgildesintecatharina1480;stichtingbredero;stichtinglimburgsekastelen;taxigeeretsdeleeuw;voetbalverenigingdesm;weertcollecteert,craft+channel,2,0.5,1.0,,,,,,,,,,,,,,,,,,,,0,,34,17,,,6,17,0,0,0,0,0,2025,0.0,0.0,0.667,1.0,,,,,,SEO & organische vindbaarheid,Website & webdesign,,,,,,True
digibit.nl,after,control,1.0,airtempheattechnology;autobedrijfvannieuwenhoven;dpsfashion;green2go;innerka;kdsstansvormen;mobitexpeterschaap;monumentenwachtlimburg;salonpurecolor;schietsportverenigingsurete;sociteitdeclub;stadsgildesintecatharina1480;stichtingbredero;stichtinglimburgsekastelen;taxigeeretsdeleeuw;voetbalverenigingdesm;weertcollecteert,craft+channel,2,0.5,1.0,,,,,,0,0,0,0,0,0,0,,,,,,,,0,17,34,17,0,0,6,17,0,0,0,0,0,2025,0.0,0.0,0.667,1.0,,,,,,SEO & organische vindbaarheid,Website & webdesign,,,,,,True
dbk.nl,before,control,1.65,carscolacoins;corendon;corendonhotelsresorts;dansk;dansknl;dehaanadvocatenennotarissen;dehaanadvocatennotarissen;dolfinarium;easysit;evillage;kenonz;medprevent;mijngascorenl;osdorpplein;panalytical;qps;spoedtestnl;umcg;waqosta;westcordhotels,channel,1,0.556,0.242,0.333,0.25,1.0,1.0,1.0,,,,,,,,,,,,,,,2,,26,20,,,3,16,3,8,1,1,1,2023,0.05,0.15,0.667,0.375,0.333,0.375,1.0,1.0,1.0,"SEA, display & overige paid advertising",Website & webdesign,Regionaal (binnen Nederland),"Hospitality, tourism, sports & recreation",Website verouderd of nieuw nodig,Zakelijke afnemers (B2B),Groot / corporate / marktleider,False
afdelingonline.nl,after,control,2.481,barnwoodweb;bibliotheeknieuwestijl;bovagfiets;brabantserfgoed;brabantstad;brabantwater;bravo;cheeriot;creativityworldforum2019;cubordsignmakers;cultuurmarketing;cultuurmarketingawards;cycletours;denobelaer;derooipannen;detjer;dualinventive;erfgoedfestivalgelderland;feedvalid;fun4cars;gemeentevalkenswaard;granditalia;healthconnect;hetmauritshuis;jozo;krllermller;krllermllermuseum;kunstloc;maastrichtuniversity;mauritshuis;mcgregor;mediamuseum;medians;medipoint;mestmagnl;metesco;nationaalgevangenismuseum;nooteboomtrailers;opvoedinformatienederland;phoenixcultuur;proeftuininternationaliseringbrabant;reef;rocrivor;sensocare;stadstheaterzoetermeer;textielmuseum;thebamboovement;thiememeulenhoff;tno;triora;uwv;uwvhelmondeindhoven;zuiderwaterlinie;zwconnect,model+geo,2,0.17,0.114,0.358,0.186,0.105,0.413,0.5,5,10,0,7,0,1,0,0.4,0.3,,0.714,,1.0,,9,44,84,54,1,10,38,53,18,43,20,15,2,2023,0.352,0.315,0.237,0.208,0.556,0.349,0.15,0.6,0.5,Social media organisch,"Online marketing, performance & CRO",Regionaal (binnen Nederland),"Media, culture & entertainment",Groei & nieuwe markten,Zakelijke afnemers (B2B),Familiebedrijf / gevestigd met historie,True
bliqvangers.nl,after,narrower,2.455,bbqeiland;collaglo;digitalbirds;exorialiqueur;flitsteam;floor8;funkyveganfestival;gehlenzonwering;goodwinwestbay;joyevents;mtctransport;niceey;ontdekplein;quartierlatin;reformedpilatesstudio;rewind;rewindamsterdam;studioskin;tapforaudio;theburgermaffia;theembassy;villabocce,craft+job+channel+geo,4,0.5,0.408,0.438,0.149,0.755,0.5,0.333,2,8,6,11,3,1,1,1.0,0.625,0.5,0.182,1.0,1.0,1.0,1,8,32,22,2,14,6,13,8,17,7,2,3,2023,0.5,0.091,0.667,0.615,0.625,0.235,0.857,0.5,0.333,Social media organisch,Branding & huisstijl,Nederlandse stad of plaats,"Construction, real estate & housing","Merk, huisstijl & verhaal",Zakelijke afnemers (B2B),Familiebedrijf / gevestigd met historie,True
addix.nl,before,control,1.25,agc;carnavalinoeteldonk;endologix;mondzorgclinics;ttedecuve;unilininsulation;zodiacaerospace;zodiacinflightentertainment,geo,1,1.0,0.306,0.556,,,,,,,,,,,,,,,,,,,0,,10,8,,,1,7,3,0,0,0,0,2020,0.25,0.0,1.0,0.429,0.667,,,,,"Branding, campagne & activatie","Grafisch ontwerp, drukwerk & print",Nederland plus buurlanden,,,,,False
customwebsite.nl,before,control,1.727,boosjescom;futuretennisenpadel;kasteelovernachtingennl;knolskoek;lichtpuntnl;lifttex;lopharm;obsbrinkschool;peacesleepersnl;stroomkragt;wolanl,craft+channel+model,3,1.0,0.488,0.333,0.219,0.5,0.722,1.0,,,,,,,,,,,,,,,0,,11,11,,,8,11,3,8,2,6,1,2022,0.0,0.0,1.0,0.636,0.333,0.375,0.5,0.833,1.0,Website & CMS,Website & webdesign,Europa,Retail & e-commerce (general consumer goods),Naamsbekendheid & zichtbaarheid,Webshop consumenten (D2C),Startup / jong / groeiend,False
customwebsite.nl,after,control,1.824,dejonghenduijn;futuretennisenpadel;kasteelovernachtingennl;knolskoek;lichtpuntnl;lifttex;lopharm;obsbrinkschool;peacesleepersnl;stroomkragt;takensbeldervanasten;tegelsanitairstienstra;usportcom;wilpstratechniek;wintersportlive;witteveendakrendement;wolanl,craft+job+channel+model,4,1.0,0.612,0.36,0.163,0.388,0.551,1.0,7,7,2,6,5,2,1,1.0,0.857,0.5,0.5,0.4,0.5,1.0,0,10,18,17,1,7,14,17,5,14,7,7,1,2022,0.0,0.0,1.0,0.765,0.4,0.286,0.571,0.714,1.0,Website & CMS,Website & webdesign,Europa,"Construction, real estate & housing",Website verouderd of nieuw nodig,Webshop consumenten (D2C),Familiebedrijf / gevestigd met historie,False
gladior.com,before,narrower,1.481,aeves;aimsimprove;all4trade;arag;bachrescue;bakkerbart;bluemountain;boekenvanwyzer;bovemij;canonline;certicon;diamant;dibozoo;dragintra;emilfrey;engineer;ergotherapie;eyemed;eyevinci;floorrolluiken;forque;fotoflits;ggdhollandsmidden;ggdhollandsnoorden;hardware;hodes;hollandnautic;ictspecialist;insus;internationalschooltwente;jaarbeurs;jansenchroom;koninklijkenlr;koninklijkevezet;livio;lssawebshop;luttershandel;masterfire;moccamaster;mrfillet;nbz;nibud;nldigital;oranjeconsultancy;osn;pedimarkt;profikozijnen;qts;rekos;saa;sectolin;skafit;slingeland;smitsveldhoven;staffcapital;statusfinance;stayokay;stichtingh3o;stichtinglvo;suurmond;truckland;tshealth;tuinchamp;usva;vanameyde;vetinal;vtc;wastoren;wensink;werkenbijfnv;wrangu;wyzer;xpertdata;yoursole;zaklampnl;zlto;zonnehuisgroepnoord,model+geo,2,0.25,0.243,0.556,0.122,0.278,1.0,0.278,,,,,,,,,,,,,,,0,,81,77,,,4,66,6,35,6,3,6,2024,0.013,0.0,0.25,0.364,0.667,0.2,0.333,1.0,0.333,SEO & organische vindbaarheid,Webshop & e-commerce,Nederlandse stad of plaats,Healthcare & care,Maatwerk software & efficiëntere processen,Gemengd,Omvang in cijfers,False
deptagency.com,after,control,1.718,aegon;algorand;asos;audi;avinafood;barilla;brenntag;cosnova;debijenkorf;dorotheeschumacher;eneco;ergo;eurovision;expedia;foundationmedicine;freitag;gasnetworksireland;google;googlekidsspace;healthserviceexecutive;heinz;hiddenvalleyranch;hmbeyond;jungheinrich;justdiggit;justeattakeawaycom;louispoulsen;myswitzerland;netflix;philips;primephonic;sesamestreet;smart;spotify;sumthing;thebartlettschoolofarchitecture;tonyblairinstitute;underarmour;vangoghmuseum,channel+geo,2,0.389,0.209,0.556,0.104,,,0.5,5,26,2,21,0,0,2,0.6,0.423,0.5,0.19,,,0.5,1,4,41,39,17,35,6,28,3,25,0,0,2,2022,0.0,0.0,0.5,0.393,0.667,0.16,,,0.5,Apps & custom platforms,Apps & maatwerk platforms,Internationaal / wereldwijd,"Media, culture & entertainment",,,Familiebedrijf / gevestigd met historie,True
cornerstones.nl,after,narrower,1.444,barcolichttotaal;brasseriehartighsoed;ceseasy;cfkunststofprofielen;desteigerconcurrent;gemeentegroningen;goedlicht;hetsteenhuys;interrelatiegeschenken;kshkantoorartikelen;kshkantoorspecialisten;laundryuse;leondoro;luthtangenberg;morizodesign;nicecubes;olbaholland;plaggenmarsch;quebix;rickmeinenstudio;rijschooljalving;supremerelatiegeschenken;suprmerelatiegeschenken;tiseca;tuincentrumnoordbarge;underweardistrict;yourizon,channel+geo,2,0.602,0.383,0.44,0.222,0.358,,1.0,8,9,2,1,3,0,0,0.625,0.556,0.5,1.0,0.667,,,0,18,42,27,3,9,16,27,5,6,9,0,2,2023,0.185,0.037,0.75,0.481,0.6,0.333,0.444,,1.0,Webshop & e-commerceplatform,Webshop & e-commerce,Nederlandse stad of plaats,Retail & e-commerce (general consumer goods),Webshop & online verkoop,,Omvang in cijfers,False
boostyour.marketing,before,control,2.556,cafdepieter;cafhallomestreeg;cmtoverkappingen;eclairaffair;jellehamming;somewhereinthemiddle;stichtingtoonhermans;thesandwichclubmestreeg;tob,industry+job+channel+geo,4,0.68,0.219,1.0,0.722,0.52,,0.5,,,,,,,,,,,,,,,0,,16,9,,,5,8,6,6,5,0,2,2025,0.556,0.222,0.8,0.25,1.0,0.833,0.6,,0.5,Social media organisch,Strategie & advies,Nederlandse stad of plaats,"Hospitality, tourism, sports & recreation",Naamsbekendheid & zichtbaarheid,,Startup / jong / groeiend,False
afdelingonline.nl,before,control,2.622,barnwoodweb;bibliotheeknieuwestijl;brabantserfgoed;brabantstad;brabantwater;bravo;cheeriot;creativityworldforum2019;cubordsignmakers;cultuurmarketing;cultuurmarketingawards;cycletours;derooipannen;detjer;dualinventive;erfgoedfestivalgelderland;feedvalid;fun4cars;granditalia;healthconnect;jozo;krllermller;krllermllermuseum;kunstloc;maastrichtuniversity;medians;medipoint;mestmagnl;metesco;nationaalgevangenismuseum;nooteboomtrailers;phoenixcultuur;proeftuininternationaliseringbrabant;reef;rocrivor;sensocare;textielmuseum;thebamboovement;thiememeulenhoff;tno;triora;uwv;uwvhelmondeindhoven;zuiderwaterlinienoordbrabant;zwconnect,model+stage+geo,3,0.218,0.124,0.358,0.165,0.119,0.431,0.556,,,,,,,,,,,,,,,7,,67,45,,,35,44,18,36,19,12,3,2023,0.444,0.378,0.343,0.182,0.556,0.306,0.211,0.583,0.667,Social media organisch,Content & copywriting,Regionaal (binnen Nederland),"Media, culture & entertainment",Groei & nieuwe markten,Zakelijke afnemers (B2B),Startup / jong / groeiend,True
annabel.nl,after,narrower,1.885,acutedeeltijd;amarum;cleantechregio;deboog;drutenenwijchen;erpopen;euroma;fleursportmassage;gemeentenijmegen;gemeentezevenaar;ggnet;gloedcommunicatie;imcweekendschool;prorail;renskedierenvoeding;rijkswaterstaat;satoeurope;travelmagazine;triada;tuincentrumnl;unitedeconomy;vggnet;volkshuisvesting;volkshuisvestingarnhem;werktalent;zevenaar,craft+geo,2,1.0,0.723,1.0,0.185,0.28,1.0,,0,1,0,0,0,0,0,,1.0,,,,,,0,24,42,26,2,2,2,19,4,9,5,1,0,2025,0.538,0.0,1.0,0.842,1.0,0.222,0.4,1.0,,"Content, video & PR","Video, animatie & fotografie",Nederlandse stad of plaats,Healthcare & care,Personeel werven & werkgeversmerk,Dienstverleners,,True
anothersite.nl,before,control,1.55,albertwelvaartfotos;aldodruyf;alphafotografie;armandgelkopf;arnoldjansenfotografie;artencofotografie;artfromearth;artoomittukjr;auditonly;bertvankordelaar;bondvanvolkstuinders;braamtheater;bureaurijopleidingen;chrisgottenbos;cornsparidaens;cradle;cultureelwoordenboek;degrootmasseert;detweedeuitleg;dolphkohnstamm;duopanorama;dutchdigitalart;emotieappgetgrip;energietransitieoostpoort;eraadvancedanalytics;faasstyling;financialfacilityseurope;fineartphotos;fotocaroline;fotowillemsen;franciscaredeker;franselerares;fredvanveluw;gerdienwuestmanonderzoekentekstproductie;haskeillustraties;hermanfotografie;hesselreclame;holkema;honours;hoogheemraadschaphollandsnoorderkwartier;hskenloopbaanadvies;htfotografie;inakooper;inekeruiter;ingridrstzangdocent;inputoutputfotografie;janjeuringfotografie;jilmerpostma;joanveldkamp;jongmanfotografie;josaanraad;jufsiennl;jurjenvis;kaarsenvanjan;karelbaracsdeverhalenman;kinderboerderijdewerf;kinderkamervintage;klapstoelkabaret;koenraadkllmannarchitect;korthalsstuurmantheaterbureau;laboractiva;landzaatadministraties;liesbethwattimuryfotografie;lindagrool;luxphotography;maaikepope;maartenvandevenphotography;marcapersfotografie;nelissenmanagementencursussen;nielsdevriesfotografie;openateliers;patrickrisfotografie;peterfotografie;pietvanwijkpalenhuis;plantenenkadowinkelmariemarie;ploegerproperties;praktijkvoorpsychotherapie;puuramber;puurvoorjou;renknoop;riekskamphuis;rmprojects;robsfoto;sabineheetebrij;schagenparticipatietools;stappenmethode;stichtingreligiegeschiedenisnoordkennemerland;studiomars;synthese;tuchtcollegevoordescheepvaart;tuinparktuinwijck;uitgeverijbelvdere;vandersteltwebtekstredactie;verbeeldingskracht;vurobouwmaterieel;winstwerk;zebrazorg;zone3;zorroproducties;zurcherart,craft+model,2,1.0,1.0,0.242,0.135,,1.0,0.5,,,,,,,,,,,,,,,0,,100,100,,,1,43,16,53,0,4,2,2023,0.0,0.0,1.0,1.0,0.375,0.264,,1.0,0.5,Social media organisch,Website & webdesign,Nederlandse stad of plaats,"Media, culture & entertainment",,Webshop consumenten (D2C),Omvang in cijfers,False
anothersite.nl,after,control,1.495,albertwelvaartfotos;aldodruyf;alphafotografie;armandgelkopf;arnoldjansenfotografie;artencofotografie;artfromearth;artoomittukjr;bertvankordelaar;bondvanvolkstuinders;bureaurijopleidingen;chrisgottenbos;cornsparidaens;cultureelwoordenboek;deblauweruimte;degrootmasseert;detweedeuitleg;dolphkohnstamm;duopanorama;dutchdigitalart;energietransitieoostpoort;eraadvancedanalytics;faasstyling;fineartphotos;fleurwiersmafotografie;fotocaroline;fotoclubfvgvb;fotowillemsen;franciscaredeker;franselerares;fredvanveluw;haskeillustraties;hermanfotografie;hesselreclame;honours;hoogheemraadschaphollandsnoorderkwartier;hskenloopbaanadvies;inakooper;inekeruiter;ingridrstzangdocent;inputoutputfotografie;janjaspertamboer;janjeuringfotografie;jilmerpostma;joanveldkamp;jongmanfotografie;josaanraad;jurjenvis;kaarsenvanjan;karelbaracsdeverhalenman;kinderboerderijdewerf;kinderkamervintage;klapstoelkabaret;kobratheaterproducties;kodama;koninklijkenederlandseverenigingvantechniciopscheepvaartgebied;laboractiva;landzaatadministraties;liesbethwattimuryfotografie;lindagrool;luxphotography;maaikepope;maartenvandevenphotography;marcapersfotografie;marjavlaaraurareadings;mralecart;nielsdevriesfotografie;norbertnederlofhockey;openateliers;peterfotografie;pietvanwijkpalenhuis;ploegerproperties;puuramber;puurvoorjou;renknoop;riekskamphuis;robsfoto;ronderooijmodelfacesphotography;sabineheetebrij;stappenmethode;stichtingreligiegeschiedenisnoordkennemerland;studiomars;synthese;tuchtcollegevoordescheepvaart;tuinparktuinwijck;uitgeverijbelvdere;vandersteltwebtekstredactie;vrouwenvooruit;vurobouwmaterieel;winstwerk;zebrazorg;zorroproducties;zurcherart,craft+model+stage+geo,4,1.0,1.0,0.388,0.156,,1.0,0.556,0,7,3,7,0,0,1,,1.0,1.0,0.286,,,1.0,0,81,93,93,19,12,1,41,14,43,0,4,3,2023,0.0,0.0,1.0,1.0,0.571,0.302,,1.0,0.667,Social media organisch,Website & webdesign,Nederlandse stad of plaats,"Media, culture & entertainment",,Webshop consumenten (D2C),Omvang in cijfers,False
anyscreensize.com,before,narrower,1.0,artlaren;avantec;securesafe;yardenergy,,0,,,,,,,,,,,,,,,,,,,,,,0,,4,4,,,0,0,0,0,0,0,0,2020,0.0,0.0,,,,,,,,,,,,,,,True
anyscreensize.com,after,narrower,1.0,avantec;fluidwell;ipvvreugdenhill;securesafe,,0,,,,,,,,0,0,0,0,0,0,0,,,,,,,,0,2,4,4,2,2,0,0,0,0,0,0,0,2020,0.0,0.0,,,,,,,,,,,,,,,False
epic.nl,before,control,2.667,blendle;byte;femkeheemskerk;heraclesalmelo;jongensterk;nederlandseverenigingvanziekenhuizen;pensioenfondsabnamro;pensioenfondsabp;pensioenfondsyara;pietervandenhoogenband;polarsteps;rocvantwente;stichtingpensioenfondswerkenintegratie;teamactivia;topsportcommunity;universiteitvannederland;valuecare;zgt,job+stage+geo,3,0.235,0.218,0.344,0.214,0.3,1.0,0.556,,,,,,,,,,,,,,,0,,21,18,,,9,15,8,14,10,1,3,2025,0.778,0.111,0.333,0.333,0.5,0.357,0.5,1.0,0.667,Social media organisch,Branding & huisstijl,Heel Nederland (landelijk),"Hospitality, tourism, sports & recreation",Bewustwording & gedragsverandering,Zakelijke afnemers (B2B),Omvang in cijfers,False
buroboud.nl,before,narrower,1.371,apostelhoeve;basilicastellamaris;boelszandersadvocaten;bronsgieterijartandcraft;buschmodes;claudyjongstra;danonenederland;dutchelectro;firemakers;frijnsgroup;frijnsindustrial;gemeentekerkrade;grouwelsvastgoed;harmoniesintrosa;humanrights;immortel;kruisherenhotel;lesalonard;ltcmaasvogels;mosa;mosatrajectum;mumcspierziektencentrum;provincielimburg;rabobank;ricoh;rolfspectacles;sauterwijnen;sugrantradingagency;tulpfiremakers;vaessengroenvoorziening;vodafone;vojacekwijnen;vojacekwijnennegociantsenvins;zuyderlandkunstcollectie;zuyderlandmedischcentrum,geo,1,0.333,0.278,0.556,0.2,0.5,1.0,,,,,,,,,,,,,,,,2,,65,35,,,3,12,3,5,2,1,0,2025,0.229,0.0,0.333,0.417,0.667,0.2,0.5,1.0,,Multi-channel & omnichannel,"Grafisch ontwerp, drukwerk & print",Nederlandse stad of plaats,Manufacturing & industrial,Content & creatieve productie,Zakelijke afnemers (B2B),,False
dentsu.com,before,control,1.911,1stforwomen;adobe;aeronaut;arla;australianfuturesproject;aviva;bowelcanceraustralia;brita;bud42;cadbury;calm;changethepicture;diageo;dismoielliot;eurostar;firstforwomen;footlocker;ghanapostgps;goalkeepers17;greenpeacerussia;heartfoundation;indiefin;intel;kfc;malarianomore;noname;pggillette;philips;projectrevoice;royalcaribbean;siemens;sinyirealty;staples;streetstars;surakshakateeka;swiggy;thecocacolacompany;theeverythingbook;tvtokyo;unscommongroundinitiative;uspharmaceuticalmanufacturer;vedantu;viivhealthcare;volkswagen;williampatrickcorgan,job+stage+geo,3,0.195,0.159,1.0,0.141,0.46,0.5,0.5,,,,,,,,,,,,,,,11,,121,45,,,20,33,17,16,20,2,4,2024,0.333,0.222,0.25,0.273,1.0,0.25,0.65,0.5,0.5,Social media organisch,Apps & maatwerk platforms,Specifiek buitenland,Retail & e-commerce (general consumer goods),Bewustwording & gedragsverandering,Zakelijke afnemers (B2B),Groot / corporate / marktleider,True
1kilotekst.nl,before,control,3.0,auping;combideuren;vvdzwolle,,0,1.0,0.333,0.5,0.333,,,1.0,,,,,,,,,,,,,,,0,,3,3,,,1,3,2,3,0,0,1,2023,1.0,0.0,1.0,0.333,0.5,0.333,,,1.0,Website & CMS,PR & influencer marketing,Internationaal / wereldwijd,Manufacturing & industrial,,,Groot / corporate / marktleider,False
2bmedia.nl,after,control,1.333,marcoflux;reclameabc;variataxidelft,,0,1.0,1.0,,1.0,,,,1,2,0,1,0,0,0,1.0,1.0,,1.0,,,,0,0,3,3,0,3,1,2,0,1,0,0,0,2024,0.0,0.0,1.0,1.0,,1.0,,,,Website & CMS,Website & webdesign,,Business & professional services,,,,False
dutchwebdesign.nl,after,control,2.114,100leuk;123zakelijk;baselogistics;bimcollab;brabo;cadran;cbkzuidoost;degezondebron;eszet;flamant;halfords;kantoormeubelencenter;kobelco;kubusinfo;lockernl;mattisson;meerdanlicht;nachbarbyjgermeister;nestelkantoorinrichters;officecentre;pcpo;pcpomiddenbrabant;pharmascout;prinsautogas;ruitershopboxmeer;sealgo;sealtrace;skil;slaaploods;steinhauer;stichtingdehoekscheschool;takeawaycom;telermaat;tuincentrumdebiezen;twinespressotechniek;vindjevloernl;vivsupport;vlirdens;vlirdensopleidingen;vojatravel;wkk;woonboulevardpoortvliet;zemiceurope;zijerveld,channel,1,0.399,0.338,0.153,0.109,0.173,0.278,0.358,14,28,7,10,8,6,3,0.643,0.536,0.286,0.2,0.375,0.333,0.333,0,16,73,44,7,28,26,44,14,26,18,12,9,2025,0.5,0.023,0.577,0.455,0.214,0.154,0.278,0.417,0.444,Webshop & e-commerceplatform,Webshop & e-commerce,Internationaal / wereldwijd,Retail & e-commerce (general consumer goods),Webshop & online verkoop,Zakelijke afnemers (B2B),Omvang in cijfers,True
bandwerk.nl,after,control,2.057,aftersummerfestival;akor;antecoaching;asdrijssenholten;brandsschreursadvocaten;brasseriedepassage;colorpanels;concepttv;deregenboogholten;destadsvernieuwers;effinkhengevelde;fanclubliverpoolfc;guusbaansportenhealth;holcon;knolprojecten;koersoost;leisureking;loromeijgoor;metzorg;multiprotect;paynl;polybouwaluminium;repairprotection;rondevanoverijssel;sjaloomschool;tandartsenpraktijkdekroonweide;taurus;tenbrinkecontainers;teussink;toyotadrent;verion;wifiticketnl;wijcobau;woningbehangennl;woonenzorgcentrumdevriezenhof,channel+model+stage+geo,4,1.0,0.265,0.66,0.183,0.219,0.556,0.375,1,2,3,3,1,0,1,1.0,1.0,1.0,0.333,1.0,,1.0,0,29,58,35,12,6,4,18,10,17,13,3,4,2025,0.371,0.143,1.0,0.444,0.8,0.294,0.308,0.667,0.5,Social media organisch,Branding & huisstijl,Nederlandse stad of plaats,"Hospitality, tourism, sports & recreation",Maatwerk software & efficiëntere processen,Zakelijke afnemers (B2B),Startup / jong / groeiend,False
fyndable.online,before,control,1.474,abelvandenakker;aenova;ags;antoineboons;bertdersjant;buitenpaneel;carkeyhouse;daktechniekgarantdaktechniek;derekenmeestersaccountancyadvies;dezwemster;entjesadministratieenadvies;entjesschilderwerk;erwinblezer;habetsmakelaardij;itgigant;jayramtahalsing;jivansmassage;koendijkstra;melvinvanvelzen;micasainterieurs;miket;musicismagic;notebookoutlet;palmarius;pimvandrimmelen;rable;rcjcboerman;robertbridgeman;rokegabetonspecialist;softtech;sophiebroeders;thecuckoosnest;thehealthychef;thejack;uwdakgarantie;woodpaneel;yourmedia;zainalrawi,craft+geo,2,0.173,0.38,1.0,0.256,0.222,1.0,,,,,,,,,,,,,,,,0,,57,38,,,15,27,3,11,6,1,0,2025,0.132,0.053,0.333,0.593,1.0,0.364,0.333,1.0,,SEO & organische vindbaarheid,Website & webdesign,Nederlandse stad of plaats,"Construction, real estate & housing",Website verouderd of nieuw nodig,Zakelijke afnemers (B2B),,True
fyndable.online,after,control,1.912,abelvandenakker;administratiekantoorbas;ags;autotresor;backtothemusic;bauwbouw;bertdersjant;boudewijnhoveniers;carkeyhouse;comtest;daktechniekgarantdaktechniek;decovitra;dehaagschebelegger;derekenmeestersaccountancyadvies;deresident;dezwemster;entjesadministratieenadvies;erwinblezer;frank;habetsmakelaardij;hittech;hoekinterieur;itgigant;jayramtahalsing;jjbvastgoed;juulverhuur;kippbouwkunde;koendijkstra;manondevlieger;marcplatschorre;melvinvanvelzen;miket;millmotorsport;musicismagic;newdeck;notebookoutlet;pimvandrimmelen;rable;radjenchotoe;rcjcboerman;ricksprengers;robertbridgeman;robverbeek;roelnortier;rokegabetonspecialist;roneras;sophiebroeders;studionourish;tanjaotten;tanjaottenfotografie;thehealthychef;tjeerdbruinsma;tomvanmaris;uwdakgarantie;woodpaneel;yourmedia;zainalrawi,craft+stage,2,0.322,0.566,0.28,0.198,0.166,0.235,0.625,11,27,7,17,17,6,3,0.545,0.741,0.429,0.353,0.353,0.333,0.667,0,28,96,57,10,29,25,47,10,23,26,9,4,2025,0.404,0.105,0.48,0.745,0.4,0.348,0.308,0.333,0.75,SEO & organische vindbaarheid,Website & webdesign,Regionaal (binnen Nederland),"Construction, real estate & housing",Website verouderd of nieuw nodig,Zakelijke afnemers (B2B),Startup / jong / groeiend,True
buro28.nl,after,narrower,1.525,campingderoos;color4kids;dasandereholland;depressievereniging;deverbinding;dierenkliniekwestervoortduiven;dieuwkeottens;erfgoedgelderland;erfgoedvrijwilliger;gelderland;geuzenwaard;hengelsportfederatiemiddennederland;homefood;huisenerfgoedcollectief;jachthavenhattem;jongerengildewandelnet;krachtdoorkunsterfgoedfestival;landgoeddevlaminckhorst;marcelubbink;marketingoost;nationalewandelmonitor;nederlandsopenluchtmuseum;overgrenzenvangelderlandenlimburg;postnl;praktijkvoorseksuelegezondheidhaarlemnoord;provincieutrecht;regionaalbureauvoortoerismerivierenland;regiosinoverijsselengelderlandeneuregio;rivierenland;routebureaubrabant;rtvarnhem;sportservicerhenen;sportvisserijoostnederland;stichtingcolour4kids;toerismeveluwearnhemnijmegen;tradekar;tvan;visitheartofholland;wandelnet;weddingbelles,craft+geo,2,1.0,0.479,0.363,0.156,,1.0,1.0,0,11,3,0,0,1,0,,0.545,0.333,,,1.0,,18,27,109,40,7,13,1,38,19,8,0,1,1,2020,0.325,0.0,1.0,0.632,0.526,0.25,,1.0,1.0,Offline media & events,"Grafisch ontwerp, drukwerk & print",Regionaal (binnen Nederland),"Media, culture & entertainment",,Consumentenmarkt offline,Startup / jong / groeiend,False
chasemarketing.nl,after,control,2.872,18barbers;amerivast;amsterdamskinclinic;apsglassbarsupply;arcticblue;bamboa;beachclubfarout;bootschappenwatersport;bureauvijftig;debotoxspecialist;elisestore;enameuitvaartzorg;evimvloeren;eyecatchersluxe;fksports;goudverzekerd;infinitea;inifinitea;jmamsterdam;muchachomalo;nannar;nimanirealestate;oceanwideexpeditions;ottovino;procontact;realestatemasterclass;reandanetherlands;robosrealisatie;robostofzuigers;sagittariusone;scalaprojects;speldorado;stoneybracelets;thefinds;theorietoppers;tradeline;ttl;vanderblij;zorgoppas,model,1,0.245,0.131,0.235,0.124,0.125,0.66,0.325,18,30,10,20,18,4,5,0.389,0.233,0.4,0.2,0.167,1.0,1.0,8,2,131,39,0,37,25,34,19,31,27,10,13,2024,0.487,0.59,0.28,0.206,0.316,0.161,0.148,0.8,0.462,"SEA, display & overige paid advertising",Website & webdesign,Heel Nederland (landelijk),Healthcare & care,Advertenties & campagnes renderen niet,Webshop consumenten (D2C),Startup / jong / groeiend,False
360-onlinemarketing.com,before,control,1.0,megaprojects;nieuwmolen;ntmobile;stockperfume;westinghousehomeware,channel,1,0.556,0.28,,,,1.0,,,,,,,,,,,,,,,,0,,5,5,,,3,5,0,0,0,2,0,2025,0.0,0.0,0.667,0.4,,,,1.0,,Multi-channel & omnichannel,Online adverteren (paid ads),,,,Webshop consumenten (D2C),,False
360-onlinemarketing.com,after,control,1.0,megaprojects;nieuwmolen;ntmobile;stockperfume;westinghousehomeware,channel,1,0.556,0.28,,,,1.0,,0,0,0,0,0,0,0,,,,,,,,0,5,5,5,0,0,3,5,0,0,0,2,0,2025,0.0,0.0,0.667,0.4,,,,1.0,,Multi-channel & omnichannel,Online adverteren (paid ads),,,,Webshop consumenten (D2C),,False
delucro.nl,after,control,1.0,alzheimerzorgnederland;christmaswinkelnl;depalletvriend;helloflex;hydrauflushinternational;minersnederland;palmveineurope;virtupply;werkkampioen,craft,1,,0.506,,,,1.0,,0,0,0,0,0,0,0,,,,,,,,0,9,19,9,1,0,0,9,0,0,0,1,0,2024,0.0,0.0,,0.667,,,,1.0,,,Website & webdesign,,,,Webshop consumenten (D2C),,True
demakersvanmooi.nl,before,control,1.0,artsenzondergrenzen;f1tickets;gemeentedenhaag;groentenapotheek;horizonflevoland;peugeot;uniroyal,craft,1,,1.0,,,1.0,,,,,,,,,,,,,,,,,0,,8,7,,,0,4,0,0,1,0,0,2023,0.0,0.0,,1.0,,,1.0,,,,"Grafisch ontwerp, drukwerk & print",,,Content & creatieve productie,,,True
be-interactive.nl,before,control,2.5,abdijolvvankoningshoeven;gruijtersaluminium;logisticforce;reynaers;tjecco;wyt,,0,0.5,0.222,0.5,0.36,0.5,,0.5,,,,,,,,,,,,,,,0,,13,6,,,2,6,2,5,2,0,2,2025,0.667,0.0,0.5,0.333,0.5,0.4,0.5,,0.5,Multi-channel & omnichannel,Website & webdesign,Heel Nederland (landelijk),Manufacturing & industrial,Personeel werven & werkgeversmerk,,Groot / corporate / marktleider,True
dutchblue.nl,after,control,3.0,aggregated;autostradaroosendaal;baggagedeepblue;bocas;deepblue;factoringoazsubsidieadvies;fmtc;fznparts;gemeentelansingerland;goosevpn;grmexpertises;hitachiconstructionmachineryeurope;o2factoring;oazsubsidieadvies;rondomwerk;rooseveltkliniek;safetyo2;schuitemakersvishandel;soacare;villauk;voetbalprimeur,craft+channel,2,0.36,0.358,0.309,0.099,0.204,0.284,0.5,0,3,2,3,3,0,0,,0.667,0.5,0.333,0.333,,,2,15,34,21,5,6,10,18,9,18,17,9,2,2020,0.857,0.286,0.5,0.556,0.444,0.167,0.294,0.333,0.5,Multi-channel & omnichannel,Website & webdesign,Regionaal (binnen Nederland),Healthcare & care,Website verouderd of nieuw nodig,Consumentenmarkt offline,MKB / middelgroot,True
crcl.nl,after,control,1.0,360;certarental;festumeventsupplies;hmlbedding;plasticrecyclingcompany;streamwise;theperformance,craft,1,,0.44,,,,,,0,5,0,0,0,0,0,,0.6,,,,,,0,0,14,7,0,7,0,5,0,0,0,0,0,2020,0.0,0.0,,0.6,,,,,,,Branding & huisstijl,,,,,,True
accentinteractive.nl,before,narrower,1.5,grovet;nnvo;vanbredariskbenefits;vitaminesperpost,craft+job,2,,0.556,1.0,0.5,0.556,,,,,,,,,,,,,,,,,0,,4,4,,,0,3,1,2,3,0,0,2025,0.0,0.0,,0.667,1.0,0.5,0.667,,,,Apps & maatwerk platforms,Internationaal / wereldwijd,Education & childcare,Groei & nieuwe markten,,,True
accentinteractive.nl,after,narrower,1.5,grovet;nnvo;vanbredariskbenefits;vitaminesperpost,craft+job,2,,0.556,1.0,0.5,0.556,,,0,0,0,0,0,0,0,,,,,,,,0,4,4,4,0,0,0,3,1,2,3,0,0,2025,0.0,0.0,,0.667,1.0,0.5,0.667,,,,Apps & maatwerk platforms,Internationaal / wereldwijd,Education & childcare,Groei & nieuwe markten,,,True
achieve.nl,after,control,1.405,adirectcarparts;alialshamary;ayeway;cabbyrentals;careerrebels;decathlon;denizkaradirekkibaroglu;frootie;gemeentewestbrabant;giftedtigers;greenteam;hakan;jimdavids;jskonings;kevinhermans;kortingcentrum;markvanzijp;melikecagan;memphistours;mevsen;moustafanasr;muratbolat;qartago;ricardopuril;ronvandam;rpu;sarakamah;sequoiaclinic;shaquillejormohamed;sharkysgym;surprisecompany;sushitoday;vnmshop;wfeng;wrppn;zcnzzv;zlemsara,craft,1,1.0,0.515,,0.138,1.0,1.0,,1,13,0,15,1,2,0,1.0,0.692,,0.2,1.0,1.0,,0,0,37,37,0,37,1,13,0,15,1,2,0,2023,0.0,0.0,1.0,0.692,,0.2,1.0,1.0,,Multi-channel & omnichannel,Website & webdesign,,"Hospitality, tourism, sports & recreation",Website verouderd of nieuw nodig,Webshop consumenten (D2C),,False
faktor22.nl,before,narrower,3.333,artsportaal;chiropractierevalidatienijmegen;fysiochirowijchen;goedrechtadvocaten;gsmswitch;iddance;kinderfysiotherapiemorel;operationalcare;operationalcarebhvinnijmegen;queencenter;rofraline;tizdesign,craft+geo,2,0.306,0.42,0.375,0.16,0.2,0.333,0.36,,,,,,,,,,,,,,,0,,13,12,,,7,10,8,9,10,3,5,2020,0.75,0.833,0.429,0.5,0.5,0.222,0.3,0.333,0.4,SEO & organische vindbaarheid,Branding & huisstijl,Nederlandse stad of plaats,"Hospitality, tourism, sports & recreation",Naamsbekendheid & zichtbaarheid,Zakelijke afnemers (B2B),Klein / zelfstandig,False
cieremansvanreijn.nl,after,control,2.25,amgebiedsontwikkeling;amvest;bpdbouwfondsgebiedsontwikkeling;bpdontwikkeling;caesarspa;cuvouitvaartzorg;debrandmeestersvooriedereeneenwarmthuis;devolharding;docksidewonenaandehavenlevenaanhetstrand;fusionamsterdam;gemeentedenhaag;gemeenteschiedammaassluismiddendelflandvlaardingenwestlandhoogheemraadschapvandelflandrijkswaterstaatzuidhollandenrioned;gemeentewassenaar;kavelvastgoed;ministerievansocialezakenenwerkgelegenheid;monchythehague;museumkwartier;nexusnextlevelliving;openbarebibliotheekdenhaag;respectwonenzorgwelzijn;rivarealestate;roofgarden;roofgardenlivingupleveldowntown;sensrealestate;sophiarevalidatie;steltmanjuwelier;thuisinuwwijk;waaijerprojectrealisatie,craft+stage+geo,3,0.29,0.5,0.876,0.148,0.306,,1.0,7,9,5,4,4,0,2,0.286,0.667,0.8,0.25,0.25,,1.0,5,11,38,28,123,17,13,20,15,13,11,0,4,2024,0.714,0.036,0.462,0.5,0.933,0.231,0.364,,1.0,Social media organisch,Branding & huisstijl,Nederlandse stad of plaats,"Construction, real estate & housing",Naamsbekendheid & zichtbaarheid,,Omvang in cijfers,True
bsetmedia.nl,before,control,1.278,adreindersvleesrokerijzouterij;boimago;bureaudemat;deinnovatiemakelaar;dewandelcoach;facilitydealnl;gasoil;hoefnagelspecialaloys;ilsettimoborgo;imagonederland;in2action;liannevangenugten;odekerkenlogopedie;protass;relatietherapiezwolle;ssfacilityservices;successieinbedrijf;technoselect,craft,1,,0.708,1.0,0.25,1.0,,,,,,,,,,,,,,,,,1,,26,18,,,0,12,1,4,2,0,0,2025,0.0,0.0,,0.833,1.0,0.25,1.0,,,,Website & webdesign,Specifiek buitenland,"Hospitality, tourism, sports & recreation","Merk, huisstijl & verhaal",,,True
dunepebbler.nl,before,control,2.632,bouwgroephorsmanco;chronos;faasassurantin;gemeentekatwijk;juweliershuysvanveensimons;ltafbouw;nederlandsvisbureau;openarchitects;ouwehandbouw;pasman;renward;schoutenschoenen;sophiascholen;vanrhijnbouw;waalpartners;weboma;wonenlacarte;youvia;zegersbouw,geo,1,0.22,0.202,0.755,0.256,0.218,0.5,0.5,,,,,,,,,,,,,,,0,,23,19,,,10,19,14,11,15,2,2,2023,1.0,0.053,0.3,0.316,0.857,0.364,0.333,0.5,0.5,Multi-channel & omnichannel,Branding & huisstijl,Nederlandse stad of plaats,"Construction, real estate & housing",Lancering nieuw product of concept,"Overheid, zorg & onderwijs",Omvang in cijfers,False
designpro.nl,after,control,2.123,aannemersbedrijfaschouten;aarnoudsetransportmiddelen;adcim;antoniushoeve;architectenbureaujanbuijs;autohuisbenschop;bbbijonsaandehem;chateaumelay;cleanplan;cleanwatersystems;cortenoord;deruijtertuinen;desleutel;dudoaanhangwagens;dutchceramics;empowerrecruitment;fleurrecruitment;garageschouten;gasolec;gevelherstel;goedegebuurrecycling;gpafbouw;groeneveldriooltechniek;haarwerkcentrumzoetermeer;hansrietveldagrarischadvies;heiteinterieurbouw;hetverkeerscollege;hoefblok;installatiebedrijfvanbentem;keukenateliermaats;knallertmarket;kokschoonmaak;liquidrebels;littlejoya;magazijnwagens;mmulder;nautesund;oskambodegraven;pannenkoekenrestaurantonderdemolen;parketloods;ratuculinair;roelofsfoodcentre;ronaldvaneijk;ruitershopwarmer;scootmobielplezier;sin;solarking;steuer;tensen2wielers;tensentweewielers;tulsmeubeldesign;vagnetics;vanbeelen;vankatsmachines;veerdienstschoonhoven;verfcompleet;verheijaannemers,craft+channel,2,0.449,0.646,0.25,0.149,0.265,0.344,0.5,11,32,2,14,23,7,1,0.636,0.781,0.5,0.286,0.435,0.429,1.0,0,0,106,57,0,57,14,39,4,23,33,8,2,2023,0.386,0.316,0.643,0.795,0.25,0.217,0.424,0.375,0.5,SEO & organische vindbaarheid,Website & webdesign,Nederlandse stad of plaats,Retail & e-commerce (general consumer goods),Website verouderd of nieuw nodig,Webshop consumenten (D2C),Startup / jong / groeiend,True
bigfat.nl,after,control,2.765,auga;dufor;hendrikscoffee;ijsselzorg;ingage;inter;jazo;kinkeldermetalsolutions;knvbtalentteam;liemerscollege;lifemobility;museazutphen;museumvillamondriaan;nedcon;sharethatquote;theaddamsfamily;topp,craft+job+model,3,0.5,0.557,0.333,0.143,0.551,0.556,,1,17,1,10,5,1,0,1.0,0.471,1.0,0.2,0.8,1.0,,0,0,25,17,0,17,2,17,3,14,7,3,0,2020,0.882,0.059,0.5,0.706,0.333,0.214,0.714,0.667,,"SEA, display & overige paid advertising",Website & webdesign,Internationaal / wereldwijd,"Media, culture & entertainment",Website verouderd of nieuw nodig,Zakelijke afnemers (B2B),,False
bigfish.nl,after,narrower,1.0,113;113zelfmoordpreventie;anwb;eneco;esig;northc;prorail;rinkel;starafoods;tennet;vacanceselect,craft,1,1.0,0.556,1.0,,1.0,,,1,3,1,0,1,0,0,1.0,0.667,1.0,,1.0,,,0,0,11,11,0,11,1,3,1,0,1,0,0,2025,0.0,0.0,1.0,0.667,1.0,,1.0,,,"Content, video & PR","Video, animatie & fotografie",Nederland plus buurlanden,,Naamsbekendheid & zichtbaarheid,,,False
8ontwerp.nl,after,control,1.938,assetmanagementawareness;basfconnected2care;basfcorporatedrukwerk;basfnederland;bertplantagie;daanadvocatuurmediators;igepa1010;igepamailings;igepanederland;imagile;kwbn;prointensafrica;safetygo;scrumbld;simpuls;simwall,craft+job,2,1.0,0.564,0.5,0.167,1.0,,1.0,0,3,1,2,2,0,0,,0.667,1.0,0.5,1.0,,,1,13,26,16,0,3,1,15,2,6,3,0,1,2023,0.5,0.0,1.0,0.733,0.5,0.167,1.0,,1.0,Website & CMS,"Grafisch ontwerp, drukwerk & print",Specifiek buitenland,Education & childcare,"Merk, huisstijl & verhaal",,Groot / corporate / marktleider,False
90graden.com,before,control,1.3,aafje;centrop;gemeenteamstelveen;gemeenteamstelveenafvalsorteren;gemeentekrimpen;gemeentekrimpenafvalsorteren;gemeentekrimpendegrotekruising;magiccare;rvent;sophiakinderziekenhuis,industry+craft,2,,0.375,1.0,0.556,0.5,,1.0,,,,,,,,,,,,,,,0,,25,10,,,0,4,1,3,2,0,2,2023,0.0,0.0,,0.5,1.0,0.667,0.5,,1.0,,Branding & huisstijl,Nederlandse stad of plaats,"Nonprofits, charities & associations",Bewustwording & gedragsverandering,,Omvang in cijfers,False
contentcoalitie.nl,before,control,2.824,agoratheaterlelystad;astcartechnics;aviodrome;bmodesto;broodenbanketbakkerijprins;byzz;gabrilschoolputten;gemeenteharderwijk;nationaalsinterklaasmuseum;profendum;royalfence;sbpe;stichtingbasisvoorzieningpeuterspeelzaalwerkermelo;takeoffmarine;toptop;vakmanspaltman;voortekst,channel+stage+geo,3,0.344,0.246,0.455,0.102,0.236,0.5,1.0,,,,,,,,,,,,,,,0,,44,17,,,8,17,11,15,12,2,3,2023,0.941,0.0,0.5,0.412,0.636,0.133,0.417,0.5,1.0,Multi-channel & omnichannel,Branding & huisstijl,Nederlandse stad of plaats,"Staffing, recruitment & HR","Merk, huisstijl & verhaal",Zakelijke afnemers (B2B),Omvang in cijfers,True
alion.nl,after,control,2.905,cannock;commit;compananny;edr;helin;llo;onefit;onkd;planetbio;rabobank;rijnmondreclame;sns;spectralindustries;sping;steelprotection;styr;tjip;tma;verve;vsvk;wecare,job+channel+model+stage,4,0.345,0.315,0.264,0.111,0.35,0.42,0.389,15,16,9,13,15,7,3,0.533,0.375,0.222,0.154,0.6,0.714,0.333,0,5,31,21,25,16,20,21,12,18,20,10,6,2023,0.952,0.048,0.55,0.381,0.417,0.167,0.55,0.6,0.5,Website & CMS,Website & webdesign,Heel Nederland (landelijk),Finance & insurance,"Merk, huisstijl & verhaal",Zakelijke afnemers (B2B),Omvang in cijfers,True
flax.marketing,before,control,2.0,beerselektro;eurorijn;myqconformiso;qalkoen;vestitidelcapo,,0,,,,,,,,,,,,,,,,,,,,,,0,,15,5,,,0,0,0,0,0,0,0,2023,1.0,0.0,,,,,,,,,,,,,,,False
flax.marketing,after,control,1.1,beerselektro;beerselektrotechniekservice;companygolfclub;conformisomyq;eurorijn;innoessentialssilkn;myqconformiso;qalkoen;vestitidelcapo;weareflax,,0,,0.5,,1.0,0.5,,,0,2,0,0,3,0,0,,0.5,,,0.667,,,0,5,21,10,0,5,0,2,0,1,2,0,0,2023,0.0,0.0,,0.5,,1.0,0.5,,,,Campagnes & creatieve concepten,,Manufacturing & industrial,Lancering nieuw product of concept,,,False
contentcoalitie.nl,after,control,2.722,agoratheaterlelystad;astcartechnics;aviodrome;bmodesto;broodenbanketbakkerijprins;byzz;gabrilschoolputten;gemeenteharderwijk;nationaalsinterklaasmuseum;profendum;royalfence;sbpe;stichtingbasisvoorzieningpeuterspeelzaalwerkermelo;takeoffmarine;toptop;vakmanspaltman;verenigingnatuurlevenentechniek;voortekst,stage+geo,2,0.281,0.26,0.388,0.102,0.183,0.333,0.625,0,1,0,0,0,0,0,,1.0,,,,,,0,17,45,18,0,1,8,17,11,15,13,3,4,2023,0.889,0.0,0.375,0.412,0.545,0.133,0.308,0.333,0.75,Website & CMS,Branding & huisstijl,Nederlandse stad of plaats,"Transport, logistics & automotive","Merk, huisstijl & verhaal",Zakelijke afnemers (B2B),Omvang in cijfers,True
bona-agency.com,before,control,1.0,glaucidae;iknowly;visionesg,,0,,,,,,,,,,,,,,,,,,,,,,0,,3,3,,,0,0,0,0,0,0,0,2025,0.0,0.0,,,,,,,,,,,,,,,True
amigosagency.nl,before,control,1.2,3tac;4excellence;cbyte;compac;fitsport;maashorstcatering;mastwerk;oneminutecoaching;sparked;sparkedworks,,0,,0.34,1.0,1.0,1.0,,,,,,,,,,,,,,,,,0,,12,10,,,0,10,1,1,1,0,0,2023,0.1,0.0,,0.4,1.0,1.0,1.0,,,,Website & webdesign,Regionaal (binnen Nederland),"Staffing, recruitment & HR",Naamsbekendheid & zichtbaarheid,,,False
amigosagency.nl,after,control,1.92,3tac;alcanside;bierbrouwerijoijen;bionova;carboulevard;cbytedigital;climx;cmbbouw;compacservices;design4excellence;dutchtecsource;dynamics4business;emessen;fitsport;lisawilhelmina;mastwerk;oneminutecoaching;prinsenberning;rozemarijnnaturalcare;sandersmachinebouw;sbs;sparkedworks;supremecarstore;suprememotorsport;vandebeeten,model,1,0.278,0.186,0.278,0.174,0.174,0.429,0.333,5,18,6,10,10,6,3,0.4,0.222,0.333,0.3,0.3,0.5,0.333,0,5,38,25,5,20,6,22,6,11,11,7,3,2023,0.44,0.04,0.333,0.318,0.333,0.273,0.273,0.571,0.333,"SEA, display & overige paid advertising",UX/UI & interface design,Internationaal / wereldwijd,"Food, beverage & agriculture","Merk, huisstijl & verhaal",Zakelijke afnemers (B2B),Startup / jong / groeiend,True
dd-h.com,after,narrower,2.259,azulkaffee;boncha;casamia;citybrewery;citybrewingbeverage;colt45;docresearchinstitute;gorilla;idelia;kvartals;lidskaepivo;lukoil;marevenfoodholdingsltd;mastelli;megapack;mosbrew;narochvinokurnya;oasis;obolon;pabst;perfectsmile;pershapryvatnabrovarnya;poetbrewerybar;reeva;revision;solignac;unibenfoodsvietnam,industry+craft+job+stage+geo,5,0.5,0.806,0.42,0.578,0.82,,0.556,1,18,8,15,10,0,3,1.0,0.889,0.5,0.733,0.9,,0.667,0,3,34,27,9,24,2,19,10,16,10,0,3,2024,0.63,0.037,0.5,0.895,0.6,0.75,0.9,,0.667,Offline media & events,Branding & huisstijl,Specifiek buitenland,"Food, beverage & agriculture","Merk, huisstijl & verhaal",,Groot / corporate / marktleider,True
alientrick.com,after,control,1.051,2000;apetito;axero;axerobedrijfsfilm;demonnikdranken;gemeentehengelo;groenestrijders;harmankardon;harmankardonaurastudio3;harmankardoncitation200;harmankardoncitationoasis;harmankardononyx7;harmankardonsoundsticks;hessaac;huttenkloas;iamfluidics;jbl;jblendurancepeakii;jblquantum;jblreflectcontourfit;jeffreyspalburg;lilcloud;lindt;magistor;metropool;osghengelo;philips;philipsxlineise2020;predia;qoffy;rosen;senzamobile;smarttalentgrid;striker;structuregroup;stygos;telecomvisie;twentspoppodium;veldkoeltechniek,channel,1,0.68,0.358,,1.0,1.0,,,3,35,0,1,1,0,0,1.0,0.543,,1.0,1.0,,,0,4,48,39,4,35,5,39,0,1,1,0,0,2020,0.026,0.0,0.8,0.487,,1.0,1.0,,,Website & CMS,"Video, animatie & fotografie",,"Construction, real estate & housing",Website verouderd of nieuw nodig,,,False
alion.nl,before,control,1.7,action;anwb;arag;beemainsurance;bluemovement;cannock;cead;cfdynamiek;compananny;debicker;falcon;feenstra;footy;helin;homematching;ids;intersaction;isostar;lagersmit;mshebjenietalleen;nextleveladvertising;niptcampagne;nutritionsante;snsmonnie;transavia;vanmierlo;vsvk;wecare;weightcare;woonnu,channel+model+stage,3,0.522,0.202,,0.215,1.0,1.0,0.556,,,,,,,,,,,,,,,0,,32,30,,,17,30,0,20,1,6,3,2023,0.033,0.0,0.706,0.3,,0.3,1.0,1.0,0.667,Website & CMS,Campagnes & creatieve concepten,,Healthcare & care,Personeel werven & werkgeversmerk,Zakelijke afnemers (B2B),Startup / jong / groeiend,False
born05.com,before,control,1.0,eneco;ing;klm;kpn;lorespresso;senseo,,0,,1.0,,,,,,,,,,,,,,,,,,,,0,,7,6,,,0,1,0,0,0,0,0,2015,0.0,0.0,,1.0,,,,,,,"Grafisch ontwerp, drukwerk & print",,,,,,False
born05.com,after,control,1.0,albertheijn;bolcom;klm,,0,,,,,,,,0,0,0,0,0,0,0,,,,,,,,1,1,6,3,5,2,0,0,0,0,0,0,0,2015,0.0,0.0,,,,,,,,,,,,,,,False
brainstormenconcept.nl,before,control,1.333,lambweston;rwe;stichtingzuylen,,0,,0.333,,1.0,,,,,,,,,,,,,,,,,,0,,3,3,,,0,3,0,1,0,0,0,2020,0.0,0.0,,0.333,,1.0,,,,,Apps & maatwerk platforms,,Business & professional services,,,,True
crossmediahouse.nl,before,control,2.85,abcautoonderdelen;armdoors;autovaneerde;bluesakura;dimpact;ecofry;expandior;lefigaro;marcelkonmakelaardij;nijhofsafety;petsco;prosenectute;schroeffunderingnl;senzora;sunchip;tulpkeukens;tulpproductie;valvoline;verbeekfluidsolutions;zorgaccent,model,1,0.181,0.21,0.278,0.128,0.167,0.556,0.5,,,,,,,,,,,,,,,0,,29,20,,,12,18,12,17,12,3,2,2024,0.75,0.25,0.333,0.333,0.417,0.235,0.25,0.667,0.5,SEO & organische vindbaarheid,Website & webdesign,Regionaal (binnen Nederland),Manufacturing & industrial,Naamsbekendheid & zichtbaarheid,Zakelijke afnemers (B2B),Klein / zelfstandig,False
converzo.nl,after,narrower,1.767,4x4center;4x4centernl;adgoossens;amarensschuurmans;andreenericagodschalk;andregodschalk;anneloesdekort;atlasprivdetective;bartroos;basvangestel;bizonsoftware;blikhr;btm;cope;dennisvane;detoestroom;districtsocial;dolcevillas;drageninschagen;drageninschagennl;droomtuynen;ecozo;eengelukkigehondnl;ellesnijkamp;epilepsiescholingennl;ericagodschalk;erikmolenaar;euregiojeugdorkest;europost;flexrex;fongers;gate2;goedgepickt;guusvandewal;hansvanzelst;harmvrijsen;heerbeeckenkempenhorstcollege;highcarecleanrooms;horseflex;ilonabrands;ingridarnou;interteach;joostbeelenkamp;joostscholte;jsegers;keetjeaant;klessebasjes;lindagroeneveld;lococlassics;lycogel;malouvanloon;marcelgremm;martijnvanzelst;mooovfilmdistribution;natec;nicoleterdoest;nielsboers;notjustanother;onbattery;ontwerpvandeburentilburg;paul;qmonkeys;raintanks;roymansbevestigingsmaterialen;seccinterieur;seenfoundation;sociaaldomeinmlo;sofiemeijs;solidsurface;spirello;stadmettoekomst;stercollege;stijnvanderloo;susanvanzelst;swinkelsfamilybrewers;taalkracht;totaalboombrabant;trudydeweerd;uniqueexterior;uniquetrees;vandriel;vanhamond;vanierlandinterieurbouw;wanderinterieur;waterprof;werkenbijkse;werkenbijnatec;willemlepelaars;williamedwards;witgoedservicecc,craft+model+stage,3,0.366,0.363,0.296,0.08,0.319,0.42,0.429,9,17,3,19,2,3,0,0.667,0.588,0.333,0.263,0.5,0.667,,1,55,112,90,11,35,25,43,14,45,12,10,7,2023,0.256,0.0,0.48,0.558,0.429,0.156,0.417,0.5,0.571,Website & CMS,Website & webdesign,Regionaal (binnen Nederland),"Construction, real estate & housing",Website verouderd of nieuw nodig,Webshop consumenten (D2C),Familiebedrijf / gevestigd met historie,True
convident.nl,before,control,1.1,ankercrewinsurance;bcmouderenzorg;convimedia;corlido;debewindvoerster;homanslapen;kansrijkberoepgemeentegroningen;revamed;talisarijfkogelkoopman;umcgcentrumvoortandheelkunde,craft,1,,0.556,,1.0,,,,,,,,,,,,,,,,,,0,,10,10,,,0,3,0,1,0,0,0,2022,0.0,0.0,,0.667,,1.0,,,,,Website & webdesign,,Finance & insurance,,,,True
bureaudrp.nl,after,control,1.909,actium;csvincentvangogh;duurzaamheidscentrum;interzorg;kindcentrumhetpalet;plateau;stadsmarketingassen;sterktechniekonderwijs;tcb;ttcityrun;woonwensfabriek,industry+craft+job+stage+geo,5,1.0,0.438,1.0,0.44,0.375,,1.0,2,7,3,4,3,0,2,1.0,0.571,1.0,0.75,0.667,,1.0,0,1,11,11,6,10,2,8,3,5,4,0,3,2023,0.455,0.0,1.0,0.625,1.0,0.6,0.5,,1.0,Social media organisch,Branding & huisstijl,Nederlandse stad of plaats,Education & childcare,"Merk, huisstijl & verhaal",,Omvang in cijfers,True
codebreakers.nl,after,narrower,1.7,autobedrijfdebaaij;dehonneurs;exonet;ivothijssen;metaboolgezond;nimma;santasoffice;spreekbier;theroots;transactionart,,0,,,1.0,0.222,0.333,,,0,0,0,0,0,0,0,,,,,,,,0,10,11,10,0,0,0,0,1,6,6,0,0,2022,0.0,0.0,,,1.0,0.333,0.333,,,,,Nederlandse stad of plaats,Education & childcare,Lancering nieuw product of concept,,,False
colourcake.com,before,control,1.0,buddhatobuddha;comfortstudio;netflix;nike,,0,,,,,,,,,,,,,,,,,,,,,,0,,4,4,,,0,0,0,0,0,0,0,2023,0.0,0.0,,,,,,,,,,,,,,,True
colourcake.com,after,control,1.333,gorillas;nike;pinkgellac;sidestep;theavocadoshow;tommyhilfiger,,0,,0.36,,0.5,,,,0,5,0,2,0,0,0,,0.4,,0.5,,,,0,1,6,6,3,5,0,5,0,2,0,0,0,2023,0.0,0.0,,0.4,,0.5,,,,,Strategie & advies,,"Fashion, beauty & personal goods",,,,True
demakersvanmooi.nl,after,control,1.895,2dehandsbe;aanutwater;artsenzondergrenzen;eurorepar;f1tickets;gemeentedenhaag;greenhealthsolutions;groentenapotheek;hoam;horizonflevoland;jmt;koningspalm;megatyre;omfl;onderlingerijnenaar;peugeot;pireco;timdm;uniroyal,craft,1,0.333,0.541,1.0,0.278,0.2,1.0,,1,1,0,1,0,0,0,1.0,1.0,,1.0,,,,0,7,50,19,0,12,3,14,1,6,5,1,0,2023,0.579,0.0,0.333,0.714,1.0,0.333,0.2,1.0,,Offline media & events,"Grafisch ontwerp, drukwerk & print",Heel Nederland (landelijk),Business & professional services,Content & creatieve productie,Zakelijke afnemers (B2B),,True
4foot8.nl,before,control,1.8,deinktpot;dreamsambitions;dsm;innovation;medtroniccardiacsurgery;medtroniccardiovascularoperationskerkrade;medtroniceuropehumanresources;medtronicheerlen;medtronicheerleneoc;medtronicnederlandpackagingcustomizing;medtronictransportationemeacentraleuropedistributioncentre;mosa;mosacirculareconomyexplainer;ombudscommissie;pcard;pvda;pvdaalbertnuss;pvdamaastricht;pvdamaastricht2018;pvdamanonfokke;pvdasocialmedia;sirlyonefoundation;sterilizationprocess;stichtingmoetiaramaloekoe;streetstyle,job+channel+geo,3,0.333,0.278,0.333,0.167,0.389,,,,,,,,,,,,,,,,,13,,47,25,,,6,12,6,6,6,0,0,2024,0.56,0.0,0.5,0.417,0.5,0.167,0.5,,,"E-mail, CRM & marketing automation","Video, animatie & fotografie",Europa,Government & public sector,Bewustwording & gedragsverandering,,,True
comm-on.nu,after,control,3.071,alvivahuisartsenpraktijk;debodegraafsekaasboer;delta;delta8211bestelstraat;deruijterstrategie;ecorent;finncolors;motopainthogenboom;poelman;promove;redriver8211vaneck;redrivervaneck;royalreesink;zwammerdam,channel+model+stage,3,0.506,0.29,0.278,0.148,0.289,0.52,0.44,1,3,0,1,0,1,1,1.0,0.667,,1.0,,1.0,1.0,0,11,75,14,6,3,9,13,6,13,11,5,5,2025,0.857,0.286,0.556,0.462,0.333,0.231,0.364,0.6,0.6,Webshop & e-commerceplatform,Website & webdesign,Internationaal / wereldwijd,"Food, beverage & agriculture",Webshop & online verkoop,Gemengd,Omvang in cijfers,True
commar.nl,before,narrower,1.0,albertschweitzerziekenhuis;fruitpro;ronellwaaijenberg;verheijintegralegroenzorg,,0,0.5,0.5,,,,,,,,,,,,,,,,,,,,0,,4,4,,,2,2,0,0,0,0,0,2023,0.0,0.0,0.5,0.5,,,,,,Multi-channel & omnichannel,Website & webdesign,,,,,,False
create-convert.nl,after,narrower,3.222,draisma;draismabouw;morgofolietechniek;ocdopleidingen;qdp;studioruigrok;wijverhurenprinters;wijverhurenprintersnl;yourdatacompany,job+channel,2,0.551,0.184,1.0,0.28,0.5,1.0,,0,1,0,1,0,0,0,,1.0,,1.0,,,,0,2,44,9,8,7,7,7,1,5,6,2,0,2024,0.778,0.778,0.714,0.286,1.0,0.4,0.5,1.0,,SEO & organische vindbaarheid,SEO & vindbaarheid,Nederlandse stad of plaats,"Construction, real estate & housing",Naamsbekendheid & zichtbaarheid,Zakelijke afnemers (B2B),,True
bengelmedia.nl,before,control,2.625,abrandnewday;aerestrainingscentreinternational;centreforhumandrugresearch;chdr;cocohazel;curaaotoeristenbureaueuropa;datadogs;davincivertalingen;detrybe;greenbergtraurig;hetactiefonds;hetoogfonds;hospitalityheroes;hstens;kinderpostzegels;missionsummit;oneplus;slaapboulevardkwakernaat;stichtingmsresearch;stichtingproefdiervrij;stotsoptiek;svh;waterpik;zwitserlandtoerisme,model,1,0.204,0.16,0.21,0.133,0.119,0.52,1.0,,,,,,,,,,,,,,,2,,31,24,,,17,24,9,16,19,5,1,2023,0.833,0.125,0.294,0.25,0.222,0.188,0.211,0.6,1.0,Social media organisch,Strategie & advies,Heel Nederland (landelijk),"Hospitality, tourism, sports & recreation",Naamsbekendheid & zichtbaarheid,Consumentenmarkt offline,Familiebedrijf / gevestigd met historie,True
echeloncreations.nl,after,control,2.0,prieminterimfm;trechtuitputten,,0,,0.5,1.0,,0.5,,,0,1,1,0,1,0,0,,1.0,1.0,,1.0,,,0,1,2,2,1,1,0,2,2,0,2,0,0,2024,1.0,0.0,,0.5,1.0,,0.5,,,,Branding & huisstijl,Nederlandse stad of plaats,,"Merk, huisstijl & verhaal",,,False
designchefs.nl,before,control,3.0,aardappelstal;deukencentrum;duni;kstrading;leerfabels;pieters;slijterijnelis;vossolar,job+geo,2,0.25,0.25,0.556,0.156,0.333,0.333,0.5,,,,,,,,,,,,,,,4,,31,8,,,8,8,3,8,6,3,2,2024,1.0,0.0,0.375,0.375,0.667,0.25,0.5,0.333,0.5,"Branding, campagne & activatie",Website & webdesign,Regionaal (binnen Nederland),"Construction, real estate & housing","Merk, huisstijl & verhaal",Consumentenmarkt offline,Groot / corporate / marktleider,False
freshheads.com,after,narrower,3.0,aanpakkers;achmea;akwaggz;akwamentalhealthcare;appjection;becxverhuur;centraalbeheer;cocoroco;haskoning;ofed;quiet;quista;roan;roanluxurycampingholidays;roanluxurycampingvacations;serviceapotheek;skilz;standbyzorg;tbiholdings;youngones,craft+job+model+stage,4,0.167,0.496,0.25,0.129,0.306,0.5,0.389,2,6,3,3,3,1,1,0.5,0.833,0.333,0.333,0.333,1.0,1.0,0,13,56,20,5,7,6,19,8,15,12,6,6,2025,0.75,0.5,0.167,0.684,0.375,0.2,0.5,0.667,0.5,Apps & custom platforms,Apps & maatwerk platforms,Nederlandse stad of plaats,Healthcare & care,Maatwerk software & efficiëntere processen,SaaS & software,Omvang in cijfers,False
findfactory.nl,before,control,3.1,cabbin;debresser;dedesign;derooipannen;fijnweekend;hellochair;ikpas;jimmygreen;knitted;maxicosi;megagenbenelux;monsieursaucisson;restaurantnoek;sligrosolutions;tapijtcentrumnederland;tarkett;timeon;webworx;wickey;zonnelux,,0,0.343,0.185,0.174,0.154,0.185,0.222,0.219,,,,,,,,,,,,,,,0,,32,20,,,17,20,11,18,18,6,8,2025,0.95,0.25,0.471,0.3,0.273,0.278,0.278,0.333,0.25,Multi-channel & omnichannel,Branding & huisstijl,Heel Nederland (landelijk),Retail & e-commerce (general consumer goods),"Merk, huisstijl & verhaal",Zakelijke afnemers (B2B),Startup / jong / groeiend,True
avancecommunicatie.nl,after,control,1.735,alliantieenvoedingindezorg;baggerdepothollandschdiepcombinatiedeboerenvanderkamp;bedrijvenkringzutphen;budstolhuis;daappelendejong;daat;dalliantieenvoedingindezorg;ddijkhofbouw;deltachesterfield;dijkgraaf;dijkhofbouw;dijkhofhoutbouw;dijkhofkozijnen;dominicanenkloosterhuissen;europrofs;itip;josbeereswijnkoperij;ketenstandaardbouweninstallatie;kloosterhuissen;lesgnreux;mijnjaarplannen;mocia;mvh;mvhsolutionsforparts;pbdetachering;primesolutions;qbuz;skbg;smitjefit;snaaksestreken;stichtingalliantievoedingindezorg;stichtingsportkompas;woab;ziekenhuisgeldersevallei,,0,0.207,0.257,0.36,0.136,0.133,0.347,1.0,6,18,2,6,6,1,1,0.333,0.389,0.5,0.333,0.333,1.0,1.0,0,11,36,34,1,23,11,27,5,13,14,7,2,2025,0.324,0.029,0.273,0.407,0.4,0.231,0.214,0.429,1.0,Multi-channel & omnichannel,Website & webdesign,Nederlandse stad of plaats,Manufacturing & industrial,Maatwerk software & efficiëntere processen,Gemengd,Omvang in cijfers,False
de-reclamefabriek.nl,after,narrower,2.0,albron;aldi;bol;makro;praxis;raiamsterdam,job,1,1.0,0.333,1.0,1.0,0.556,,,0,0,0,0,0,0,0,,,,,,,,0,6,14,6,1,0,1,3,1,2,3,0,0,2025,0.5,0.167,1.0,0.333,1.0,1.0,0.667,,,Offline media & events,Campagnes & creatieve concepten,Heel Nederland (landelijk),Retail & e-commerce (general consumer goods),Content & creatieve productie,,,False
declubb.com,after,narrower,1.0,device;renewtech,,0,,0.5,,,,1.0,,0,2,0,0,0,1,0,,0.5,,,,1.0,,1,0,3,2,0,2,0,2,0,0,0,1,0,2023,0.0,0.0,,0.5,,,,1.0,,,"Outcome-verkoop (leads, omzet, groei)",,,,Zakelijke afnemers (B2B),,False
degelijkdesign.nl,before,control,1.0,abmfn;brandweergroningen;cherrytwist;dilemmagame;waterbedrijfgroningen,,0,,,,,,,,,,,,,,,,,,,,,,2,,8,5,,,0,0,0,0,0,0,0,2023,0.0,0.0,,,,,,,,,,,,,,,False
flink.nl,before,narrower,3.0,actiz;amsta;dutchwatersector;europeanlotteries;fme;goudappel;hendrickdekeyser;mijnwebwinkel;netherlandswaterpartnership;prowareness;snpnatuurreizen;staedion;synerkri;thehagueconventionbureau;thehaguemarketingbureau;volkerwessels,craft+channel+stage,3,0.592,0.438,0.306,0.138,0.236,0.36,0.625,,,,,,,,,,,,,,,0,,16,16,,,7,16,11,15,12,5,8,2024,1.0,0.062,0.714,0.625,0.364,0.267,0.333,0.4,0.75,Website & CMS,Strategie & advies,Internationaal / wereldwijd,"Nonprofits, charities & associations",Website verouderd of nieuw nodig,"Overheid, zorg & onderwijs",Omvang in cijfers,False
baasenbaas.nl,before,control,1.405,actief65;actief65plus;alpacaloca;antonianamsterdam;avalonconnect;backtoblack;bamboobasics;c2b;cafewijs;cantinedecaron;curaloe;dappermaentje;dashboardbecis;eurvin;eventcare;funkyvinyl;hedgehogcompany;ismsecurityamsterdam;iwnet;kroonluchter;kuin;landgoedvalkenhorst;maggiesway;martijndewit;miisha;neeve;qsbdiensten;royalmotimahal;selancare;shyftmicrodosing;streetartmuseumamsterdam;studionoos;sunnyminds;thefriendlyhost;theocpcharityfoundation;valueblue;vanloman;vedfit;verbeterhaar;vesperadvocaten;watersportreus;yogisha,craft,1,0.235,0.429,1.0,0.5,0.5,,,,,,,,,,,,,,,,,0,,60,42,,,34,33,1,2,2,0,0,2023,0.048,0.31,0.382,0.636,1.0,0.5,0.5,,,"Data, tracking & CRO",Website & webdesign,Heel Nederland (landelijk),"Staffing, recruitment & HR",Beter vindbaar in Google,,,True
fffunction.studio,after,control,2.895,bellscomedyclub;bitsofspace;domusadam;energiek;envisions;gemeenteeindhoven;impactportfolio;kamu;maaskristinssonarchitecten;magarchitecten;moaie;playgroundsinternationalfilmfestival;playgroundsinternationalfilmfestivial;schommelaantafel;sexualhealing;studiolafo;studiosociaalcentraal;topcastmedia;ventigo,craft+job+model+stage+geo,5,0.333,0.432,0.429,0.148,0.582,0.389,0.594,3,13,5,13,11,4,6,0.333,0.615,0.6,0.154,0.727,0.5,0.833,0,5,23,19,3,14,3,18,7,18,15,6,8,2023,0.947,0.0,0.333,0.611,0.571,0.222,0.733,0.5,0.75,Multi-channel & omnichannel,Branding & huisstijl,Internationaal / wereldwijd,"Media, culture & entertainment","Merk, huisstijl & verhaal",Zakelijke afnemers (B2B),Startup / jong / groeiend,True
dd-h.com,before,narrower,1.667,3mien;abben;aura;bochkove;boncha;colt45;gorilla;narach;rollton;vsevitaminy;zakarpatske;zhigulibarnoe,industry+craft,2,,0.5,1.0,0.625,,,1.0,,,,,,,,,,,,,,,0,,12,12,,,0,6,2,8,0,0,1,2024,0.0,0.0,,0.667,1.0,0.75,,,1.0,,"Grafisch ontwerp, drukwerk & print",Specifiek buitenland,"Food, beverage & agriculture",,,Startup / jong / groeiend,True
gripoponline.nl,after,control,1.5,archipel;banbouw;bangroep;crossfitduketown;dereigercatering;marbategels;vanwaardetherapie;walra,craft+channel,2,0.389,0.333,1.0,1.0,0.25,,,1,2,1,0,2,0,0,1.0,0.5,1.0,,0.5,,,0,6,13,8,1,2,6,6,1,1,4,0,0,2025,0.125,0.125,0.5,0.5,1.0,1.0,0.25,,,SEO & organische vindbaarheid,SEO & vindbaarheid,Regionaal (binnen Nederland),"Hospitality, tourism, sports & recreation",Beter vindbaar in Google,,,True
grndworx.com,before,narrower,1.0,capricornpartners,,0,,,,,,,,,,,,,,,,,,,,,,0,,1,1,,,0,0,0,0,0,0,0,2023,0.0,0.0,,,,,,,,,,,,,,,False
boodschapenbeeld.nl,before,control,2.381,annebesseling;bewonersverenigingmiddenhoeve;boskalis;degroenepollepel;degroenevoedingscoach;denkslank;findigo20;findigoadvies;loopbaancoachingdrechtsteden;onns;robfashionformen;schoonenberghoorsupport;snsbank;snsbankspijkenisse;snsspijkenisse;vanhalemhaarstudio;vanspronsenmakelaars;zoomermakelaardij;zoomernijp;zoomernijptaxatieburo;zoomerwantijrun,craft+job+stage+geo,4,0.284,0.356,0.556,0.122,0.417,1.0,0.389,,,,,,,,,,,,,,,0,,46,21,,,9,17,6,14,12,2,6,2023,0.619,0.095,0.444,0.529,0.667,0.143,0.583,1.0,0.5,Social media organisch,Branding & huisstijl,Nederlandse stad of plaats,"Construction, real estate & housing","Merk, huisstijl & verhaal",Consumentenmarkt offline,Klein / zelfstandig,True
eigenz.nl,after,narrower,1.417,amersfoort;apeldoorn;bronckhorst;gemeentedeventer;ijsselmoves;kepro;nationalepolitie;pmp;salvage;schiedam;steenwijkerland;zwolle,industry+geo,2,,0.5,1.0,0.556,,1.0,,0,1,8,3,0,1,0,,1.0,1.0,0.667,,1.0,,16,1,42,12,10,11,0,2,8,3,0,1,0,2022,0.0,0.0,,0.5,1.0,0.667,,1.0,,,"Video, animatie & fotografie",Nederlandse stad of plaats,Government & public sector,,Consumentenmarkt offline,,True
elephantdesign.nl,before,control,1.0,agrartrucks;atelierhuybreghs;blissice;compo;daivor;dapto;drielandenpunt;dutchrana;famseed;fpinternational;fysiotherapiegrachterheide;hattrick;hoevedegeleenhof;holkatrade;huidenoedeemtherapieheerlen;huidtherapie;knapenbrewery;krijtlandwonen;larkinfolab;matchpoint;moordkasteeleu;orbisvita;osbornedressage;pureminds;qwiek;ricru;sineregno;startransfer;steppingstones;studiojetset;watikjegraagzeggenwil;woonpleinlimburg,,0,,0.373,0.5,,,,,,,,,,,,,,,,,,,0,,32,32,,,0,32,2,0,0,0,0,2020,0.0,0.0,,0.438,0.5,,,,,,Website & webdesign,Regionaal (binnen Nederland),,,,,True
devife.com,before,narrower,2.0,passkeep;stockhut,,0,,0.5,,0.5,,1.0,,,,,,,,,,,,,,,,6,,9,2,,,0,2,0,2,0,1,0,2025,0.0,0.0,,0.5,,0.5,,1.0,,,Webshop & e-commerce,,Retail & e-commerce (general consumer goods),,Zakelijke afnemers (B2B),,True
bigbirdmedia.nl,after,control,1.826,autobedrijfvanempel;bamimagazine;berenhuis;beweegenspeel;beweegspeel;bluemonkeys;change;deeweedee;dginfratechniek;dormi;dormidesignvloeren;doughit;gemeenteboxtel;gemeentesintmichielsgestel;jorisvanroosmalen;karmenta;nefkens;nefkensbrandidentity;openbedrijvenroute;pike;pikenefkens;vanwanrooij;wegwijs,craft+job+channel+geo,4,0.344,1.0,0.44,0.235,0.389,0.5,1.0,1,3,1,0,1,0,0,1.0,1.0,1.0,,1.0,,,0,16,56,23,1,7,8,11,5,9,6,2,1,2025,0.435,0.0,0.5,1.0,0.6,0.333,0.5,0.5,1.0,Social media organisch,Branding & huisstijl,Regionaal (binnen Nederland),"Construction, real estate & housing","Merk, huisstijl & verhaal",Zakelijke afnemers (B2B),Familiebedrijf / gevestigd met historie,False
eigenz.nl,before,narrower,1.727,accorisondernemersservice;archieeurope;budgetadviesbureaudeventer;deventeropstelten;djmbedrijfsdiensten;elbertfiscaal;friluft;gemeentevoorst;ijsselmoves;teamtoegangjeugddeventer;transform,craft+geo,2,,0.455,0.625,0.306,,,,,,,,,,,,,,,,,,2,,13,11,,,0,11,4,7,0,0,0,2022,0.0,0.0,,0.636,0.75,0.429,,,,,"Video, animatie & fotografie",Nederlandse stad of plaats,Business & professional services,,,,True
begradient.com,after,narrower,1.75,24sessions;amsterdamwarehousecompany;channable;levelworks;lismanforklifts;owlin;theemployment;wunderkind,,0,1.0,1.0,1.0,0.5,1.0,,1.0,1,1,0,1,1,0,1,1.0,1.0,,1.0,1.0,,1.0,0,1,16,8,6,7,2,2,1,2,2,0,1,2023,0.25,0.25,1.0,1.0,1.0,0.5,1.0,,1.0,"E-mail, CRM & marketing automation","E-mailmarketing, automation & funnels",Europa,"Software, IT & telecom",Maatwerk software & efficiëntere processen,,Omvang in cijfers,False
devife.com,after,narrower,2.0,solveconnect;stockhut,,0,0.5,0.5,,0.5,,,,1,1,0,1,0,0,0,1.0,1.0,,1.0,,,,3,1,5,2,1,1,2,2,0,2,0,0,0,2025,0.0,0.0,0.5,0.5,,0.5,,,,Multi-channel & omnichannel,Website & webdesign,,"Staffing, recruitment & HR",,,,False
gripoponline.nl,before,control,2.429,archipel;banbouw;bangroep;crossfitduketown;dereiger;vanwaardetherapie;walra,industry+craft+job+channel+geo,5,1.0,0.44,0.556,0.556,0.375,,,,,,,,,,,,,,,,,0,,14,7,,,6,5,3,3,4,0,0,2025,0.429,0.429,1.0,0.6,0.667,0.667,0.5,,,SEO & organische vindbaarheid,SEO & vindbaarheid,Nederlandse stad of plaats,"Hospitality, tourism, sports & recreation",Personeel werven & werkgeversmerk,,,False
bona-agency.com,after,control,2.786,cholocatie;desiderio;desideriosaic;ericas;iknowly;izsit;julietazerial;lapuchadesign;norabonavera;reduce;reduceapp;risingcollectively;visionesg;wanderx,craft+model+stage,3,0.222,0.349,0.28,0.14,0.339,0.5,0.375,5,11,2,9,9,4,4,0.4,0.636,0.5,0.222,0.333,0.5,0.5,0,2,27,14,1,12,6,13,5,11,11,4,4,2025,0.786,0.214,0.333,0.538,0.4,0.182,0.364,0.5,0.5,SEO & organische vindbaarheid,Branding & huisstijl,Internationaal / wereldwijd,"Hospitality, tourism, sports & recreation",Website verouderd of nieuw nodig,SaaS & software,Startup / jong / groeiend,False
findfactory.nl,after,control,3.15,cabbin;debresser;dedesign;derooipannen;fijnweekend;hellochair;ikpas;jimmygreen;knitted;maxicosi;megagenbenelux;monsieursaucisson;restaurantnoek;sligrosolutions;tapijtcentrumnederland;tarkett;timeon;webworx;wickey;zonnelux,channel+model,2,0.389,0.21,0.174,0.136,0.228,0.388,0.284,0,0,0,0,0,0,0,,,,,,,,0,20,30,20,0,0,18,20,11,18,18,7,9,2025,1.0,0.25,0.556,0.3,0.273,0.222,0.333,0.571,0.444,Multi-channel & omnichannel,Branding & huisstijl,Regionaal (binnen Nederland),Retail & e-commerce (general consumer goods),"Merk, huisstijl & verhaal",Zakelijke afnemers (B2B),Omvang in cijfers,True
buenaparte.nl,before,narrower,1.316,bedrijvenverenigingwest;duurzaamgroningen;founded;gemeentegroningen;ggznoordxzorgpleinnoord;groningenbereikbaar;hacksclusive;inzetnl;lentisouderenpsychiatrie;noordelijkeregionalemobiliteitsteams;noordvoorjeugd;riecenpolitie;scoreseating;stichtingkunstencultuur;topdutch;uwvxgemeentegroningen;visitwadden;vnn;voys,craft+job+channel+geo,4,0.556,0.375,0.625,0.5,0.556,,1.0,,,,,,,,,,,,,,,0,,20,19,,,3,4,4,2,3,0,1,2024,0.211,0.0,0.667,0.5,0.75,0.5,0.667,,1.0,Offline media & events,Campagnes & creatieve concepten,Regionaal (binnen Nederland),Business & professional services,Bewustwording & gedragsverandering,,Startup / jong / groeiend,False
echeloncreations.nl,before,control,2.0,prieminterimfm;trecht,,0,,0.5,1.0,,0.5,,,,,,,,,,,,,,,,,0,,2,2,,,0,2,2,0,2,0,0,2024,1.0,0.0,,0.5,1.0,,0.5,,,,Website & webdesign,Nederlandse stad of plaats,,Maatwerk software & efficiëntere processen,,,False
fuse-communication.com,before,control,1.667,borealishotel;generatorhostels;krups;luxottica;repeatcashmere;verenigingvoordenederlandsevleeswarenindustrie,industry+craft+geo,3,0.25,0.333,0.625,0.556,,,,,,,,,,,,,,,,,,0,,6,6,,,4,6,4,3,0,0,0,2025,0.0,0.167,0.25,0.5,0.75,0.667,,,,"Content, video & PR",Strategie & advies,Nederlandse stad of plaats,"Hospitality, tourism, sports & recreation",,,,True
fynt.nl,before,narrower,1.333,dseitservices;hygro;paotechniekenmanagement,,0,1.0,1.0,,1.0,,,,,,,,,,,,,,,,,,0,,3,3,,,1,1,0,1,0,0,0,2025,0.0,0.0,1.0,1.0,,1.0,,,,Social media organisch,Social media content & beheer,,"Energy, utilities & environment",,,,False
fynt.nl,after,narrower,1.75,10forit;dseitservices;hygro;steigerverkoopnl,craft,1,1.0,0.375,1.0,0.333,,1.0,1.0,0,2,1,2,0,1,2,,0.5,1.0,0.5,,1.0,1.0,0,2,4,4,1,2,1,4,1,3,0,1,2,2025,0.0,0.0,1.0,0.5,1.0,0.333,,1.0,1.0,Social media organisch,Website & webdesign,Nederland plus buurlanden,"Construction, real estate & housing",,SaaS & software,Groot / corporate / marktleider,False
bureaugigengack.nl,after,control,1.0,crematoriatwente,,0,,1.0,,,,,,0,1,0,0,0,0,0,,1.0,,,,,,0,0,1,1,0,1,0,1,0,0,0,0,0,2020,0.0,0.0,,1.0,,,,,,,"Grafisch ontwerp, drukwerk & print",,,,,,False
bureauimago.nl,before,control,1.0,aaaahalivecommunicatie;douchezaaknl;fonkysales;hullemantrucks;oomenonions;parkmobile;royalhuisman;schreudermakelaars,craft,1,,1.0,,,,,,,,,,,,,,,,,,,,0,,8,8,,,0,8,0,0,0,0,0,2024,0.0,0.0,,1.0,,,,,,,Website & webdesign,,,,,,False
bureauimago.nl,after,control,1.444,aaaahabureauvoorlivecommunicatie;amadozorg;davinci;debreemakelaars;epicode;koningaankoopmakelaars;oomenonions;opreisnl;pcsmastercard,industry+geo,2,1.0,0.388,0.556,0.375,,,,2,6,3,4,0,0,0,1.0,0.5,0.667,0.5,,,,0,1,9,9,7,8,2,7,3,4,0,0,0,2024,0.0,0.0,1.0,0.429,0.667,0.5,,,,Social media organisch,Branding & huisstijl,Specifiek buitenland,Finance & insurance,,,,False
bureauvisueel.com,before,control,1.0,bureauvisueelbeachsport;bureauvisueelclimatelaunchpad;bureauvisueeldedddd;bureauvisueelescapevroom;bureauvisueelfokkerhaven;bureauvisueelhaagssportkwartier;bureauvisueelmadurodam;bureauvisueelnmi;bureauvisueelsportcampus;bureauvisueelsterk;bureauvisueeltoricaoptiek;bureauvisueelvitroplus,,0,,,,,,,,,,,,,,,,,,,,,,0,,12,12,,,0,0,0,0,0,0,0,2025,0.0,0.0,,,,,,,,,,,,,,,True
cloudfactory.nl,after,control,2.263,adidas;bookingcom;breeze;dolefoodcompany;epica;gcaesthetics;greenforce;heineken;israelwomensnetwork;jacobsdouweegberts;johnsonjohnson;kfc;proctergamble;salvationarmy;strongbow;sumsub;thesalvationarmy;twitter;yoni,geo,1,0.306,0.355,0.52,0.289,0.256,1.0,1.0,5,5,2,5,5,1,0,0.4,0.4,1.0,0.4,0.4,1.0,,1,8,34,19,1,11,11,11,5,11,11,1,2,2023,0.684,0.0,0.364,0.455,0.6,0.455,0.364,1.0,1.0,"Content, video & PR","Video, animatie & fotografie",Specifiek buitenland,"Food, beverage & agriculture",Bewustwording & gedragsverandering,Zakelijke afnemers (B2B),Omvang in cijfers,True
codebreakers.nl,before,narrower,1.7,autobedrijfdebaaij;dehonneurs;exonet;ivothijssen;metaboolgezond;nimma;santasoffice;spreekbier;theroots;transactionart,,0,,,1.0,0.222,0.333,,,,,,,,,,,,,,,,,0,,10,10,,,0,0,1,6,6,0,0,2022,0.0,0.0,,,1.0,0.333,0.333,,,,,Nederlandse stad of plaats,Education & childcare,Lancering nieuw product of concept,,,True
convident.nl,after,control,1.0,bcmouderenzorg;cj2hosting;convimedia;creatieveweg;dehaanspecialequipment;hbpersoneel;jantammeling;materialhandlingholland;tyrehomanslapen;weldoncorlido,,0,1.0,1.0,,,,,,1,1,0,0,0,0,0,1.0,1.0,,,,,,0,2,10,10,8,8,1,1,0,0,0,0,0,2022,0.0,0.0,1.0,1.0,,,,,,Website & CMS,Website & webdesign,,,,,,False
cookscrossover.com,before,narrower,1.0,bolletje;redbull,,0,1.0,1.0,,,1.0,,,,,,,,,,,,,,,,,0,,2,2,,,1,1,0,0,1,0,0,2020,0.0,0.0,1.0,1.0,,,1.0,,,"Branding, campagne & activatie",Campagnes & creatieve concepten,,,Events & activaties,,,False
cieremansvanreijn.nl,before,control,1.164,112campagne;aandemolenwerf;amadeussymphonyforliving;ambachtsschoolenschede;amgebiedsontwikkeling;amvest;beautifulibiza;bekroondtotbestedronevideovannederland2017;bemyguest;birdbirdaftermovie;bouwnouop;bpdgebiedsontwikkeling;bpdontwikkeling;bpdsanctamaria;buitengewoonvrij;buitenvoorde;caesarfitness;caesarspa;daaromnietinhetriool;defrednieuwwoneninoudzuid;deherentuyn;delftshartharnaschpolder;deloftsamsterdam;denhaagdeeltuwzorg;deskihutskidluxe;dewindes;dezuid;discriminatiehureninzeezicht;dreammaasboulevardvenlo;drugskompasnl;duinparc;eeninitiatiefvandegemeenteschiedammaassluismiddendelflandvlaardingenwestlandhoogheemraadschapvandelflandrijkswaterstaatzuidhollandenrioned;escampfestival;essendaelheefthethelemaal;europeanpatentoffice;eventstadsspelendenhaag;expatrentalthehague;fenedex;fokuswonen;gemeentedenhaag;gemeentewassenaar;gezondisvet;gezondlangthuisscheveningen;goudenbuurten;haagseinternationaledag;hansnadorp;harnaschpolderpark;hartvansgravenzande;hellasduin;helptaltijd;hoefenhaag;hooglede;informatiezuileniphoneenipadapps;izi;jongerenconsult;juliaspark;kavelvastgoed;laanvanrijn;landgoedduindael;landgoedverboom;landgoedwickevoort;lcpackaging;leidschendamcentrum;leidscherijncentrum;leidsenhagevernieuwt;levenmagazinedenhaag;levenmagazinedenhaag31;levenmagazinedenhaag32;levenmagazinedenhaag33;levenmagazinedenhaag34;levenmagazinedenhaag35;levenmagazinedenhaag36;levenmagazinedenhaag37;levenmagazinedenhaag38;levenmagazinedenhaag39;levenmagazinedenhaag40;levenmagazinedenhaag41;levenmagazinedenhaag42;levenmagazinedenhaag43;levenmagazinedenhaag44;loketstadskrachtgemeenterijswijk;maisonroyal;monacoyachtshow;nieuwegrachtengordel;nrwinvest;openbarebibliotheekdenhaag;openka;periodiekpersoneelsmagazineenvideojournaalsvrh;plein44100nijmegen;recreatiegebieddeuithof;relatiemagazinepurekracht;renpartofcompanies;respectthezone;rijndael;riseresidence;riverfront;sailopscheveningen;sensrealestate;sickandsex;somerparc;sophiarevalidatie;spng;sportzitiniedereen;staedion;statensport;steltmanatelierjuwelenhorloges;tgoudehooft;theibuilding;topkapi;vanbergehenegouwenvbh;veiligthuis;vestiabog;visiescope;vitaalwonen;vlaggetjesdag;vlietdagen;vroondaal;waaijerprojectrealisatie;watnoualshetwlwerkt;westlandwoontduurzaam;westlandwoontwijzer;wickevoort;wijnhavenkwartier;wondersofyangshuo;woneninbabel;wonenindenhaagnl;woneninhoutrust;wtcbusinesscenterthehague;xavierdefrederikwassenaar;zeemeeuwfase2;zincrealestate;zinderendaanzee;zonnekastelen;zuidhaven,industry+craft+stage+geo,4,0.306,0.514,1.0,0.3,0.306,1.0,1.0,,,,,,,,,,,,,,,5,,141,134,,,7,12,11,10,7,1,3,2024,0.09,0.0,0.429,0.583,1.0,0.5,0.429,1.0,1.0,Social media organisch,Campagnes & creatieve concepten,Nederlandse stad of plaats,"Construction, real estate & housing","Merk, huisstijl & verhaal",Consumentenmarkt offline,Omvang in cijfers,True
brainstormenconcept.nl,after,control,2.0,berlalighting,,0,,,,1.0,,,,0,0,0,1,0,0,0,,,,1.0,,,,0,0,1,1,3,1,0,0,0,1,0,0,0,2020,0.0,0.0,,,,1.0,,,,,,,Business & professional services,,,,False
brancom.nl,before,control,2.0,ets;verstegenspicessauces,,0,1.0,0.5,1.0,1.0,1.0,1.0,1.0,,,,,,,,,,,,,,,0,,2,2,,,1,2,1,1,1,1,1,2025,0.5,0.0,1.0,0.5,1.0,1.0,1.0,1.0,1.0,Webshop & e-commerceplatform,Website & webdesign,Nederlandse stad of plaats,"Food, beverage & agriculture",Maatwerk software & efficiëntere processen,Webshop consumenten (D2C),Familiebedrijf / gevestigd met historie,False
aliens.nl,before,control,2.0,ambiance;cinop;cultilene;deloitte;eauitzendbureau;egeria;enpuls;hms;initialbenelux;isah;jansmulderstriplex;koningstheateracademie;vvbhusan,model+stage+geo,3,,,0.556,0.136,,0.68,1.0,,,,,,,,,,,,,,,0,,13,13,,,0,0,3,13,0,5,4,2021,0.0,0.0,,,0.667,0.231,,0.8,1.0,,,Heel Nederland (landelijk),Business & professional services,,Zakelijke afnemers (B2B),Groot / corporate / marktleider,False
aliens.nl,after,control,2.0,ambiance;cultilene;eauitzendbureau;egeria;enpuls;hms;initialbenelux;isah;jansmulderstriplex;koningstheateracademie;vvbhusan,model+stage+geo,3,,,0.556,0.124,,0.68,1.0,0,0,0,0,0,0,0,,,,,,,,0,11,11,11,2,0,0,0,3,11,0,5,4,2021,0.0,0.0,,,0.667,0.182,,0.8,1.0,,,Heel Nederland (landelijk),Retail & e-commerce (general consumer goods),,Zakelijke afnemers (B2B),Groot / corporate / marktleider,False
alientrick.com,before,control,1.125,axero;harmankardoncitation;heracles;jbl;pureenergie;qurrent;smarttalentgrid;twentspoppodium,craft,1,,0.5,,1.0,,,,,,,,,,,,,,,,,,2,,10,8,,,0,4,0,1,0,0,0,2020,0.0,0.0,,0.5,,1.0,,,,,Campagnes & creatieve concepten,,"Transport, logistics & automotive",,,,False
driebit.nl,before,narrower,1.8,deflywheel;eenvandaag;entoennu;openresearchplatform;stichtingmetakids,,0,,0.5,,1.0,,,,,,,,,,,,,,,,,,0,,5,5,,,0,2,0,1,0,0,0,2020,0.0,0.6,,0.5,,1.0,,,,,Website & webdesign,,"Software, IT & telecom",,,,False
flirtcreativity.com,before,control,1.667,bunq;open32;vibe,craft,1,0.5,0.556,,0.5,,,,,,,,,,,,,,,,,,0,,3,3,,,2,3,0,2,0,0,0,2025,0.0,0.0,0.5,0.667,,0.5,,,,Multi-channel & omnichannel,Branding & huisstijl,,Finance & insurance,,,,False
flirtcreativity.com,after,control,1.667,bunq;open32;vibe,craft,1,0.5,0.556,,0.5,,,,0,0,0,0,0,0,0,,,,,,,,0,3,3,3,0,0,2,3,0,2,0,0,0,2025,0.0,0.0,0.5,0.667,,0.5,,,,Multi-channel & omnichannel,Branding & huisstijl,,Finance & insurance,,,,False
aanjagers.nu,before,narrower,1.143,beqinvestments;cyberinnovationhub;kite4lifefoundation;leergeldnederland;scholengemeenschapgomarus;sgpjongeren;voorelkaarvakantieweken,craft,1,,0.388,,1.0,,,,,,,,,,,,,,,,,,8,,15,7,,,0,7,0,1,0,0,0,2025,0.0,0.0,,0.571,,1.0,,,,,Branding & huisstijl,,Government & public sector,,,,True
aanjagers.nu,after,narrower,1.882,beqinvestments;cyberinnovationhub;driestar;educatis;eskes;filmstudioa12;goedinvorm;gomarusscholengemeenschap;hetactuarieelgenootschap;hoornbeeckconnect;kite4lifefoundation;leergeldnederland;leliezorggroep;progressus;raphaelstichting;sameninvesteren;voorelkaarvakantieweken,,0,,0.239,0.333,0.243,0.28,1.0,1.0,0,12,3,9,4,0,1,,0.417,0.333,0.333,0.25,,1.0,1,5,18,17,2,12,0,17,3,13,5,1,1,2025,0.0,0.0,,0.294,0.333,0.385,0.4,1.0,1.0,,Strategie & advies,Regionaal (binnen Nederland),"Nonprofits, charities & associations","Merk, huisstijl & verhaal",Zakelijke afnemers (B2B),Omvang in cijfers,True
acato.nl,before,narrower,1.034,atlascopco;bijzonderplekje;breedbandimpactcity;broodshops;campussea;csiservice;debuurtboer;dedienstnoardwestfrysln;dedigitalebakkerij;electude;gemeentestichtsevecht;gvb;inretailportal;inretailwebsite;internationalpatientcenter;iqip;isdatechtzo;justlease;matoketours;mijntmi;mylaps;mytrabocca;nipo;pecunda;postnl;rccs;riksjatravel;toppoint;trabocca,model+geo,2,0.5,0.202,0.556,1.0,,0.556,,,,,,,,,,,,,,,,0,,30,29,,,2,21,3,1,0,3,0,2025,0.0,0.0,0.5,0.333,0.667,1.0,,0.667,,"Data, tracking & CRO",Apps & maatwerk platforms,Heel Nederland (landelijk),"Hospitality, tourism, sports & recreation",,"Overheid, zorg & onderwijs",,False
faktor22.nl,after,narrower,1.333,24tent;artsportaal;bhvnijmegen;carpediem;chiropractierevalidatie;computron;fonium;fysiochirowijchen;gemeentenijmegen;goedrechtadvocaten;gsmreparatiedirect;gsmswitch;iddance;ikestyle;infostrait;interscreen;jtactive;keukenstudiowijchen;lichtlettershuren;partsifx;pontemcollegeisk;proforto;queencenter;relay42;rocnijmegen;rofraline;stretchtenthuren;tandartspraktijkbleekwal;theparkmovement;tizdesign;ultiprint;winestein;youmobile,geo,1,,0.376,0.625,0.333,0.333,,0.5,0,22,1,0,1,0,1,,0.5,1.0,,1.0,,1.0,0,8,35,33,4,25,0,26,4,3,3,0,2,2020,0.061,0.182,,0.462,0.75,0.333,0.333,,0.5,,Branding & huisstijl,Nederlandse stad of plaats,Healthcare & care,Beter vindbaar in Google,,Omvang in cijfers,False
369production.nl,before,control,1.0,chickenfreaxx;grillroomcarnisse;naturalbeautycare;yuelangrestaurant,craft,1,,0.625,,,,,,,,,,,,,,,,,,,,0,,4,4,,,0,4,0,0,0,0,0,2023,0.0,0.0,,0.75,,,,,,,"Grafisch ontwerp, drukwerk & print",,,,,,False
369production.nl,after,control,1.0,chickenfreaxx;grillroomcarnisse;naturalbeautycare;yuelangrestaurant,craft,1,,0.625,,,,,,0,0,0,0,0,0,0,,,,,,,,0,4,4,4,0,0,0,4,0,0,0,0,0,2023,0.0,0.0,,0.75,,,,,,,"Grafisch ontwerp, drukwerk & print",,,,,,False
3wmedia.nl,before,control,1.8,avonturenboerderijmolenwaard;beeksebergen;beermannmode;deezekeukens;fienenteun;golfclubhetrijkvannijmegen;gosolar;restaurantwiesen;rubix;rubixnl;skylar;steigermeubelsxl;totaaltuinlicht;vakantieparkmolenwaard;vanhoorneentertainment,geo,1,0.333,0.286,0.556,0.21,0.5,1.0,1.0,,,,,,,,,,,,,,,4,,31,15,,,3,14,3,9,2,1,1,2024,0.2,0.0,0.333,0.429,0.667,0.333,0.5,1.0,1.0,Offline media & events,Website & webdesign,Nederlandse stad of plaats,"Hospitality, tourism, sports & recreation","Merk, huisstijl & verhaal",Gemengd,Omvang in cijfers,True
barneymedia.nl,after,narrower,1.0,arcelormittalconstruction;dubbeldam;hbnergiessen;intercabletools;lantor;sensorpartners;weisstechnik,,0,0.5,0.333,1.0,,,1.0,,2,3,1,0,0,2,0,0.5,0.333,1.0,,,1.0,,0,0,14,7,0,7,2,3,1,0,0,2,0,2021,0.0,0.0,0.5,0.333,1.0,,,1.0,,Multi-channel & omnichannel,"Outcome-verkoop (leads, omzet, groei)",Internationaal / wereldwijd,,,Zakelijke afnemers (B2B),,False
bbld.nl,before,narrower,1.0,theunemployedchefs,,0,,,,,,,,,,,,,,,,,,,,,,0,,1,1,,,0,0,0,0,0,0,0,2023,0.0,0.0,,,,,,,,,,,,,,,True
bbld.nl,after,narrower,1.0,theunemployedchefs,,0,,,,,,,,0,0,0,0,0,0,0,,,,,,,,0,1,1,1,0,0,0,0,0,0,0,0,0,2023,0.0,0.0,,,,,,,,,,,,,,,True
2kwadraat.nl,before,control,1.6,aujeunecouple;benhaddou;care2getthere;deverseverleiding;lasereen;lou;maresiaparts;pepervastgoed;raymonddepauw;vandervalk,industry+craft,2,1.0,0.66,0.5,0.556,1.0,,1.0,,,,,,,,,,,,,,,0,,11,10,,,1,10,2,3,1,0,1,2020,0.2,0.1,1.0,0.8,0.5,0.667,1.0,,1.0,"SEA, display & overige paid advertising",Branding & huisstijl,Regionaal (binnen Nederland),Healthcare & care,Beter vindbaar in Google,,Startup / jong / groeiend,False
bandwerk.nl,before,control,1.805,akor;asdrijssenholten;brandsschreursadvocaten;brasseriedepassage;concepttv;daanmakelaars;deregenboogholten;desterkerij;effinkhengevelde;excelsior31;fanclubliverpoolfc;findkids;goudentalenten;guusbaansportenhealth;hema;holcon;knolprojecten;koersoost;koersoostpersoneelsdiensten;leisureking;loromeijgoor;masterstone;metzorg;multiprotect;natuursteentotaal;paynl;polybouwaluminium;repairprotection;rondevanoverijssel;sjaloomschool;sneltestoost;studioanno63;tandartsenpraktijkdekroonweide;taurus;tenbrinkecontainers;toyotadrent;wifiticketnl;wijcobau;woningbehangennl;woonenzorgcentrumdevriezenhof;zalencentrumdehaverkamp,channel+geo,2,0.556,0.279,0.388,0.12,0.194,0.333,,,,,,,,,,,,,,,,0,,58,41,,,6,32,7,15,12,3,0,2025,0.317,0.122,0.667,0.406,0.571,0.2,0.333,0.333,,Social media organisch,Branding & huisstijl,Nederlandse stad of plaats,"Hospitality, tourism, sports & recreation",Maatwerk software & efficiëntere processen,Zakelijke afnemers (B2B),,False
adworth.nl,after,control,1.2,bboverdeeijnden;cib;datafanatics;mkbkantoorartikelen;stapreizen,craft+channel,2,0.44,0.625,,1.0,1.0,,,1,1,0,0,0,0,0,1.0,1.0,,,,,,1,4,6,5,1,1,5,4,0,1,1,0,0,2020,0.0,0.0,0.6,0.75,,1.0,1.0,,,"SEA, display & overige paid advertising",Online adverteren (paid ads),,"Hospitality, tourism, sports & recreation","Meer leads, aanvragen & verkoop",,,False
anytime.nl,before,control,1.28,alta;anomaly;bolcom;brolanvastgoedenontwikkeling;buutvrij;carhartt;debongerd;degeusbouw;dpgmedia;eigenfabrikaat;fitzroy;gucagency;hofhoornemanbankiers;kleinhoreca;onitsukatiger;ottoskantoorartikelen;richardkorveradvocaten;rituals;stichtinglezenenschrijven;suitsupply;swisssense;uniserver;vangoghmuseum;wakkerdier;wereldhave,craft,1,0.333,0.375,0.5,0.5,,,1.0,,,,,,,,,,,,,,,0,,31,25,,,3,4,2,2,0,0,2,2022,0.2,0.0,0.333,0.5,0.5,0.5,,,1.0,Webshop & e-commerceplatform,"Grafisch ontwerp, drukwerk & print",Internationaal / wereldwijd,"Fashion, beauty & personal goods",,,Startup / jong / groeiend,False
createthebrand.nl,before,control,1.941,bodytec;bodytecalmere;bon;daveroelvink;denbreejen;etrias;growdigital;growfield;jachthavenbonvinkeveen;janvertonghen;metalionkingdom;mlk;playmental;playmentalfoundation;uda;uniteddancealmere;veldmanpouw,craft+channel,2,0.389,0.785,1.0,0.184,1.0,,1.0,,,,,,,,,,,,,,,0,,33,17,,,6,17,2,7,1,0,1,2025,0.529,0.0,0.5,0.882,1.0,0.286,1.0,,1.0,Website & CMS,Branding & huisstijl,Nederlandse stad of plaats,"Hospitality, tourism, sports & recreation","Merk, huisstijl & verhaal",,Startup / jong / groeiend,False
booomdigital.nl,before,control,2.176,27rides;adaptics;decom;durs;eromesmarko;gemeentearnhem;landgoedgrootwarnsborn;oldelft;ondernemerskontaktarnhem;premotion360;resaco;robbersenvandenhoogen;sologietvloeren;stadsvillasonsbeek;streetgasmcom;svvitesse;vattenfall,craft+geo,2,,0.58,0.375,0.136,,1.0,0.36,,,,,,,,,,,,,,,0,,17,17,,,0,10,4,9,0,1,5,2023,0.588,0.0,,0.7,0.5,0.222,,1.0,0.4,,Website & webdesign,Nederlandse stad of plaats,"Nonprofits, charities & associations",,Zakelijke afnemers (B2B),Omvang in cijfers,False
booomdigital.nl,after,control,1.75,call4usnl;storagebox;tramedico;welifttraining,industry+craft,2,,0.625,1.0,0.556,1.0,,1.0,0,4,1,3,1,0,1,,0.75,1.0,0.667,1.0,,1.0,0,0,4,4,17,4,0,4,1,3,1,0,1,2023,0.0,0.0,,0.75,1.0,0.667,1.0,,1.0,,Website & webdesign,Nederlandse stad of plaats,"Construction, real estate & housing",Website verouderd of nieuw nodig,,Startup / jong / groeiend,False
elstarcommunicatie.nl,after,narrower,1.833,beveiligingsbedrijfsetia;gemeentezoetermeer;kwfkankerbestrijding;raadvoordekinderbescherming;setia;zoetermeer,industry+craft,2,1.0,0.556,1.0,0.556,1.0,,,1,3,2,3,1,0,0,1.0,0.667,1.0,0.667,1.0,,,13,0,21,6,0,6,1,3,2,3,1,0,0,2024,0.167,0.167,1.0,0.667,1.0,0.667,1.0,,,"Content, video & PR",Branding & huisstijl,Nederlandse stad of plaats,Business & professional services,"Merk, huisstijl & verhaal",,,True
boostyour.marketing,after,control,2.4,cafdepieter;cafhallomestreeg;cmtoverkappingen;eclairaffair;mestreegtob;somewhereinthemiddle;stichtingtoonhermans;thesandwichclubmestreeg;tob;youngbloodbrassband,industry+job+channel+geo,4,0.68,0.224,1.0,0.5,0.333,,0.5,0,0,0,0,0,0,0,,,,,,,,0,8,21,10,1,2,5,7,6,6,6,0,2,2025,0.6,0.2,0.8,0.286,1.0,0.667,0.5,,0.5,Social media organisch,"Video, animatie & fotografie",Nederlandse stad of plaats,"Hospitality, tourism, sports & recreation",Naamsbekendheid & zichtbaarheid,,Startup / jong / groeiend,False
alonamarketing.nl,after,control,2.231,akentuynkamer;budgetinsulationshop;budgetisolatieshop;floorheatingcuijk;gardenroom;gjdhrpartner;houthandeljelsan;misterkools;succlean;timbertradejelsan;vanakenschroeffunderingen;vanakenscrewfoundations;vloerverwarmingcuijk,industry+channel,2,0.5,0.28,1.0,0.68,0.2,1.0,1.0,0,0,0,0,0,0,0,,,,,,,,22,13,59,13,0,0,4,5,1,5,5,1,1,2025,0.308,0.538,0.5,0.4,1.0,0.8,0.2,1.0,1.0,Multi-channel & omnichannel,Strategie & advies,Nederland plus buurlanden,"Construction, real estate & housing",Personeel werven & werkgeversmerk,Webshop consumenten (D2C),Familiebedrijf / gevestigd met historie,True
amazing.nl,after,control,3.333,circulus;gemeenteapeldoorn;xantionict,,0,1.0,0.333,1.0,0.5,0.333,,1.0,2,3,1,2,3,0,1,1.0,0.333,1.0,0.5,0.333,,1.0,0,0,3,3,0,3,2,3,1,2,3,0,1,2023,1.0,0.667,1.0,0.333,1.0,0.5,0.333,,1.0,Offline media & events,Strategie & advies,Nederlandse stad of plaats,"Energy, utilities & environment",Personeel werven & werkgeversmerk,,Startup / jong / groeiend,False
contentkunstenaar.nl,before,control,3.286,eva;evaexplainervideoagency;flexforcemonkey;geo4nrg;hipselect;kloosterkerk;lessgrey;mercell;renses;revalidatieplanners;solmate;theaterbabel;train2work;vanedepartners,,0,0.314,0.173,0.36,0.124,0.194,0.306,1.0,,,,,,,,,,,,,,,0,,49,14,,,13,14,5,13,12,7,2,2025,0.929,0.429,0.462,0.286,0.4,0.231,0.25,0.429,1.0,Social media organisch,Content & copywriting,Regionaal (binnen Nederland),Business & professional services,Content & creatieve productie,"Overheid, zorg & onderwijs",Startup / jong / groeiend,True
avantlalettre.nl,before,control,1.173,acteursbureaukapok;agora;almerehavenfestival;ambitionit;annekevanbostelen;annemarievandenhoven;blackware;bureaucontekst;coc;cocmiddennederland;cogem;cwm;dagjelesgeven;dansvoormeifestival;degalanschoolvoortraining;dekleineprins;delettersvanutrecht;ehrmvision;erasmusmcexpertisecentrumnederlands;franzlisztpianoconcours;gemeenteutrecht;ggzutrecht;groenlinks;houktrainingcoaching;huiselijkgeweld;humanitasdmh;immo;knov;kranenburgpraktijkonderwijs;lettersvanutrecht;mantelzorgsamenwerkingsverband;moviera;movisie;nationaalepilepsiefonds;oogfonds;oostrom;oostromarbeidsconsultancy;overdewereldreisblad;pandora;razecrectenggg;sbwu;schoolvoorbeeld;stichtingvriendschapsbandutrechtlen;stratecservices;stuttheater;theaterkikker;ucentraal;universiteitutrecht;viejautrecht;viejautrechtadviesensteunpunthuiselijkgeweld;wecanendallviolenceagainstwomen;wfz,,0,,,,0.235,,,,,,,,,,,,,,,,,,0,,105,52,,,0,0,0,9,0,0,0,2023,0.0,0.0,,,,0.333,,,,,,,Business & professional services,,,,False
avantlalettre.nl,after,control,1.0,acteursbureaukapok;agora;almerehavenfestival;ambitionit;blackware;bureaucontekst;coc;cocmiddennederland;cogem;cogemcommissiegenetischemodificatie;cwm;cwmcommissiewelstandenmonumentenutrecht;dagjelesgeven;dansvoormeifestival;degalanschoolvoortraining;dekleineprins;delettersvanutrecht;ehrmvision;erasmusmcexpertisecentrumnederlands;franzlisztpianoconcours;gemeenteutrecht;ggzutrecht;groenlinks;houktrainingcoaching;huiselijkgeweld;humanitasdmh;immo;immobeheereffectenvastgoed;knovkoninklijkenederlandseorganisatievanverloskundigen;kranenburgpraktijkonderwijs;lettersvanutrecht;mantelzorgsamenwerkingsverband;moviera;movisie;nationaalepilepsiefonds;oogfonds;oostrom;oostromarbeidsconsultancy;overdewereldreisblad;pandora;razecrectenggg;sbwustichtingbeschermendewoonvormenutrecht;schoolvoorbeeld;stichtingvriendschapsbandutrechtlen;stratecservices;stuttheater;tekstadviesenprojectmanagementannemarievandenhoven;tekstbureauannekevanbostelen;theaterkikker;ucentraal;universiteitutrecht;viejautrechtadviesensteunpunthuiselijkgeweld;wecanendallviolenceagainstwomen;wfzwaarborgfondsvoordezorgsector,,0,,,,,,,,0,0,0,0,0,0,0,,,,,,,,0,46,104,54,6,8,0,0,0,0,0,0,0,2023,0.0,0.0,,,,,,,,,,,,,,,False
bloeimedia.nl,before,control,1.25,axians;boekproducties;certe;certiekindercommunicatie;diagnostiekdrenthe;dialysecentrumgroningen;easyagile;hetverdwenengroningen;hothothot;ijsverenigingnoorderrondritten;kolibrie;nhlstenden;nsa;solidevastgoedbeheer;streetfit;swvgo;umbrella;voil;wardenburgbeveiligingentelecom;winklerprins,industry+craft,2,,0.541,0.5,0.375,1.0,,,,,,,,,,,,,,,,,0,,20,20,,,0,14,2,4,1,0,0,2024,0.0,0.0,,0.714,0.5,0.5,1.0,,,,Branding & huisstijl,Regionaal (binnen Nederland),Healthcare & care,"Merk, huisstijl & verhaal",,,True
dotverbindt.nl,after,control,1.875,arbeidsmarktregiohaaglanden;gemeenterijswijk;ipphaaglanden;musicalwillemvanoranje;octatube;rijswijkbuiten;theotherdogs;willemvanoranje,channel,1,0.556,0.333,1.0,0.167,1.0,,,1,2,1,5,0,0,0,1.0,0.5,1.0,0.2,,,,5,1,14,8,10,7,3,3,2,6,1,0,0,2025,0.125,0.0,0.667,0.333,1.0,0.167,1.0,,,Multi-channel & omnichannel,Website & webdesign,Regionaal (binnen Nederland),Manufacturing & industrial,Naamsbekendheid & zichtbaarheid,,,True
bsetmedia.nl,after,control,1.222,adreindersvleesrokerijzouterij;boimago;bureaudemat;deinnovatiemakelaar;dewandelcoach;facilitydealnl;gasoil;hoefnagelspecialaloys;ilsettimoborgo;imagonederland;in2action;liannevangenugten;odekerkenlogopedie;protass;relatietherapiezwolle;ssfacilityservices;successieinbedrijf;technoselect,craft,1,,0.686,1.0,0.333,1.0,,,0,0,0,0,0,0,0,,,,,,,,1,18,19,18,0,0,0,11,1,3,1,0,0,2025,0.0,0.0,,0.818,1.0,0.333,1.0,,,,Website & webdesign,Specifiek buitenland,"Hospitality, tourism, sports & recreation","Merk, huisstijl & verhaal",,,False
fresher.nl,before,control,1.125,briefvandekoning;comlinq;lindabalk;maatstudio;mannenmetsmaak;merelmorrenl;ouderechtbank;samenbijzonder,craft,1,,0.556,,1.0,,,,,,,,,,,,,,,,,,0,,8,8,,,0,3,0,1,0,0,0,2025,0.0,0.0,,0.667,,1.0,,,,,Website & webdesign,,Business & professional services,,,,False
freshheads.com,before,narrower,1.556,aanpakkers;achmea;akwaggz;appjection;centraalbeheer;cocoroco;humanrightstattoo;interpolis;ofed;quista;roadguard;roanluxurycampingholidays;royalhaskoningdhv;skilz;standbyzorg;stichtingquiet;tbiholdings;youngones,craft,1,1.0,0.554,0.5,0.25,,1.0,,,,,,,,,,,,,,,,0,,18,18,,,1,11,2,8,0,1,0,2025,0.0,0.056,1.0,0.727,0.5,0.375,,1.0,,Webshop & e-commerceplatform,Apps & maatwerk platforms,Regionaal (binnen Nederland),Healthcare & care,,Zakelijke afnemers (B2B),,False
claimyouraim.nl,before,control,2.583,95percent;bioline;buchelekriekaard;deboerinnenkalender;deventerstroomt;gemeentedeventer;matzsocial;montrealsolutions;paal8hotelaanzee;temminkbouwprojekten;vandijk;warmtebedrijfede,job+channel+geo,3,0.388,0.235,0.556,0.156,0.333,0.25,0.28,,,,,,,,,,,,,,,0,,22,12,,,7,9,3,8,6,4,5,2024,0.75,0.167,0.571,0.333,0.667,0.25,0.5,0.25,0.4,Multi-channel & omnichannel,Branding & huisstijl,Regionaal (binnen Nederland),"Energy, utilities & environment","Merk, huisstijl & verhaal",Gemengd,Omvang in cijfers,False
eye-c.nl,after,control,3.125,90sonlyonthebeach;bvlmakelaars;coolersairco;gemeentedenhaag;mobiwerk;reindersvansoest;unicomm;vroegertje,geo,1,0.306,0.188,0.625,0.184,0.184,1.0,0.333,7,7,2,5,5,0,3,0.429,0.286,1.0,0.4,0.2,,0.333,0,1,10,8,1,7,7,8,4,7,7,1,3,2023,0.875,0.375,0.429,0.25,0.75,0.286,0.286,1.0,0.333,SEO & organische vindbaarheid,Website & webdesign,Nederlandse stad of plaats,Manufacturing & industrial,Website verouderd of nieuw nodig,Gemengd,Omvang in cijfers,True
90graden.com,after,control,1.444,aafje;centrop;gemeenteamstelveen;gemeentekrimpen;gemeentewaddinxveen;magiccare;rvent;shell;sophiakinderziekenhuis,industry+craft,2,1.0,0.388,1.0,0.556,0.5,,1.0,1,2,0,0,1,0,0,1.0,0.5,,,1.0,,,0,7,26,9,3,2,1,7,1,3,2,0,2,2023,0.111,0.0,1.0,0.571,1.0,0.667,0.5,,1.0,Multi-channel & omnichannel,Branding & huisstijl,Nederlandse stad of plaats,"Nonprofits, charities & associations",Bewustwording & gedragsverandering,,Omvang in cijfers,False
create-convert.nl,before,narrower,1.6,bubbelsjets;iso2handle;konnected;plafondgarantnl;qdp;renvos;sportverlichtingcom;stmpdstudios;theunemployedchefs;wijverhurenprinters,craft,1,0.28,0.68,1.0,0.5,0.5,1.0,1.0,,,,,,,,,,,,,,,0,,13,10,,,10,5,1,2,2,1,1,2024,0.2,0.2,0.3,0.8,1.0,0.5,0.5,1.0,1.0,SEO & organische vindbaarheid,Website & webdesign,Specifiek buitenland,"Media, culture & entertainment","Meer leads, aanvragen & verkoop",Zakelijke afnemers (B2B),Startup / jong / groeiend,False
be-interactive.nl,after,control,2.857,abdijolvvankoningshoeven;gruijtersaluminium;kloosterwinkelonlinenl;logisticforce;reynaers;tjecco;wyt,channel,1,0.375,0.265,1.0,0.224,0.333,0.5,0.5,1,1,0,1,0,0,0,1.0,1.0,,1.0,,,,0,6,18,7,0,1,4,7,1,7,3,2,2,2025,0.857,0.0,0.5,0.286,1.0,0.286,0.333,0.5,0.5,Webshop & e-commerceplatform,Branding & huisstijl,Heel Nederland (landelijk),"Food, beverage & agriculture","Merk, huisstijl & verhaal",Zakelijke afnemers (B2B),Familiebedrijf / gevestigd met historie,True
be-remarkable.nl,after,control,1.8,druppa;handsincontrol;meditop;szr;technohub,industry+craft,2,1.0,0.44,1.0,0.375,,,1.0,1,5,1,4,0,0,1,1.0,0.6,1.0,0.5,,,1.0,0,0,5,5,0,5,1,5,1,4,0,0,1,2020,0.0,0.0,1.0,0.6,1.0,0.5,,,1.0,Webshop & e-commerceplatform,Apps & maatwerk platforms,Internationaal / wereldwijd,Healthcare & care,,,Omvang in cijfers,False
bearsfactory.nl,before,control,1.333,martincuypers;wantenbouw;ylvadite,channel,1,0.556,,1.0,,,,1.0,,,,,,,,,,,,,,,0,,3,3,,,3,0,1,0,0,0,1,2025,0.0,0.0,0.667,,1.0,,,,1.0,Multi-channel & omnichannel,,Internationaal / wereldwijd,,,,Familiebedrijf / gevestigd met historie,True
3wmedia.nl,after,control,2.1,beeksebergen;beermannmode;golfclubhetrijkvannijmegen;raaijmakers;restaurantwiesen;rubix;rubixnl;skylar;smartdentals;vanhoorneentertainment,job+geo,2,0.333,0.21,0.556,0.2,0.556,,1.0,0,1,0,1,0,0,0,,1.0,,1.0,,,,0,8,16,10,7,2,3,9,3,5,3,0,1,2024,0.4,0.2,0.333,0.333,0.667,0.2,0.667,,1.0,"Branding, campagne & activatie",Website & webdesign,Nederlandse stad of plaats,"Hospitality, tourism, sports & recreation","Merk, huisstijl & verhaal",,Omvang in cijfers,False
0209design.nl,after,control,1.429,2dict;basisschooldelinde;bomengineering;cortevaagriscience;cortevapioneer;cortevazorvec;degrootverburg;degrootverburgkaas;dupontzorvec;gasterijdekladde;gooischepikante;huisartsenpraktijkhuijbergen;jofibfysiotherapie;kindcentraobo;laudam;mediairadministratie;mediairadvies;meijerpotato;pagter;rihointernational;schoonheidssalonfrancien;sevagovastgoedbeheer;sparuitdestreek;teamdoelbewustcolsensation;vermovloerverwarmingsystemen;verzinkerijwestbrabant;wijland;zemiceurope,geo,1,,0.207,1.0,0.139,,,,0,22,3,12,0,0,0,,0.273,1.0,0.167,,,,0,0,63,28,0,28,0,22,3,12,0,0,0,2020,0.0,0.0,,0.273,1.0,0.167,,,,,Branding & huisstijl,Europa,Healthcare & care,,,,False
072design.nl,after,control,1.571,castilomeubelmakers;conijnparket;nathaliethielen;taichiigor;tamfossils;uniteitprofessionals;vronieachenbach,industry+craft,2,,0.5,,0.556,,,,0,4,0,3,0,0,0,,0.5,,0.667,,,,0,0,8,7,0,7,0,4,0,3,0,0,0,2024,0.0,0.0,,0.5,,0.667,,,,,Webshop & e-commerce,,"Construction, real estate & housing",,,,True
anytime.nl,after,control,2.7,bol;bruna;carhartt;kbl;onitsukatiger;rituals;stichtinglezenenschrijven;suitsupply;vangoghmuseum;wereldhave,craft,1,1.0,0.469,0.5,0.222,1.0,,,1,3,0,1,0,0,0,1.0,0.667,,1.0,,,,0,7,35,10,18,3,1,8,2,6,1,0,0,2022,1.0,0.0,1.0,0.625,0.5,0.333,1.0,,,Social media organisch,"Video, animatie & fotografie",Heel Nederland (landelijk),Retail & e-commerce (general consumer goods),Klantbehoud & loyaliteit,,,False
epic.nl,after,control,1.875,annettegerritsen;femkeheemskerk;heraclesalmelo;jongensterk;pietervandenhoogenband;rocvantwente;topsportcommunity;valuecare,craft,1,1.0,0.44,1.0,0.28,1.0,,,0,1,0,0,0,0,0,,1.0,,,,,,0,7,11,8,11,1,1,5,2,5,1,0,0,2025,0.25,0.0,1.0,0.6,1.0,0.4,1.0,,,Offline media & events,Website & webdesign,Regionaal (binnen Nederland),"Hospitality, tourism, sports & recreation",Groei & nieuwe markten,,,True
begradient.com,before,narrower,1.286,24sessions;easyfairs;gobear;hezelburcht;inshared;leoprinting;voigttravel,channel,1,0.556,0.224,,1.0,,,1.0,,,,,,,,,,,,,,,3,,13,7,,,3,7,0,1,0,0,1,2023,0.0,0.0,0.667,0.286,,1.0,,,1.0,"SEA, display & overige paid advertising",Online adverteren (paid ads),,"Software, IT & telecom",,,Startup / jong / groeiend,False
alexxdesign.nl,before,control,1.5,applegadgetsvoorwonderwomen;nszakelijk;powerboatscheveningen;sduuitgevers;tnobedrijven;wolterskluweruitgevers,craft,1,,0.44,1.0,0.333,,1.0,1.0,,,,,,,,,,,,,,,1,,7,6,,,0,5,1,3,0,1,1,2023,0.0,0.0,,0.6,1.0,0.333,,1.0,1.0,,"Grafisch ontwerp, drukwerk & print",Nederlandse stad of plaats,Retail & e-commerce (general consumer goods),,Webshop consumenten (D2C),Startup / jong / groeiend,False
alexxdesign.nl,after,control,2.0,detelegraaf;npexeffectenbeurs;rijkswaterstaat;tnocompanies;vananaarbeter,,0,,0.28,0.5,0.28,,,,0,5,2,5,0,0,0,,0.4,0.5,0.4,,,,19,0,24,5,6,5,0,5,2,5,0,0,0,2023,0.0,0.0,,0.4,0.5,0.4,,,,,UX/UI & interface design,Heel Nederland (landelijk),Government & public sector,,,,True
alfred.nl,before,control,1.0,calv;lidl;rivella,,0,,,,,,,,,,,,,,,,,,,,,,0,,3,3,,,0,0,0,0,0,0,0,2025,0.0,0.0,,,,,,,,,,,,,,,False
dd.agency,after,control,1.333,amasoul;mercedesf1xtommyxclarenceruth;plline;ritualssakura;tommyxkendall;yoek,,0,,,,1.0,,,,0,0,0,2,0,0,0,,,,1.0,,,,0,0,6,6,7,6,0,0,0,2,0,0,0,2023,0.0,0.0,,,,1.0,,,,,,,"Fashion, beauty & personal goods",,,,True
de-reclamefabriek.nl,before,narrower,1.143,albron;aldi;bol;makro;praxis;raiamsterdam;subway,craft,1,0.5,0.556,1.0,,,1.0,,,,,,,,,,,,,,,,1,,10,7,,,2,3,1,0,0,1,0,2025,0.143,0.0,0.5,0.667,1.0,,,1.0,,Multi-channel & omnichannel,"Grafisch ontwerp, drukwerk & print",Heel Nederland (landelijk),,,Consumentenmarkt offline,,False
avancecommunicatie.nl,before,control,2.667,alliantieenvoedingindezorg;appeldejong;baggerdepothollandschdiepcombinatiedeboerenvanderkamp;deltachesterfield;dijkhofhoutbouw;europrofs;itip;lesgnreux;mvh;primesolutions;stichtingalliantievoedingindezorg;ziekenhuisgeldersevallei,channel+geo,2,0.375,0.222,0.375,0.235,0.21,0.28,1.0,,,,,,,,,,,,,,,0,,14,12,,,4,12,4,9,9,5,2,2025,0.833,0.083,0.5,0.333,0.5,0.333,0.333,0.4,1.0,Multi-channel & omnichannel,Website & webdesign,Heel Nederland (landelijk),Manufacturing & industrial,"Merk, huisstijl & verhaal",Zakelijke afnemers (B2B),Omvang in cijfers,False
edenfrost.com,before,control,2.562,almerecitymarketing;amsterdampartners;amsterdamsciencepark;apmterminals;boats;broadstreet;cityofamsterdam;cubatravelnetwork;erveeurope;expatcenter;gemeenteamsterdam;iamsterdam;inamsterdam;leshuttle;netherlandsinstituteforadvancedstudy;nias,craft+geo,2,0.26,0.42,0.592,0.153,0.22,1.0,,,,,,,,,,,,,,,,0,,25,16,,,10,13,7,12,10,2,0,2025,0.562,0.25,0.4,0.615,0.714,0.25,0.3,1.0,,SEO & organische vindbaarheid,Content & copywriting,Nederlandse stad of plaats,"Hospitality, tourism, sports & recreation","Merk, huisstijl & verhaal",Zakelijke afnemers (B2B),,False
fffunction.studio,before,control,1.125,bellscomedyclub;domusadam;eyvacare;kamubreda;municipalityofeindhoven;schommelaantafel;studiosociaalcentraal;topcastmedia,,0,,,,1.0,,,,,,,,,,,,,,,,,,0,,8,8,,,0,0,0,1,0,0,0,2023,0.0,0.0,,,,1.0,,,,,,,"Media, culture & entertainment",,,,False
buenaparte.nl,after,narrower,1.0,duurzaamgroningen;gemeentegroningen;ggznoord;groningenbereikbaar;hacksclusive;hetnoordenwerktdoor;lentis;natuurmonumenten;nom;onlineveilingmeesternl;payt;score;sweco;topdutch;uwv;visitwadden;vnn,,0,,1.0,,,,,,0,0,0,0,0,0,0,,,,,,,,0,7,18,17,12,10,0,1,0,0,0,0,0,2024,0.0,0.0,,1.0,,,,,,,Campagnes & creatieve concepten,,,,,,False
bullin.nl,before,narrower,1.333,aafke;aduh;frankdewit;geezerbox;hippocampusaanzee;queerkrantvannederland,,0,,0.278,0.5,0.5,1.0,,,,,,,,,,,,,,,,,17,,33,6,,,0,6,2,2,1,0,0,2025,0.0,0.0,,0.333,0.5,0.5,1.0,,,,"Video, animatie & fotografie",Heel Nederland (landelijk),"Media, culture & entertainment",Content & creatieve productie,,,True
dwzo.nl,after,narrower,1.0,alonzi;archipelscholen;autoschadeteam;christenunieschouwenduiveland;dethon;elopak;euresscheldemond;evaregelt;gemeentereimerswaal;gemeentereimerswaalafdelinggemeentewerken;gemeenteschouwenduiveland;gemeenteterneuzen;ggzwnb;hydrauvision;provinciezeeland;provinciezeelandtractaatweg;puttervastgoed;respontscholengroep;smartdeltaresources;stadterneuzen;syndus;tonetime;tragelzorg;uwveures;vvvzeeland;woongoedzeeuwsvlaanderen;zbplanbureauzeeland;zeeuwsegemeenten;zorggroepterweel;zorgstroom,,0,1.0,0.247,,,,,,0,5,0,0,0,0,0,,0.6,,,,,,0,25,92,30,21,5,1,30,0,0,0,0,0,2020,0.0,0.0,1.0,0.333,,,,,,Social media organisch,"Grafisch ontwerp, drukwerk & print",,,,,,False
cookscrossover.com,after,narrower,1.0,abinbev;aviko;bolletje;gotan;perfettivanmelle;redbull,craft,1,,0.375,,,,,,0,3,0,0,0,0,0,,0.667,,,,,,0,2,6,6,0,4,0,4,0,0,0,0,0,2020,0.0,0.0,,0.5,,,,,,,Strategie & advies,,,,,,True
cop-y.nl,before,control,2.222,fysiofit;gemeentebrummen;gemeentezutphen;golfaxs;rabobank;rabobankoostbetuwe;stichtingprimaironderwijsgroesbeek;stichtingtimeus;willemsenmakelaars,geo,1,0.265,0.333,0.333,0.25,1.0,0.5,1.0,,,,,,,,,,,,,,,0,,13,9,,,7,9,6,4,1,2,1,2020,0.778,0.0,0.286,0.444,0.5,0.25,1.0,0.5,1.0,Offline media & events,"Grafisch ontwerp, drukwerk & print",Nederlandse stad of plaats,Healthcare & care,"Leden, leerlingen & donateurs werven",Zakelijke afnemers (B2B),Omvang in cijfers,False
dwzo.nl,before,narrower,1.978,adrz;alonzi;archipelscholen;autoschadeteam;biesbroeckautomation;binkhorstlsa;citymarketing;derede;dethon;elopak;eures;euresscheldemond;evaregelt;gemeentereimerswaal;gemeentereimerswaalafdelinggemeentewerken;gemeenteschouwenduiveland;gemeenteterneuzen;ggdzeeland;hydrauvision;kant;provinciezeeland;provinciezeelandtractaatweg;puttervastgoed;reimerswaal;respontscholengroep;rpcz;scalda;scaldazpo;schouwen;staatvanzeeland;stadterneuzen;syndus;terneuzen;terweel;tonetime;tractaatweg;tragelzorg;uwv;viazorg;vvvzeeland;woongoed;woongoedzeeuwsvlaanderen;zbplanbureauzeeland;zeelandvoorelkaar;zorggroepterweel;zorgstroom,industry+craft+stage,3,,1.0,,0.389,,,1.0,,,,,,,,,,,,,,,1,,56,46,,,0,18,0,42,0,0,3,2020,0.0,0.0,,1.0,,0.571,,,1.0,,Campagnes & creatieve concepten,,Government & public sector,,,MKB / middelgroot,False
bureaubijma.nl,before,narrower,1.0,diergaardeblijdorp;nederlandsevoedselenwarenautoriteit;terra;ysvb,,0,,1.0,,,,,,,,,,,,,,,,,,,,0,,4,4,,,0,2,0,0,0,0,0,2024,0.0,0.0,,1.0,,,,,,,"Online marketing, performance & CRO",,,,,,False
bureaubijma.nl,after,narrower,1.111,badkamerenkeukenmakelaar;diergaardeblijdorp;huidklinieksteijaert;hunebedcentrum;jakdesign;josmolemacoaching;meetarchie;nederlandsevoedselenwarenautoriteit;terra,,0,1.0,0.2,,,,,,1,4,0,0,0,0,0,1.0,0.25,,,,,,0,3,9,9,1,6,1,5,0,0,0,0,0,2024,0.0,0.111,1.0,0.2,,,,,,SEO & organische vindbaarheid,"Outcome-verkoop (leads, omzet, groei)",,,,,,True
bureaudrp.nl,before,control,1.286,actium;asserstadsloop;gemeenteassen;mijnbuurtassen;namonegas;plateauintegralekindcentra;publiekvervoer,craft,1,,0.722,1.0,0.5,,,,,,,,,,,,,,,,,,0,,8,7,,,0,6,1,2,0,0,0,2023,0.0,0.0,,0.833,1.0,0.5,,,,,"Grafisch ontwerp, drukwerk & print",Regionaal (binnen Nederland),Education & childcare,,,,False
commar.nl,after,narrower,1.333,albertschweitzerziekenhuis;goudwisselkantoor;jielineremotediagnostics;livastgo;sportforothers;woordendaad,craft+channel,2,0.556,0.389,,1.0,,,,2,5,0,0,0,0,0,0.5,0.6,,,,,,0,1,6,6,3,5,3,6,0,1,0,0,0,2023,0.0,0.0,0.667,0.5,,1.0,,,,"SEA, display & overige paid advertising",Website & webdesign,,Healthcare & care,,,,True
designchefs.nl,after,control,,,,0,,,,,,,,0,0,0,0,0,0,0,,,,,,,,4,0,4,0,8,0,0,0,0,0,0,0,0,2024,,,,,,,,,,,,,,,,,False
dd.agency,before,control,2.0,auverture;beiersdorf;blumen;designhunter;milu;moderndesign;slazenger,industry,1,,,,0.556,,,,,,,,,,,,,,,,,,0,,7,7,,,0,0,0,3,0,0,0,2023,0.0,0.0,,,,0.667,,,,,,,"Fashion, beauty & personal goods",,,,False
comm-on.nu,before,control,1.412,alvivahuisartsenpraktijk;baes;boskalisbeheerslufter;bronxshoes;cforce;debodegraafsekaasboer;delta8211bestelstraat;deruijterstrategie;ecorent;motopainthogenboom;numromagazine;poelman;promove;redriver8211vaneck;royalreesink;uitgeverijinstruct;zwammerdam,craft+channel,2,0.527,0.347,1.0,0.2,0.333,0.333,1.0,,,,,,,,,,,,,,,0,,28,17,,,13,12,1,5,3,3,1,2025,0.059,0.0,0.615,0.5,1.0,0.2,0.333,0.333,1.0,Website & CMS,Website & webdesign,Heel Nederland (landelijk),"Energy, utilities & environment",Website verouderd of nieuw nodig,Webshop consumenten (D2C),Omvang in cijfers,True
10uur.nl,before,control,2.0,hollandnationalparks;northseaport,,0,,0.5,0.5,0.5,,,,,,,,,,,,,,,,,,0,,2,2,,,0,2,2,2,0,0,0,2023,0.0,0.0,,0.5,0.5,0.5,,,,,Campagnes & creatieve concepten,Internationaal / wereldwijd,Government & public sector,,,,False
10uur.nl,after,control,1.0,dehuisartsenconnectie;hzuniversityofappliedsciences;lescaut;zorgstroom,craft+job,2,,0.375,1.0,,0.556,,,0,4,1,0,3,0,0,,0.5,1.0,,0.667,,,0,0,4,4,2,4,0,4,1,0,3,0,0,2023,0.0,0.0,,0.5,1.0,,0.667,,,,Employer branding & recruitment,Regionaal (binnen Nederland),,Personeel werven & werkgeversmerk,,,False
cre8agency.nl,after,narrower,1.667,carpaccioexpress;compoziet;curlscontrol;decathlon;duurzaamxl;heatup;kickboxingsociety;livizainterieurgroep;maxfit;scheerdakkapellenkozijnen;schoutenhoveniers;teamrockstarsit,craft+channel,2,0.52,0.722,,1.0,1.0,,,5,6,0,1,1,0,0,0.6,0.833,,1.0,1.0,,,1,0,13,12,0,12,5,6,0,1,1,0,0,2024,0.0,0.583,0.6,0.833,,1.0,1.0,,,Social media organisch,"Video, animatie & fotografie",,"Hospitality, tourism, sports & recreation","Meer leads, aanvragen & verkoop",,,False
creanza.nl,before,control,1.0,dialogroadshow;madein040;masterpiece;ois;operationalintelligence;staadgrondwerk,,0,,,,,,,,,,,,,,,,,,,,,,0,,6,6,,,0,0,0,0,0,0,0,2023,0.0,0.0,,,,,,,,,,,,,,,False
creanza.nl,after,control,1.0,dialogroadshow;madein040;masterpiece;ois;operationalintelligence;staadgrondwerk,,0,,,,,,,,0,0,0,0,0,0,0,,,,,,,,0,6,6,6,0,0,0,0,0,0,0,0,0,2023,0.0,0.0,,,,,,,,,,,,,,,False
bu3.nl,after,control,2.333,robvanamerongen;tripleimpactcoaching;vitamentalis,,0,1.0,0.333,1.0,0.5,,,,2,3,1,2,0,0,0,1.0,0.333,1.0,0.5,,,,0,0,3,3,0,3,2,3,1,2,0,0,0,2020,0.0,0.333,1.0,0.333,1.0,0.5,,,,Website & CMS,Strategie & advies,Nederlandse stad of plaats,Healthcare & care,,,,False
dominomedia.nl,after,control,1.333,chrisvanrossum;johnruskauff;lutechluchttechniek;nienkebronkhorst;readytogoloopbaancoachingadvies;rotonliftseurope,craft,1,1.0,0.556,,0.5,,,,1,3,0,2,0,0,0,1.0,0.667,,0.5,,,,0,0,6,6,0,6,1,3,0,2,0,0,0,2024,0.0,0.0,1.0,0.667,,0.5,,,,Social media organisch,"Grafisch ontwerp, drukwerk & print",,Business & professional services,,,,False
dotverbindt.nl,before,control,1.636,ahvrij;arbeidsmarktregiohaaglanden;bewonersstichtingderodefeniks;gdskeramiek;hapschievliet;hellopadelacademy;neobis;parkerendelft;platformveiligondernemen;rijswijksebelangenverenigingbbr;vandervalka4delft,geo,1,0.333,0.25,0.68,0.167,1.0,,,,,,,,,,,,,,,,,2,,14,11,,,3,8,5,6,1,0,0,2025,0.091,0.0,0.333,0.375,0.8,0.167,1.0,,,Multi-channel & omnichannel,Strategie & advies,Nederlandse stad of plaats,"Nonprofits, charities & associations","Meer leads, aanvragen & verkoop",,,True
groovedigital.agency,before,control,1.143,aaltjestegenongedierte;edelcollections;ftamsterdam;ghostwritingagency;kifid;pinecone;raapropertiesdubai;restaurantmosamsterdam;restaurantpand33;supioretours;tribecapropertiesdubai;trustmarketing;tvhurenbe;yourcontent,craft+channel,2,0.68,0.506,1.0,0.5,,1.0,,,,,,,,,,,,,,,,0,,14,14,,,5,9,1,2,0,1,0,2024,0.0,0.0,0.8,0.667,1.0,0.5,,1.0,,Website & CMS,Website & webdesign,Specifiek buitenland,Finance & insurance,,Webshop consumenten (D2C),,True
baakbeeld.nl,before,control,1.0,bouwdoekstelaertshoevemvgm;damarbewind;hannekefrancken;klusbedrijfedvugts;moonenautoschades;oogblik;organizingpower;parktilburg;samenwijz;stichtingecovata;stichtingmensdiernood;taalvaardig,,0,,0.333,,,,,,,,,,,,,,,,,,,,1,,13,12,,,0,9,0,0,0,0,0,2023,0.0,0.0,,0.333,,,,,,,Branding & huisstijl,,,,,,True
baakbeeld.nl,after,control,1.0,carenvanherwaarden;damarbewind;moonenautoschades;organizingpower;samenwijz,,0,,0.36,,,,,,0,1,0,0,0,0,0,,1.0,,,,,,0,4,5,5,8,1,0,5,0,0,0,0,0,2023,0.0,0.0,,0.4,,,,,,,Website & webdesign,,,,,,False
friskagency.com,before,narrower,2.0,hondadealers,,0,1.0,1.0,,,,,,,,,,,,,,,,,,,,0,,1,1,,,1,1,0,0,0,0,0,2025,0.0,1.0,1.0,1.0,,,,,,Multi-channel & omnichannel,"Online marketing, performance & CRO",,,,,,False
elephantdesign.nl,after,control,1.0,agrartrucks;ammizi;atelierhuybreghs;atermes;babysworld;bergers;blissice;blix;brandsmageometrie;compo;confident;daivor;dapto;drielandenpunt;dutchrana;famseed;fpinternational;fysiotherapiegrachterheide;gemeentekerkrade;handelbouwadvies;hattrick;hellolifi;hoevedegeleenhof;holkatrade;huidenoedeemtherapieheerlen;huisartsenpraktijkurmond;hulpbijboetes;kerckhoff;knapenbrewery;krijtlandwonen;larkinfolab;mariamalki;matchpoint;moordkasteeleu;moralis;opwegmetmama;orbisvita;osbornedressage;poppartyonaplate;pureminds;quizzzit;qwiek;ricru;riverdeltacapital;rswervingenselectie;sineregno;socialsmart;startransfer;steppingstones;studiojetset;trafieq;uva;watikjegraagzeggenwil;wonderland;woonpleinlimburg,,0,,0.347,,,,1.0,,0,24,0,0,0,0,0,,0.417,,,,,,0,31,55,55,1,24,0,55,0,0,0,2,0,2020,0.0,0.0,,0.4,,,,1.0,,,Website & webdesign,,,,Webshop consumenten (D2C),,False
elevendigital.nl,after,narrower,1.827,42workspace;aircruisecollection;anywhere365;attentives;blauwhoed;burgernet;captainsmarketingguys;code;collectioneursnl;crlia;cygnusfood;deburgemeesters;decoulissen;deltafibernederland;demarketingninja;designup;dezakelijkewebsite;dotbusiness;eastnomads;edendistrict;eelcosmitboekvoormannen;eimerseiland;ekomenu;energyfloors;gerrardstreet;glazendouchedeurennl;heilijgers;interhome;inwork;jackbean;jobboostio;jobpromo;kameryck;kruiswijk;masccompany;mijnhoutenjaloezieennl;mijnraamdecoratienl;mogelijk;mogelijkvastgoedfinanciering;museumdepotshopnl;nextbuzz;ortec;pointofview;reclamebureau390;smaakschiedam;stackrotterdam;trustenl;vindability;vivaranl;webleaders;wijzeroverdebassischoolnl;zantman,craft+channel,2,0.556,0.375,,0.218,,,,3,4,0,36,0,0,0,0.667,0.5,,0.333,,,,0,0,52,52,0,52,3,4,0,36,0,0,0,2024,0.0,0.0,0.667,0.5,,0.333,,,,"SEA, display & overige paid advertising",Online adverteren (paid ads),,"Construction, real estate & housing",,,,False
digidee.nl,before,control,1.429,actifaid;boost;enschedemarathon;lambokoffie;ommerland;ouderacademie;owk,,0,,1.0,0.5,0.333,,,,,,,,,,,,,,,,,,0,,7,7,,,0,1,2,3,0,0,0,2024,0.0,0.0,,1.0,0.5,0.333,,,,,Branding & huisstijl,Heel Nederland (landelijk),"Construction, real estate & housing",,,,True
digimedion.nl,before,control,1.278,delaak;dentalma;derijdocent;deutrechtsetandartspraktijk;domoticavormgevers;enwijdoenderestnl;flexvak;haardencentrum;hoekschoeman;hollandsmaatwerk;karssenfinancieel;kredietapk;proebike;progeria;smaragdexpress;tandartsovernamenl;toppraktijk;ubrush,craft+channel,2,1.0,0.704,,0.28,,0.5,,,,,,,,,,,,,,,,9,,28,18,,,3,18,0,5,0,2,0,2020,0.0,0.0,1.0,0.833,,0.4,,0.5,,"SEA, display & overige paid advertising",Website & webdesign,,Healthcare & care,,"Overheid, zorg & onderwijs",,False
digimedion.nl,after,control,1.462,creativetentsystems;deliverysupport;derijdocent;haardencentrum;hollandsmaatwerk;karssenfinancieel;lifestylesalonlilou;meubelspuiterij4all;poorteijk;proebike;proindustry;stijlbadkamers;tandartsovername,craft,1,,0.383,,0.222,1.0,1.0,1.0,0,6,0,5,1,1,0,,0.667,,0.2,1.0,1.0,,3,5,16,13,13,8,0,9,0,6,1,1,1,2020,0.0,0.0,,0.556,,0.333,1.0,1.0,1.0,,Website & webdesign,,"Construction, real estate & housing",Website verouderd of nieuw nodig,Consumentenmarkt offline,Startup / jong / groeiend,True
daylinq.nl,after,control,1.091,abcprofessionals;almeregroengezond;americanchamberofcommerce;digitrans;dpait;energieflex;lebara;ruuddewild;secretgarden;sonymusicentertainment;urbangreenstore,,0,,0.284,,1.0,,,,0,9,0,1,0,0,0,,0.444,,1.0,,,,2,0,17,11,0,11,0,9,0,1,0,0,0,2020,0.0,0.0,,0.444,,1.0,,,,,Branding & huisstijl,,Retail & e-commerce (general consumer goods),,,,False
aim.nu,after,control,1.0,abvhaukes;alvast;amsterdamdinerfoundation;amsterdamumc;anoukhart;arslanlit;bausch;bernafon;bmo;bmowerkt;cafehoppe;careforprofessionals;churchhouse;codi;decokay;deraad;designfinish;directbusiness;dtkvastgoed;eigenwijs;elanmakelaars;energyflip;evodoc;eziprep;floreat;gevavi;heerenmakelaars;hendriksestomerijen;hollandnovochem;houbendebruijn;hteam;icecream;ipp;jacobsvandermeij;jeeko;kite4lifefoundation;knapexpatbroker;knapmakelaardij;krijtberg;lowland;maakmijbeter;mrbrown;mstrace;nhcv;nvhb;pmprojecten;searay;stichtingcancercenteramsterdam;stichtinghivmonitoring;superfeet;thebrickclub;thediaryissue;veeneman;voormamillenaar;wereldzonderkinderkanker;willbfrank,,0,,0.369,,,,,,0,15,0,0,0,0,0,,0.4,,,,,,0,35,110,56,31,21,0,46,0,0,0,0,0,2020,0.0,0.0,,0.478,,,,,,,Website & webdesign,,,,,,False
atlantiscreative.nl,after,control,1.182,arcmarine;erasmusmcclmz;frankelandgroep;gemeentenissewaard;grizzenergygum;kokwatersport;magentazorg;marente;nissewaardwoontnl;pbmdiscounter;smartsd,,0,1.0,0.22,1.0,1.0,,0.36,,0,2,0,0,0,0,0,,0.5,,,,,,0,9,27,11,2,2,1,10,1,1,0,5,0,2024,0.091,0.0,1.0,0.3,1.0,1.0,,0.4,,Social media organisch,Webshop & e-commerce,Nederlandse stad of plaats,Government & public sector,,Webshop consumenten (D2C),,False
atypisch.nl,before,narrower,1.9,178aardigeontwerpers;cardiobridge;deutrechtsekinderboekwinkel;floracultureinternational;gutsglorious;interhoff;laternamagica;stellalab;thedailyindie;wpgmedia,geo,1,,0.5,1.0,0.235,,,,,,,,,,,,,,,,,,0,,10,10,,,0,2,3,9,0,0,0,2020,0.0,0.0,,0.5,1.0,0.333,,,,,Branding & huisstijl,Nederlandse stad of plaats,"Media, culture & entertainment",,,,True
fruto.nl,after,narrower,1.5,ahraamersfoort;algemenewaterschapspartij;atcmatchamersfoort;boulderamersfoort;bouwheerzeewolde;broshuiskampen;byfabulous;ccileidingsystemenklundert;clicknbike;cvrdfashion;desqzeewolde;eerstewoordjesleren;etbvandebeekvoorthuizen;evensureconcepts;hannahcuppen;hoefsmederijkruijssekrabbendijke;horecazonweringnederland;huisartsenpraktijkzandkroonapeldoorn;jouwballonnensoest;kalverliefde;leadershipnativesgroenekan;meyraamersfoort;meyrawinkel;mfvn;nederlandseverenigingvoorduikgeneeskunde;nickcatsburg;otteinfra;overgaauwadviesbarneveld;petrolloapp;praktijk2cachterveld;rietdekkersbedrijfpolhoutbarneveld;rijksdienstvoorhetcultureelerfgoed;rlconsultantsgiessen;royaldesign;scribesamsterdam;sleperschilderwerken;solsidas;stapelopfietsenhoofddorp;stichtingclientsupportamersfoort;stichtingphiladelphiazorgamersfoort;szpecialist;triathlonvathorst;trisomie21researchsociety;vanwijkvastgoedonderhoudamsterdam;vestigiaarcheologiecultuurhistorie;waterwavesleeuwarden,craft+model+geo,3,0.36,0.432,1.0,0.111,,1.0,1.0,4,35,24,11,0,3,1,0.5,0.657,1.0,0.273,,1.0,1.0,5,10,54,46,19,36,5,42,26,18,0,4,1,2020,0.0,0.0,0.4,0.619,1.0,0.167,,1.0,1.0,Webshop & e-commerceplatform,Website & webdesign,Nederlandse stad of plaats,"Construction, real estate & housing",,Webshop consumenten (D2C),Groot / corporate / marktleider,True
fuelled.nl,before,narrower,1.333,brouwerijsterck;decibel;diergaardeblijdorp,,0,1.0,0.333,1.0,1.0,,,,,,,,,,,,,,,,,,0,,3,3,,,2,3,1,1,0,0,0,2023,0.0,0.0,1.0,0.333,1.0,1.0,,,,"Content, video & PR",Campagnes & creatieve concepten,Nederlandse stad of plaats,"Hospitality, tourism, sports & recreation",,,,False
byron.nl,before,control,2.143,bomennlenbotanicalgroup;canisiuscollege;denassau;ehub;hogeschoolvanarnhemennijmegen;mhb;nyma,craft+job,2,0.5,0.389,0.333,0.25,0.375,1.0,1.0,,,,,,,,,,,,,,,0,,11,7,,,2,6,3,4,4,1,1,2020,0.571,0.0,0.5,0.5,0.333,0.25,0.5,1.0,1.0,Offline media & events,Branding & huisstijl,Regionaal (binnen Nederland),"Transport, logistics & automotive","Merk, huisstijl & verhaal",Zakelijke afnemers (B2B),Omvang in cijfers,False
globalvillagemedia.nl,before,narrower,1.0,eerlijkekleding;fairfashionmagazine;fieldlabs;fnvmondiaal;jokesmitcollege;pax;rocvanamsterdam;stichtingals;vso;wildeganzen,craft,1,,0.383,,,,,,,,,,,,,,,,,,,,0,,12,10,,,0,9,0,0,0,0,0,2022,0.0,0.0,,0.556,,,,,,,"Grafisch ontwerp, drukwerk & print",,,,,,False
globalvillagemedia.nl,after,narrower,1.0,comeback;eerlijkekleding;fairfashionmagazine;fieldlabs;fnvmondiaal;jokesmit;jokesmitcollege;metropolislyceum;pax;reclasseringnederland;rocvanamsterdam;stichtingals;stichtingepafras;vso;wildeganzen,craft,1,,0.408,,,,,,0,4,0,0,0,0,0,,0.75,,,,,,0,10,22,15,0,5,0,13,0,0,0,0,0,2022,0.0,0.0,,0.615,,,,,,,"Grafisch ontwerp, drukwerk & print",,,,,,True
goldfizh.nl,before,control,1.444,anicura;artsenzorg;asr;asrvitality;databooster;docline;dytter;gezondnl;greenpan;paxprotectionofcivilians;poywe;randstad;randstadnederland;rootzzofnature;smikkelbol;susa;tempoteam;yacht,industry+channel,2,0.389,0.153,0.5,0.389,1.0,1.0,0.5,,,,,,,,,,,,,,,0,,20,18,,,6,14,2,6,1,1,2,2023,0.056,0.056,0.5,0.214,0.5,0.5,1.0,1.0,0.5,SEO & organische vindbaarheid,Branding & huisstijl,Heel Nederland (landelijk),Healthcare & care,Naamsbekendheid & zichtbaarheid,"Overheid, zorg & onderwijs",Startup / jong / groeiend,True
cop-y.nl,after,control,2.5,fysiofit;gemeentebrummen;gemeentezutphen;golfaxs;jacowiegersma;jacowiegersmamakelaar;rabobank;rabobankoostbetuwe;stichtingprimaironderwijsgroesbeek;stichtingtimeus,geo,1,0.259,0.28,0.388,0.184,1.0,1.0,1.0,1,2,0,1,0,0,1,1.0,0.5,,1.0,,,1.0,0,8,14,10,1,2,9,10,7,7,1,1,1,2020,0.8,0.0,0.333,0.4,0.571,0.286,1.0,1.0,1.0,Website & CMS,Content & copywriting,Nederlandse stad of plaats,Government & public sector,"Leden, leerlingen & donateurs werven",Zakelijke afnemers (B2B),Startup / jong / groeiend,True
ascend-online.nl,before,control,1.0,allcamps;fabory,,0,1.0,0.5,,,,,,,,,,,,,,,,,,,,0,,2,2,,,1,2,0,0,0,0,0,2022,0.0,0.0,1.0,0.5,,,,,,"SEA, display & overige paid advertising",Online adverteren (paid ads),,,,,,False
ascend-online.nl,after,control,1.0,allcamps;fabory,,0,1.0,0.5,,,,,,0,0,0,0,0,0,0,,,,,,,,0,2,2,2,0,0,1,2,0,0,0,0,0,2022,0.0,0.0,1.0,0.5,,,,,,"SEA, display & overige paid advertising",Online adverteren (paid ads),,,,,,False
asociaalmarketing.nl,before,control,1.0,duifhuizen;fullyhyped;onderwijsmetict;reprimande,,0,,0.5,1.0,,,,,,,,,,,,,,,,,,,0,,4,4,,,0,2,1,0,0,0,0,2023,0.0,0.0,,0.5,1.0,,,,,,"Video, animatie & fotografie",Specifiek buitenland,,,,,False
brandcode.nl,before,control,2.929,4skating;adr;alteravastgoed;atlasarena;autoschadebedrijfwibu;blueschool;bouwgarant;cocacola;cocacolaopen;codema;dehavenmeester;ecp;eventleader;executivepeopledutchitchannelenbiplatform;exterus;fris;kannick;kidv;knmv;kuboid;publyon;rijksdienstvoorondernemendnederland;rvoinnovatieattachnetwerk;savethechildren;strypes;thermofisher;vbvscm;vumc,model+stage,2,0.141,0.185,0.273,0.139,0.148,0.375,0.375,,,,,,,,,,,,,,,11,,87,28,,,16,27,16,24,13,4,8,2025,0.929,0.107,0.188,0.259,0.375,0.25,0.231,0.5,0.5,Social media organisch,Website & webdesign,Nederlandse stad of plaats,"Construction, real estate & housing","Meer leads, aanvragen & verkoop",Zakelijke afnemers (B2B),Omvang in cijfers,True
baazenco.nl,before,control,1.235,automobielhuysmisker;biobzdmagazine;brandsbouw;chemportmagazine;drentsenergieloket;emmtecservices;govmbo;kennispoortdrenthe;liffinassen;nhlstenden;nhlstendenanders;obsdemende;openbaaronderwijsemmen;puur;sanquinacademy;schimmereschwoonservice;thelearningnetwork,,0,1.0,0.5,0.5,1.0,1.0,,1.0,,,,,,,,,,,,,,,0,,19,17,,,2,2,2,1,1,0,1,2023,0.118,0.059,1.0,0.5,0.5,1.0,1.0,,1.0,Offline media & events,Campagnes & creatieve concepten,Heel Nederland (landelijk),Education & childcare,Personeel werven & werkgeversmerk,,Omvang in cijfers,True
aliveandkicking.nl,after,control,1.455,adidas;aquafresh;buildigo;club9;efteling;fyner;jolinejolink;lays;mcdonalds;ola;subway,,0,0.333,0.25,,0.5,0.5,0.5,1.0,3,4,0,2,2,2,1,0.333,0.25,,0.5,0.5,0.5,1.0,0,0,12,11,0,11,3,4,0,2,2,2,1,2020,0.182,0.091,0.333,0.25,,0.5,0.5,0.5,1.0,Multi-channel & omnichannel,Online adverteren (paid ads),,Healthcare & care,"Meer leads, aanvragen & verkoop",Webshop consumenten (D2C),Familiebedrijf / gevestigd met historie,False
bijlpr.nl,after,control,1.0,burengesprekbotlekeuropoort;dexcombenelux;hartstichting;ministerievanklimaatengroenegroei;nutricia;osghugodegroot;pensioenfederatie;rotterdamtopsport;stigam,craft,1,1.0,0.44,,,1.0,,,1,5,0,0,1,0,0,1.0,0.6,,,1.0,,,0,1,9,9,16,8,1,5,0,0,1,0,0,2025,0.0,0.0,1.0,0.6,,,1.0,,,Social media organisch,PR & influencer marketing,,,Personeel werven & werkgeversmerk,,,True
brandforlife.nl,before,control,1.071,demirozbeveiliging;hvgc;ionoi;label79;margadantmakelaardij;maximorsecurity;molenhof;nocciolo;rijschoolkernpuntzwolle;simenswerk;stoftotnadenken;tukkersmediationhradvies;veldakoerier;vwbikeservices,craft+channel,2,1.0,0.372,,1.0,,1.0,1.0,,,,,,,,,,,,,,,0,,14,14,,,3,11,0,1,0,1,1,2023,0.0,0.0,1.0,0.545,,1.0,,1.0,1.0,Social media organisch,Website & webdesign,,Education & childcare,,Webshop consumenten (D2C),Startup / jong / groeiend,True
brandforlife.nl,after,control,1.091,bistrodestadshoeve;dolfijnenhuiskampen;erhanzer;eypyaman;hildawessels;ismailsever;jantukkers;koelezomers;leondovermann;marcelboudesteyn;moniquecrediet;muratarslan;nuransaridagli;paulvroom;pepeelhorst;samirabarari;silviabruggenkamp;suelreintegratie;svenhazekamp;vanwijkbikeservices;veiligthuisijsselland;zwolsedeelfietsen,channel,1,1.0,0.301,,0.5,1.0,1.0,1.0,7,17,0,2,2,1,1,1.0,0.353,,0.5,1.0,1.0,1.0,0,0,22,22,14,22,7,17,0,2,2,1,1,2023,0.0,0.0,1.0,0.353,,0.5,1.0,1.0,1.0,Social media organisch,Website & webdesign,,Education & childcare,Naamsbekendheid & zichtbaarheid,Webshop consumenten (D2C),Startup / jong / groeiend,True
brandinwebdesign.nl,before,control,1.0,destoomtram;exclusivedesire;tolimani,,0,,,,,,,,,,,,,,,,,,,,,,0,,3,3,,,0,0,0,0,0,0,0,2016,0.0,0.0,,,,,,,,,,,,,,,False
brandleemedia.nl,before,control,1.111,ahorst;bram;cleanupfacilities;daviddrost;deniseschepers;garslan;pieteroranje;sonerarslan;stichtinggaandeweg,craft+channel,2,0.625,0.375,,1.0,1.0,,,,,,,,,,,,,,,,,0,,9,9,,,4,4,0,1,1,0,0,2025,0.0,0.0,0.75,0.5,,1.0,1.0,,,"SEA, display & overige paid advertising",Online adverteren (paid ads),,"Nonprofits, charities & associations",Naamsbekendheid & zichtbaarheid,,,True
exsitemedia.nl,before,control,1.0,amazonboutique;borstverkleiningkliniek;easternpowermeals;evertgroot;evertgrootoutlet;handpoli;harissavillasibiza;jracademy;makeenergywork;miguelbaumann;scmykaccessories;seleraanda;sportweekbadhoevedorp;stelladanceprojects;studiolokke;travelmediate;tutsh;ufloor;unispiceswazaran,,0,0.368,0.258,,,,,,,,,,,,,,,,,,,,0,,22,19,,,19,19,0,0,0,0,0,2024,0.0,0.0,0.421,0.316,,,,,,Website & CMS,Social media content & beheer,,,,,,False
exsitemedia.nl,after,control,1.0,admod3d;amazonboutique;borstverkleiningkliniek;carpaaltunnelkliniek;coachenmetsterren;easternpowermeals;evertgroot;evertgrootoutlet;firsteleven;fredfinancieel;futuratournaments;halonetwerk;handpoli;harissavillasibiza;isconsultancy;jracademy;makeenergywork;miguelbaumann;poweredbyco;scmykaccessories;seleraanda;sportweekbadhoevedorp;stelladanceprojects;studiolokke;travelmediate;travelnistas;tutsh;ufloor;unispiceswazaran,channel,1,0.556,0.5,,,1.0,,,0,0,0,0,0,0,0,,,,,,,,0,19,33,29,0,10,3,2,0,0,1,0,0,2024,0.0,0.0,0.667,0.5,,,1.0,,,Multi-channel & omnichannel,Branding & huisstijl,,,"Merk, huisstijl & verhaal",,,False
ctwee.nl,before,control,1.333,dll;hcoranjerood;hlbwitloxvandenboomen;jeroenboschziekenhuis;longkankernet;nemohealthcare;parkhilaria;royalsmitzoon;sportservicenoordbrabant,industry,1,,1.0,1.0,0.556,,,,,,,,,,,,,,,,,,0,,9,9,,,0,1,1,3,0,0,0,2025,0.0,0.0,,1.0,1.0,0.667,,,,,Apps & maatwerk platforms,Regionaal (binnen Nederland),"Hospitality, tourism, sports & recreation",,,,False
ctwee.nl,after,control,1.333,dll;hcoranjerood;hlbwitloxvandenboomen;jeroenboschziekenhuis;longkankernet;nemohealthcare;parkhilaria;royalsmitzoon;sportservicenoordbrabant,industry,1,,1.0,1.0,0.556,,,,0,0,0,0,0,0,0,,,,,,,,0,9,9,9,0,0,0,1,1,3,0,0,0,2025,0.0,0.0,,1.0,1.0,0.667,,,,,Apps & maatwerk platforms,Regionaal (binnen Nederland),"Hospitality, tourism, sports & recreation",,,,False
cubicmill.com,before,control,1.0,aankoers;dsm;frissekater;fsbbeveiliging;hardtletselschade;hetmoedernetwerk;iparking;jbscleaningservice;mayyik;schoonwerk;zaansehostel,craft,1,,1.0,1.0,,,,,,,,,,,,,,,,,,,0,,11,11,,,0,8,1,0,0,0,0,2020,0.0,0.0,,1.0,1.0,,,,,,Branding & huisstijl,Regionaal (binnen Nederland),,,,,False
cubicmill.com,after,control,1.0,cafecito;friendshipbakeries;jumper;lucienfabrice;saaam;smartwhip;theoriedokter;verhoeven,craft,1,1.0,1.0,,,,,,1,5,0,0,0,0,0,1.0,1.0,,,,,,0,0,8,8,11,8,1,5,0,0,0,0,0,2020,0.0,0.0,1.0,1.0,,,,,,"SEA, display & overige paid advertising",Strategie & advies,,,,,,False
cotd.nl,before,narrower,2.722,24runforkika;africaclassic;atleta;duchenneheroes;flandersgravel;gravelunion;kika;kikakortebroek;kikaloterij;ltdgravelrides;meewindkoers;moevevents;mudmastersvoorkika;runforkika;slowtriatlon;strongbabies;tourforlife;walkforkika,industry+job,2,0.245,0.262,0.188,0.502,0.594,,,,,,,,,,,,,,,,,0,,37,18,,,14,15,8,15,8,0,0,2025,0.444,0.444,0.357,0.4,0.25,0.533,0.75,,,Multi-channel & omnichannel,Social media content & beheer,Specifiek buitenland,"Nonprofits, charities & associations",Events & activaties,,,True
creativeflavours.nl,before,control,1.727,beautyxl;diergaardeblijdorp;easywalker;easywalkler;ggd;guesthousehotel;iamhardwellthemovie;magicbaby;opstijgendvochtnl;pathvisuals;revit,,0,1.0,0.278,0.333,0.25,1.0,,0.5,,,,,,,,,,,,,,,0,,13,11,,,2,6,3,4,1,0,2,2020,0.364,0.0,1.0,0.333,0.333,0.25,1.0,,0.5,Offline media & events,Branding & huisstijl,Nederland plus buurlanden,"Construction, real estate & housing","Merk, huisstijl & verhaal",,Startup / jong / groeiend,True
creational.nl,before,control,1.0,compendor;gibbs;itoday;lebertusfinance;maniosconsultancy;puurcura;returnonprojects;thomasrau;turntoo,craft,1,,1.0,,,,,,,,,,,,,,,,,,,,0,,9,9,,,0,9,0,0,0,0,0,2024,0.0,0.0,,1.0,,,,,,,Website & webdesign,,,,,,False
artdustries.com,before,control,1.0,bstechnology;netwerkstervenrouwzuidlimburg,,0,1.0,1.0,1.0,,,,,,,,,,,,,,,,,,,0,,2,2,,,1,2,1,0,0,0,0,2024,0.0,0.0,1.0,1.0,1.0,,,,,Webshop & e-commerceplatform,Website & webdesign,Regionaal (binnen Nederland),,,,,False
artdustries.com,after,control,1.0,bstechnology;netwerkstervenrouwzuidlimburg,,0,1.0,1.0,1.0,,,,,0,0,0,0,0,0,0,,,,,,,,0,2,2,2,0,0,1,2,1,0,0,0,0,2024,0.0,0.0,1.0,1.0,1.0,,,,,Webshop & e-commerceplatform,Website & webdesign,Regionaal (binnen Nederland),,,,,False
creativemules.com,after,control,1.875,acherontrading;aycon;foundersunity;geospin;hubject;marcuswenkel;roverista;visioshopon,,0,1.0,0.306,1.0,0.224,,,,2,7,1,7,0,0,0,1.0,0.429,1.0,0.286,,,,0,0,8,8,0,8,2,7,1,7,0,0,0,2020,0.0,0.0,1.0,0.429,1.0,0.286,,,,Website & CMS,Website & webdesign,Nederland plus buurlanden,"Software, IT & telecom",,,,False
creativeskills.nl,before,control,1.75,finish;funcakes;rentrunner;vandemoortele,,0,1.0,1.0,,0.5,,,,,,,,,,,,,,,,,,0,,4,4,,,1,1,0,2,0,0,0,2020,0.0,0.0,1.0,1.0,,0.5,,,,Webshop & e-commerceplatform,Webshop & e-commerce,,Retail & e-commerce (general consumer goods),,,,True
creativeskills.nl,after,control,1.75,finish;funcakes;rentrunner;vandemoortele,,0,1.0,1.0,,0.5,,,,0,0,0,0,0,0,0,,,,,,,,0,4,4,4,0,0,1,1,0,2,0,0,0,2020,0.0,0.0,1.0,1.0,,0.5,,,,Webshop & e-commerceplatform,Webshop & e-commerce,,Retail & e-commerce (general consumer goods),,,,True
bytomorrow.nl,before,narrower,1.0,barnbridgeauctions;hahebo;nederlandsebasketballbond;vandermeijdenvastgoed,,0,,,,,,,,,,,,,,,,,,,,,,0,,4,4,,,0,0,0,0,0,0,0,2024,0.0,0.0,,,,,,,,,,,,,,,True
bytomorrow.nl,after,narrower,1.0,knltbtv;lottovolleyleague;superhandballleague,,0,,,,,,,,0,0,0,0,0,0,0,,,,,,,,0,0,3,3,4,3,0,0,0,0,0,0,0,2024,0.0,0.0,,,,,,,,,,,,,,,False
chasemarketing.nl,before,control,4.0,robostofzuigers;vanderblij,,0,1.0,1.0,1.0,0.5,0.5,0.5,,,,,,,,,,,,,,,,6,,8,2,,,2,2,1,2,2,2,0,2024,1.0,1.0,1.0,1.0,1.0,0.5,0.5,0.5,,"SEA, display & overige paid advertising",Online adverteren (paid ads),Heel Nederland (landelijk),Manufacturing & industrial,Beter vindbaar in Google,Zakelijke afnemers (B2B),,True
bearsfactory.nl,after,control,1.0,cascararodizio;performenzcoaching;veekenszadelkamers,,0,,0.333,,,,,,0,3,0,0,0,0,0,,0.333,,,,,,0,0,3,3,3,3,0,3,0,0,0,0,0,2025,0.0,0.0,,0.333,,,,,,,Website & webdesign,,,,,,True
beeinteractive.nl,after,control,2.0,benscore;dekammieshop;eurobob;vrlshop,industry+craft+channel,3,0.375,0.625,0.5,0.375,0.25,1.0,,4,4,2,3,4,2,0,0.5,0.75,0.5,0.333,0.5,1.0,,0,0,7,4,0,4,4,4,2,4,4,2,0,2020,0.0,0.0,0.5,0.75,0.5,0.5,0.25,1.0,,SEO & organische vindbaarheid,SEO & vindbaarheid,Heel Nederland (landelijk),Retail & e-commerce (general consumer goods),Webshop & online verkoop,Webshop consumenten (D2C),,False
eye-c.nl,before,control,3.0,bvlmakelaars;cycleandthecity,,0,0.5,0.5,1.0,0.5,0.5,,,,,,,,,,,,,,,,,0,,2,2,,,2,2,1,2,2,0,0,2023,1.0,0.0,0.5,0.5,1.0,0.5,0.5,,,Apps & custom platforms,Website & webdesign,Nederlandse stad of plaats,"Construction, real estate & housing",Website verouderd of nieuw nodig,,,False
brendly.nl,before,control,1.643,bertolli;bulletequestriandesign;emq;equigy;galliano;goingplaces;goodgrowthcollective;hulshof;jongedemocraten;magioni;nienkeplas;perfectpro;xavierclinics;ziekenhuisumc,craft+channel,2,0.625,0.48,1.0,0.21,,1.0,0.5,,,,,,,,,,,,,,,0,,17,14,,,4,14,1,9,0,2,2,2025,0.0,0.0,0.75,0.643,1.0,0.333,,1.0,0.5,Webshop & e-commerceplatform,Website & webdesign,Regionaal (binnen Nederland),Business & professional services,,Zakelijke afnemers (B2B),Startup / jong / groeiend,False
bishop.nl,before,control,1.25,atkb;eduardoperez;onassis;x11creatie,,0,0.333,0.5,,,,,,,,,,,,,,,,,,,,0,,4,4,,,3,2,0,0,0,0,0,2025,0.0,0.25,0.333,0.5,,,,,,Website & CMS,Website & webdesign,,,,,,False
bishop.nl,after,control,1.25,atkb;eduardoperez;onassis;x11creatie,,0,0.333,0.5,,,,,,0,0,0,0,0,0,0,,,,,,,,0,4,4,4,0,0,3,2,0,0,0,0,0,2025,0.0,0.25,0.333,0.5,,,,,,Website & CMS,Website & webdesign,,,,,,False
bitfactory.nl,before,control,1.0,tonyschocolonely,,0,,,,,,,,,,,,,,,,,,,,,,0,,1,1,,,0,0,0,0,0,0,0,2020,0.0,0.0,,,,,,,,,,,,,,,False
bitfactory.nl,after,control,1.0,degroenegrachten;skillscv;tonyschocolonely,craft+channel,2,0.556,0.556,1.0,,,,,2,2,0,0,0,0,0,1.0,1.0,,,,,,0,1,3,3,0,2,3,3,1,0,0,0,0,2020,0.0,0.0,0.667,0.667,1.0,,,,,Apps & custom platforms,Apps & maatwerk platforms,Internationaal / wereldwijd,,,,,True
all-it.nl,before,control,2.0,a2bpremiumdelivery;atax;campingzonnehoek;congrescentrumede;danillemaas;dedoelen;dejaarbeurs;elitegastouderbureau;embouwservice;fysiotherapievolendam;garageharoen;inholland;miedemapost;restaurantcastell;restaurantlemonleaf;saintmont;taxihun;vacaturesbijhun;werkenbijatax,craft+geo,2,,0.68,1.0,0.253,,,,,,,,,,,,,,,,,,1,,21,19,,,0,5,19,18,0,0,0,2025,0.0,0.0,,0.8,1.0,0.333,,,,,Apps & maatwerk platforms,Nederlandse stad of plaats,"Hospitality, tourism, sports & recreation",,,,False
all-it.nl,after,control,2.0,a2bpremiumdelivery;atax;campingzonnehoek;congrescentrumede;danillemaas;dedoelen;dejaarbeurs;elitegastouderbureau;embouwservice;fysiotherapievolendam;garageharoen;inholland;miedemapost;restaurantcastell;restaurantlemonleaf;saintmont;taxihun;vacaturesbijhun;werkenbijatax,craft+geo,2,,0.68,1.0,0.253,,,,0,0,0,0,0,0,0,,,,,,,,1,19,21,19,0,0,0,5,19,18,0,0,0,2025,0.0,0.0,,0.8,1.0,0.333,,,,,Apps & maatwerk platforms,Nederlandse stad of plaats,"Hospitality, tourism, sports & recreation",,,,False
alldots.nl,before,control,1.0,actifit;almeersescholen;amberrosia;cinemajestic;deknallendeketel;esthersbruidsshop;helidor;klikophuizenmakelaardij;pwo;rotienwokkie;shoplog;trafficbuilders,craft+geo,2,,0.514,1.0,,,,,,,,,,,,,,,,,,,0,,12,12,,,0,12,3,0,0,0,0,2025,0.0,0.0,,0.583,1.0,,,,,,"Grafisch ontwerp, drukwerk & print",Nederlandse stad of plaats,,,,,False
asociaalmarketing.nl,after,control,1.0,boooth;erasmusmarketinginstitute;kindvak,,0,1.0,1.0,,,,,,1,1,0,0,0,0,0,1.0,1.0,,,,,,0,0,3,3,4,3,1,1,0,0,0,0,0,2023,0.0,0.0,1.0,1.0,,,,,,Social media organisch,Social media content & beheer,,,,,,False
astrolads.com,after,narrower,1.0,coasttocoastfoundation;communicatiebureauhiepractief;communicatiebureaulouterunic;overheidvancalifornia,,0,1.0,1.0,1.0,,,,,2,1,1,0,0,0,0,1.0,1.0,1.0,,,,,0,0,4,4,0,4,2,1,1,0,0,0,0,2024,0.0,0.0,1.0,1.0,1.0,,,,,"Content, video & PR",Social media content & beheer,Specifiek buitenland,,,,,False
communicatiekrachten.nl,before,control,1.125,asito;bikelifegroesbeek;biolegio;dekrarail;deskvgo;nationaalbevrijdingsmuseum19441945;tisser;wspnoordoostbrabant,,0,,0.25,,1.0,1.0,,,,,,,,,,,,,,,,,0,,8,8,,,0,4,0,1,1,0,0,2020,0.0,0.0,,0.25,,1.0,1.0,,,,Content & copywriting,,Retail & e-commerce (general consumer goods),Advertenties & campagnes renderen niet,,,False
aim.nu,before,control,1.0,abvhaukes;alvast;amstelspiegel;amsterdamdinerfoundation;amsterdamsevastgoedscouts;amsterdamumc;amsterdamvastgoedscouts;anoukhart;arvoprotect;askohendriksestomerijen;askoschoonmaak;bausch;bernafon;brochureheerenmakelaars;brutdemer;cafehoppe;capturedbyhart;churchhouse;codi;decokay;decokayoost;dekrijtberg;devriesinstallatietechniek;directbusiness;dtkvastgoed;floreat;fonsvitae;fonsvitaelyceum;gevavi;heerenmakelaars;hendriksestomerijen;hollandopticalinstruments;houbendebruijn;hteam;inspirationtour;ipp;jeeko;karinmeyn;kindercentrumdebuurvrouw;kite4lifefoundation;knapexpatbroker;knapmakelaardij;krijtberg;kuykhof;lowland;maakmijbeter;mcfree;nhcv;nieuwwestmakelaardij;nieuwwinkelvastgoed;nomorec;nvhb;pietboon;pmprojecten;republiekbloemendaal;searay;superfeet;technischbureauverhagen;thediaryissue;twentyfivedegrees;twinkel4kids;veeneman;voormamillenaar;vumc;zelfzorgondersteund;zonderms,craft,1,,0.63,,,,,,,,,,,,,,,,,,,,0,,125,66,,,0,18,0,0,0,0,0,2020,0.0,0.0,,0.778,,,,,,,Website & webdesign,,,,,,False
atypisch.nl,after,narrower,1.889,178aardigeontwerpers;cardiobridge;deutrechtsekinderboekwinkel;floracultureinternational;gutsglorious;laternamagica;stellalab;thedailyindie;wpgmedia,geo,1,,,0.375,0.25,,,,0,0,0,0,0,0,0,,,,,,,,0,9,9,9,1,0,0,0,4,8,0,0,0,2020,0.0,0.0,,,0.5,0.375,,,,,,Nederlandse stad of plaats,"Media, culture & entertainment",,,,True
daburo.nl,after,control,1.0,brightpremium;brugmankeukens;keukenconcurrent;tuestuderen,craft,1,,0.625,,,,,,0,0,0,0,0,0,0,,,,,,,,3,4,7,4,0,0,0,4,0,0,0,0,0,2020,0.0,0.0,,0.75,,,,,,,UX/UI & interface design,,,,,,True
danki.com,before,control,1.0,cruxengineering;excelsiorrecordings;gemeenteamsterdam;heijmansvastgoed;peaceresearchinstituteoslo;whetston,,0,,,,,,,,,,,,,,,,,,,,,,0,,7,6,,,0,0,0,0,0,0,0,2023,0.0,0.0,,,,,,,,,,,,,,,False
danki.com,after,control,1.0,cruxengineering;excelsiorrecordings;fabfilter;gemeenteamsterdam;heijmansvastgoed;marubasportslifestyle;naturaco;oecd;parnassia;peaceresearchinstituteoslo;ring;whetston,,0,,,,,,,,0,0,0,0,0,0,0,,,,,,,,0,6,13,12,0,6,0,0,0,0,0,0,0,2023,0.0,0.0,,,,,,,,,,,,,,,False
diginauts.co,before,control,2.0,bossleads;celbrea;feac;hellofego;molare;openexo;superiorfiltration,craft+model+geo,3,1.0,1.0,1.0,0.184,1.0,0.556,0.5,,,,,,,,,,,,,,,2,,9,7,,,2,7,7,7,1,3,2,2023,0.0,0.0,1.0,1.0,1.0,0.286,1.0,0.667,0.5,Social media organisch,Website & webdesign,Specifiek buitenland,Business & professional services,"Merk, huisstijl & verhaal",Zakelijke afnemers (B2B),Groot / corporate / marktleider,False
diginauts.co,after,control,2.0,bossleads;celbrea;feac;hellofego;molare;openexo;superiorfiltration,craft+model+geo,3,1.0,1.0,1.0,0.184,1.0,0.556,0.5,0,0,0,0,0,0,0,,,,,,,,2,7,9,7,0,0,2,7,7,7,1,3,2,2023,0.0,0.0,1.0,1.0,1.0,0.286,1.0,0.667,0.5,Social media organisch,Website & webdesign,Specifiek buitenland,Business & professional services,"Merk, huisstijl & verhaal",Zakelijke afnemers (B2B),Groot / corporate / marktleider,False
personacompany.com,before,control,1.769,bugaboo;devest;duravermeer;makronederland;nationalenederlanden;noordhoffuitgevers;plus;plusretail;postnl;smallstepspartou;staatsbosbeheer;technischeunie;welkoop,industry+craft+job,3,1.0,0.82,0.333,0.3,0.556,1.0,,,,,,,,,,,,,,,,0,,20,13,,,1,10,3,10,3,1,0,2025,0.0,0.0,1.0,0.9,0.333,0.5,0.667,1.0,,"E-mail, CRM & marketing automation",Strategie & advies,Nederlandse stad of plaats,Retail & e-commerce (general consumer goods),Klantbehoud & loyaliteit,Zakelijke afnemers (B2B),,True
personacompany.com,after,control,1.833,bugaboo;devest;duravermeer;makronederland;nationalenederlanden;noordhoffuitgevers;plusretail;postnl;smallstepspartou;staatsbosbeheer;technischeunie;welkoop,craft+job,2,1.0,0.847,0.5,0.24,0.556,1.0,,0,0,0,0,0,0,0,,,,,,,,0,12,20,12,1,0,1,12,2,10,3,1,0,2025,0.0,0.0,1.0,0.917,0.5,0.4,0.667,1.0,,"E-mail, CRM & marketing automation",Strategie & advies,Regionaal (binnen Nederland),Retail & e-commerce (general consumer goods),Klantbehoud & loyaliteit,Zakelijke afnemers (B2B),,True
okapion.com,today,narrower,1.0,aimms;derolf;greenwheels;huisman;luchtverkeersleidingnederland;rwretailsolutions;samskip;sdb;siemensgamesa;tjip;warmtenetwerknederland,craft,1,1.0,0.625,0.5,,,,,,,,,,,,,,,,,,,0,,15,11,,,1,4,2,0,0,0,0,2024,0.0,0.0,1.0,0.75,0.5,,,,,Apps & custom platforms,Apps & maatwerk platforms,Regionaal (binnen Nederland),,,,,False
olifantmedia.nl,today,narrower,1.4,activite;defrankelandgroep;ggdnoordenoostgelderland;happyhomecare;iqcoaches;kesslerperspektief;kwintes;lumc;nieuwunicum;rino,channel,1,0.42,0.284,,,0.5,,,,,,,,,,,,,,,,,4,,15,10,,,10,9,0,0,2,0,0,2025,0.0,0.4,0.6,0.444,,,0.5,,,Social media organisch,Employer branding & recruitment,,,Advertenties & campagnes renderen niet,,,False
wveen.com,before,narrower,1.052,acmedia;afplakbedrijf;bewegenaanzee;bloemenwinkelhoofddorpfleuriande;bootgarage;clarox;claroxdetachering;dartworldnl;degroeneuitdaging;demicostudio;denieuwepolitiek;deregelaar;dezonnepaneelreiniger;dezonnepanelenreiniger;dirkmeeldijk;duinkijker;firefusion;gezondmetesmanl;glazenwasserijnl;gsmdoc;gsmdocbelgie;gsmdocbelgiev1;gsmdoclisse;gsmpoint;gsmpointv1;gsmpointv2;gsmreparatiebree;gsmreparatiebreebelgie;guusbauer;homevast;hyperionconsultancy;hyperiontraining;ijssaloncadore;jobmann;jobmannbelgie;judithvandrunen;judithvandrunenv2;lbrepairs;lbrepairsinbelgie;madlen;multidienstennoordholland;oliebollentaxi;oudijzerboercom;oudijzerboerhaarlem;pictureyourmomentv1;radio4all;renomarmer;scootershophillegom;speeltuinjeugdland;speeltuinjeugdlandv1;speeltuinjeugdlandv2;teslataxiservice;vapeholland;voegbedrijfzakhole;vramsterdam;waxalmere;waxhillegom;williamhillegom,craft+channel+geo,3,0.52,0.901,0.556,,,1.0,,,,,,,,,,,,,,,,1,,85,58,,,5,58,3,0,0,2,0,2023,0.034,0.0,0.6,0.948,0.667,,,1.0,,SEO & organische vindbaarheid,Website & webdesign,Nederland plus buurlanden,,,Webshop consumenten (D2C),,True
hike.one,after,control,2.533,awellhealth;defqon1;duravermeer;flow;fudura;heineken;hezelaerenergy;hoogendoorn;libertyglobal;lightyear;marktplaats;qdance;signify;tkppension;yuki,craft+stage+geo,3,1.0,0.357,0.531,0.124,0.26,1.0,0.625,0,1,0,1,1,1,0,,1.0,,1.0,1.0,1.0,,0,12,51,15,1,3,2,14,8,11,10,2,4,2025,0.8,0.0,1.0,0.5,0.625,0.182,0.4,1.0,0.75,Apps & custom platforms,Apps & maatwerk platforms,Heel Nederland (landelijk),"Hospitality, tourism, sports & recreation",Maatwerk software & efficiëntere processen,SaaS & software,Groot / corporate / marktleider,True
rocketing.nl,after,narrower,2.593,alpro;alprobarista;argeta;bison;bisonboltonadhesives;bisonpowervalley;boltonbeborotalco;boltonnlborotalco;boltonnlriomare;borotalco;collistar;collistarbenelux;fastfruit;fordnederland;fordpuma;goldgreenpulledoats;handsoffmychocolate;knoppers;lamolisana;meatlessfarm;pauligbenelux;pauligbeneluxsantamaria;riomare;santamaria;spafruit;spafruitspadel;storcknederlandknoppers,industry+model+geo,3,0.253,0.24,0.538,0.469,0.224,0.375,,16,14,4,6,5,1,0,0.5,0.286,0.75,0.5,0.2,1.0,,1,11,40,27,2,16,24,23,13,14,14,4,0,2023,0.63,0.407,0.375,0.304,0.692,0.643,0.357,0.5,,Offline media & events,Campagnes & creatieve concepten,Heel Nederland (landelijk),"Food, beverage & agriculture",Naamsbekendheid & zichtbaarheid,Zakelijke afnemers (B2B),,False
tomorrowmen.nl,after,control,3.8,buurtkeukens;candyspot;dimplex;geldnl;hollandbarrett;kampeerhalroden;mattisson;notbranded;omapost;seniorweb;soccerfanshop;sweetsupply;ultramar;vlaggenunie;wilminkengineparts,model+stage,2,0.12,0.173,0.167,0.218,0.133,0.488,0.551,10,10,8,10,11,7,5,0.3,0.3,0.25,0.5,0.364,0.714,0.8,10,4,37,15,4,11,15,15,12,15,14,11,7,2023,1.0,0.8,0.2,0.267,0.25,0.333,0.214,0.636,0.714,Marktplaatsen & feeds,Content & copywriting,Heel Nederland (landelijk),Retail & e-commerce (general consumer goods),"Merk, huisstijl & verhaal",Webshop consumenten (D2C),Omvang in cijfers,True
seoforyou.nl,before,narrower,4.0,aquascaperbe;newsbit;puurvoordieren,craft+job,2,1.0,0.556,1.0,0.333,1.0,1.0,1.0,,,,,,,,,,,,,,,3,,15,3,,,2,3,1,3,3,2,1,2022,1.0,1.0,1.0,0.667,1.0,0.333,1.0,1.0,1.0,SEO & organische vindbaarheid,SEO & vindbaarheid,Nederland plus buurlanden,"Food, beverage & agriculture",Beter vindbaar in Google,Webshop consumenten (D2C),Omvang in cijfers,True
seoforyou.nl,after,narrower,2.714,aquascaperbe;despaansetaalclub;leicastoreamsterdam;marcboland;newsbit;newsbitnl;puurvoordieren,craft+job+channel,3,1.0,0.44,0.5,0.25,0.556,1.0,,2,2,1,1,0,0,0,1.0,0.5,1.0,1.0,,,,0,3,16,7,0,4,4,5,2,4,3,1,0,2022,0.429,0.714,1.0,0.6,0.5,0.25,0.667,1.0,,SEO & organische vindbaarheid,SEO & vindbaarheid,Nederland plus buurlanden,Retail & e-commerce (general consumer goods),Beter vindbaar in Google,Webshop consumenten (D2C),,False
trimm.nl,after,narrower,3.167,247tailorsteel;dsm;heuverbanden;itec;malvernpanalytical;mcg;mitsubishichemical;nexperia;philipshue;proflite;signify;tudelft,industry+model+stage+geo,4,0.306,0.208,0.333,0.455,0.235,0.625,0.556,1,1,1,1,0,0,0,1.0,1.0,1.0,1.0,,,,0,11,35,12,4,1,7,12,6,11,9,4,3,2025,0.917,0.333,0.429,0.333,0.5,0.636,0.333,0.75,0.667,Webshop & e-commerceplatform,Apps & maatwerk platforms,Internationaal / wereldwijd,Manufacturing & industrial,Maatwerk software & efficiëntere processen,Zakelijke afnemers (B2B),Groot / corporate / marktleider,False
keyagency.nl,after,control,2.419,amsterdamfashionweek;amsterdamweerproof;archipelacademy;brasserievrijburcht;buienradar;bumastemra;ddrinks;doknederland;dpgmedia;eetstoornissennetwerk;eigenhaard;fnvhorecabond;gardena;granditalia;happynurse;juliusclinical;lovechock;medialane;metakids;metakidsx3fmseriousrequest2024;midocean;nbtc;newbricks;ponenergyrental;porschenederland;sena;siblu;sibluchaletsales;simyo;sorbo;walterblom,,0,0.175,0.152,0.222,0.13,0.156,0.333,1.0,5,14,4,5,2,1,0,0.6,0.357,0.5,0.2,0.5,1.0,,0,13,70,31,8,18,19,27,12,19,17,3,2,2024,0.613,0.194,0.316,0.296,0.25,0.211,0.294,0.333,1.0,Social media organisch,Website & webdesign,Internationaal / wereldwijd,"Food, beverage & agriculture","Merk, huisstijl & verhaal",Webshop consumenten (D2C),Omvang in cijfers,True
diederikgerbranda,today,original340,1.6,advancedforces;buurtkadoos;exotek;feltest;insifr;okrmentors;revelx;revicoat;sitheat;tankterminals,geo,1,0.5,0.224,0.556,0.333,0.28,,,,,,,,,,,,,,,,,0,,22,10,,,2,7,3,3,5,0,0,,0.0,0.1,0.5,0.286,0.667,0.333,0.4,,,"E-mail, CRM & marketing automation",Branding & huisstijl,Internationaal / wereldwijd,Finance & insurance,Groei & nieuwe markten,,,False
digitalgrowthagency.nl_398,today,original340,1.571,anp;proindustry;seniorservice;sosinternational;timetomomo;vihealth;yource,craft,1,1.0,0.375,,0.5,0.5,,1.0,,,,,,,,,,,,,,,0,,19,7,,,2,4,0,2,2,0,1,,0.0,0.286,1.0,0.5,,0.5,0.5,,1.0,"E-mail, CRM & marketing automation",Employer branding & recruitment,,Healthcare & care,Groei & nieuwe markten,,Groot / corporate / marktleider,False
digitalimpact.nl_399,today,original340,1.6,containerco;decoluxprojectzonwering;energy21;interfastfood;onlinegallery;redwellinfraroodverwarming;sclrotterdam;tanis;vanmunsterbadkamers;youridentitymanagement,industry+craft+channel,3,0.556,0.506,1.0,0.375,,1.0,,,,,,,,,,,,,,,,0,,13,10,,,3,9,1,4,0,1,0,,0.0,0.1,0.667,0.667,1.0,0.5,,1.0,,"E-mail, CRM & marketing automation",Strategie & advies,Nederlandse stad of plaats,"Construction, real estate & housing",,Webshop consumenten (D2C),,False
dijkman-erik,today,original340,1.222,breinstein;florentebasisscholen;huisdierenbazaar;itq;mooijekindvleut;niped;nonons;straatmuseum;thewallprinters,craft+channel,2,0.556,0.5,,1.0,1.0,,,,,,,,,,,,,,,,,0,,12,9,,,3,6,0,1,2,0,0,,0.0,0.111,0.667,0.667,,1.0,1.0,,,Multi-channel & omnichannel,"Online marketing, performance & CRO",,Education & childcare,Groei & nieuwe markten,,,True
dikgussekloo,today,original340,1.429,bpd;capelleaandenijssel;debedrijfsvoeringspartner;devliegbasis;ggdlocatierotterdam;merwede;pieterbaancentrum;qualis;schokenpomp;tauwingenieursadviseurs;vanwonen;verzijlnotarissen;vorm;waal,craft+geo,2,0.5,0.406,0.594,0.28,,,,,,,,,,,,,,,,,,1,,18,14,,,2,8,8,5,0,0,0,,0.0,0.0,0.5,0.5,0.75,0.4,,,,Website & CMS,Website & webdesign,Nederlandse stad of plaats,Business & professional services,,,,True
pangaea.nl,after,narrower,3.357,aircovent;brutejeeps;carltonhotelcollection;flemings;happyeyesclub;happyhairservice;hotelamsterdam;hotelarena;hoteldesindes;hotelvanoranje;lensexpress;lydis;paal8hotelaanzee;themadison,industry+craft+stage+geo,4,0.265,0.722,0.5,0.337,1.0,0.278,0.375,7,12,6,12,2,6,4,0.429,0.833,0.667,0.5,1.0,0.333,0.5,0,0,26,14,0,14,7,12,6,13,2,6,4,2020,0.857,0.571,0.429,0.833,0.667,0.538,1.0,0.333,0.5,Webshop & e-commerceplatform,Website & webdesign,Nederlandse stad of plaats,"Hospitality, tourism, sports & recreation","Meer leads, aanvragen & verkoop",Zakelijke afnemers (B2B),Familiebedrijf / gevestigd met historie,False
wadm.nl,after,narrower,2.2,allianceautomotive;calex;cementbouw;ctac;efn;eit;excelsior;excelsiorrotterdam;fsr;huyser;ifsultimo;imap;innosight;interdam;leaseprof;medigo;nautus;normec;nsecure;nxchange;oceanco;partspoint;pecodouwes;royalvanbeest;softhouse;stichtingskateland;unica;vanbeest;vetus;vitam,model+stage,2,0.167,0.241,0.336,0.134,0.25,0.68,0.406,0,13,6,7,1,2,2,,0.385,0.667,0.429,1.0,1.0,0.5,0,16,49,30,12,14,6,29,17,21,12,5,8,2024,0.433,0.067,0.167,0.379,0.471,0.238,0.417,0.8,0.5,Apps & custom platforms,Branding & huisstijl,Nederlandse stad of plaats,Manufacturing & industrial,"Merk, huisstijl & verhaal",Zakelijke afnemers (B2B),Groot / corporate / marktleider,False
noise.nl,after,narrower,2.625,albertheijn;bidfood;caceis;devolkskrant;diabetesfonds;digitalradionederland;etos;huidfonds;knvb;nestl;peakzpadel;prezero;rijksoverheid;sgf;statiegeldnederland;volvo,job+geo,2,0.298,0.316,1.0,0.136,0.359,0.5,0.5,1,1,1,1,2,0,1,1.0,1.0,1.0,1.0,0.5,,1.0,0,14,60,16,29,2,15,15,7,9,16,2,2,2025,0.938,0.125,0.467,0.467,1.0,0.222,0.5,0.5,0.5,Offline media & events,"Video, animatie & fotografie",Heel Nederland (landelijk),"Food, beverage & agriculture",Bewustwording & gedragsverandering,Consumentenmarkt offline,Omvang in cijfers,False
joepublic.nl,after,control,2.077,aldi;alsnederland;buut;doeslief;foundationalsnetherlands;genai;kika;msd;msdenkika;msdkika;ohra;simyo;sire,craft,1,0.306,0.406,,0.36,0.333,,1.0,1,2,0,2,0,0,0,1.0,1.0,,1.0,,,,3,7,53,13,2,6,7,8,0,5,3,0,1,2025,0.615,0.077,0.429,0.5,,0.4,0.333,,1.0,Offline media & events,Campagnes & creatieve concepten,,"Nonprofits, charities & associations","Leden, leerlingen & donateurs werven",,Startup / jong / groeiend,False
o2communicatie.nl,after,control,2.688,cometec;gemeenteutrecht;goedopweg;goedopwegprovincieutrecht;helderblauw;intergamma;kruidvat;landelijknetwerkveiligthuis;salzburgerland;salzburgerlandtourismus;sodexo;spring;stiho;technieknederland;vilans;waterschaphollandsedelta,model+stage+geo,3,0.236,0.387,0.44,0.16,0.208,0.556,1.0,9,12,2,8,9,2,2,0.333,0.417,0.5,0.25,0.444,1.0,1.0,1,4,25,16,15,12,12,15,5,10,12,3,4,2023,0.875,0.188,0.333,0.467,0.6,0.3,0.333,0.667,1.0,Social media organisch,Campagnes & creatieve concepten,Heel Nederland (landelijk),Business & professional services,"Merk, huisstijl & verhaal",Zakelijke afnemers (B2B),Omvang in cijfers,True
marketingguys.com,after,narrower,1.5,grantthornton;hitachi;horeko;northcdatacenters,,0,1.0,1.0,1.0,1.0,1.0,,,1,1,1,1,1,0,0,1.0,1.0,1.0,1.0,1.0,,,0,0,4,4,0,4,1,1,1,1,1,0,0,2022,0.25,0.0,1.0,1.0,1.0,1.0,1.0,,,"E-mail, CRM & marketing automation","E-mailmarketing, automation & funnels",Specifiek buitenland,"Software, IT & telecom","Meer leads, aanvragen & verkoop",,,False
marketingkraam.nl,after,narrower,2.875,elitas;groteflessenwijnnl;loopvisie;merkvizierfourenergyvvelaadloket;nvz;solemades;thiadensadvies;vvelaadloket,job,1,0.265,0.184,0.25,0.28,0.375,0.5,1.0,4,7,2,3,2,1,1,0.5,0.286,0.5,0.333,0.5,1.0,1.0,0,0,16,8,0,8,7,7,4,5,4,2,1,2022,0.75,0.5,0.429,0.286,0.25,0.4,0.5,0.5,1.0,"SEA, display & overige paid advertising",Branding & huisstijl,Nederlandse stad of plaats,"Nonprofits, charities & associations","Meer leads, aanvragen & verkoop","Overheid, zorg & onderwijs",Familiebedrijf / gevestigd met historie,False
kliktaal.nl,after,control,2.077,acscleaning;boxmeer;dynamiekscholengroep;erwinhendriks;gipmansplanten;jonkers;kwekerijaarts;mijnkeukentuintje;mitchelbenders;ranox;robertwillemsen;vanderveldenbosbouw;verloskundigenpraktijkastrea,craft+stage,2,0.28,0.515,0.306,0.184,0.5,0.333,1.0,1,7,3,2,1,0,1,1.0,0.857,0.667,0.5,1.0,,1.0,6,6,52,13,2,7,5,13,7,7,2,3,3,2020,0.538,0.0,0.4,0.692,0.429,0.286,0.5,0.333,1.0,Multi-channel & omnichannel,"Video, animatie & fotografie",Regionaal (binnen Nederland),"Construction, real estate & housing",Bewustwording & gedragsverandering,Gemengd,Omvang in cijfers,True
opklopper.nl,before,narrower,1.647,antracite;calgariwatches;cookx;figuracultura;happyearth;hetmuizenhuis;jimmynelson;laatjehacken;mindboost;moychay;mysticmeeting;northgatewatches;ramseyshaffy;rederijpaping;streeksoft;talesofus;voncultuurreizen,industry+craft+channel+geo,4,0.44,0.312,0.469,0.312,0.25,1.0,1.0,,,,,,,,,,,,,,,0,,22,17,,,5,8,8,8,4,1,1,2023,0.118,0.0,0.6,0.5,0.625,0.5,0.25,1.0,1.0,Webshop & e-commerceplatform,Webshop & e-commerce,Nederlandse stad of plaats,Manufacturing & industrial,Groei & nieuwe markten,Zakelijke afnemers (B2B),Startup / jong / groeiend,False
metmotion.nl,after,control,2.109,antea;blikopwerk;brandfriend;buckaroo;cycling4climate;dancecyborg;deregenboog;deridder;dewaard;dhlexpress;emeainstartlogic;experiencefruitquality;fossielvrij;gemeentestichtsevecht;gemeentezeist;inmotiepsychologie;inspectievanhetonderwijs;iwell;klimaatjouwportemonnee;maderninternational;marisprojects;nike;nkc;nro;ofta;performation;plantscout;pleinnl;quarantainenet;redband;respace;rosenbergvanleusdenmakelaars;spelenderwijsutrecht;sportlife;starthousing;storytellingacademy;tecnoteam;theplaymakers;tkiurbanenergy;umcutrecht;universiteittwente;vbomakelaar;venco;wsprojecten;yanmar;zwartecross,craft+stage,2,0.167,0.484,0.278,0.116,0.125,0.184,0.625,5,21,4,9,9,3,1,0.4,0.762,0.5,0.222,0.333,0.333,1.0,7,13,81,46,4,33,12,33,12,22,20,7,4,2023,0.478,0.13,0.25,0.667,0.417,0.182,0.2,0.286,0.75,Social media organisch,"Video, animatie & fotografie",Heel Nederland (landelijk),"Energy, utilities & environment",Bewustwording & gedragsverandering,Zakelijke afnemers (B2B),Omvang in cijfers,True
koos.agency,after,control,2.4,accell;bunq;careem;cbrgenomics;cityofamsterdam;coperatievgz;cuf;digicel;dubaiinternationalairports;dutchministryofhealthwelfareandsport;dutchroyallibrary;dutchroyallibraryrijnbrink;eurocross;eurocrossassistance;fortune500techcompany;galp;gemeenteamsterdam;ing;justlease;knmiapp;kpn;liander;ministerievaninfrastructuurenwaterstaat;ministerievanvolksgezondheidwelzijnensport;ministryofinfrastructureandwatermanagement;municipalityofamsterdam;municipalityofapeldoorn;olx;politie;politiedigitaltransformation;rak;randstad;rioned;santeonzorgbijjou;sgs;siemensit;sograpevinhosportugal;sonaemc;telecomproviderkpn;thedutchrailway;thedutchrailways;thestudenthotel;vgz;zorgdomein;zorgverlenervgz,job+channel+stage+geo,4,0.68,0.263,0.39,0.144,0.317,0.333,0.444,4,34,16,26,23,2,10,0.75,0.324,0.562,0.231,0.478,0.5,0.6,0,0,85,45,0,45,5,34,20,29,26,3,13,2023,0.4,0.356,0.8,0.324,0.55,0.241,0.5,0.333,0.538,Apps & custom platforms,Apps & maatwerk platforms,Heel Nederland (landelijk),Healthcare & care,Maatwerk software & efficiëntere processen,Gemengd,Groot / corporate / marktleider,False
erikfieten,today,original340,1.75,boerstaphorst;dierenkliniekbalkbrug;duntepmobielebungalows;ergolift;ergoliftstaphorst;motus;tuinstaphorst;vanvenrooyhoogeveen,industry,1,,1.0,,0.375,,,,,,,,,,,,,,,,,,0,,11,8,,,0,1,0,4,0,0,0,,0.0,0.0,,1.0,,0.5,,,,,Branding & huisstijl,,"Construction, real estate & housing",,,,False
erikjager,today,original340,2.0,discoverymuseum,,0,,,,1.0,,,,,,,,,,,,,,,,,,0,,1,1,,,0,0,0,1,0,0,0,,0.0,0.0,,,,1.0,,,,,,,"Media, culture & entertainment",,,,True
erjen-rijnders,today,original340,1.0,4horeca;avereschcampers;bubbelsjets;cartelier;debranding;divocean;draw2design;drukcase;ecokozijnen;hdinterieurs;kippersterkeurs;lamella;ledwaxinelichtjes;multiprotect;onlinetrapwinkel;onlinetrapwinkelnl;pongersverhuur;schootenhoutbouw;stichtingdevluchtheuvel;teddydays;vanheemskerk;videra,,0,1.0,0.182,,,,,,,,,,,,,,,,,,,,0,,46,22,,,1,22,0,0,0,0,0,,0.0,0.0,1.0,0.273,,,,,,Apps & custom platforms,Campagnes & creatieve concepten,,,,,,False
erwin-dijkman-747433158,today,original340,2.0,bootstock;muurmooi;natuurlijkpresteren;secondbest;stabureausnl;troonz,craft,1,1.0,0.625,0.5,0.333,,1.0,0.5,,,,,,,,,,,,,,,4,,12,6,,,2,4,2,3,0,1,2,,0.0,0.5,1.0,0.75,0.5,0.333,,1.0,0.5,"SEA, display & overige paid advertising",Online adverteren (paid ads),Heel Nederland (landelijk),"Food, beverage & agriculture",,Webshop consumenten (D2C),Groot / corporate / marktleider,True
eversendegier.nl_402,today,original340,1.28,altruistiq;atheart;balanzs;bartine;basisschoolhetepos;beterdichtbij;bibliotheekrotterdam;cbl;ced;dmcc;eatmyride;embera;enpierre;eslho;filmkantoor;flatland;followthebox;geton;handled;hellahendriksvandenburg;helpdeskdigitalezorg;hetepos;joore;julittebach;kalsbeekcollege;kinderfaculteit;kinderfaculteitpendrecht;leeslab;mamare;normecqcone;nv80;oiko;ondernemersklankbord;rentapin;rijnmondaardwarmte;schluss;seaforester;sjcronavanstigt;stadermannluiten;startalsarts;stateofsustainability;swaans;swk;tsg;vanoord;we4u;wolkat;zelfcoachapp;zigzag;zuidwijs,channel+model,2,0.453,0.219,0.28,0.24,,1.0,0.5,,,,,,,,,,,,,,,5,,112,50,,,25,24,5,10,0,11,2,,0.0,0.06,0.6,0.333,0.4,0.4,,1.0,0.5,"Branding, campagne & activatie",Branding & huisstijl,Internationaal / wereldwijd,"Software, IT & telecom",,Zakelijke afnemers (B2B),Groot / corporate / marktleider,False
netprofiler.nl,after,narrower,3.5,10days;decokay;harman;hogeschoolutrecht;mediahuis;multicopy;newyorkpizza;oxfamnovib;parship;passasports;termeer;zorgenzekerheid,model+stage+geo,3,0.153,0.194,0.625,0.21,0.139,0.375,1.0,9,9,3,9,9,3,2,0.222,0.333,0.667,0.333,0.222,0.667,1.0,2,3,32,12,1,9,12,12,4,9,12,4,3,2023,1.0,0.75,0.25,0.333,0.75,0.333,0.25,0.5,1.0,Social media organisch,Campagnes & creatieve concepten,Heel Nederland (landelijk),Retail & e-commerce (general consumer goods),Maatwerk software & efficiëntere processen,Webshop consumenten (D2C),Omvang in cijfers,False
jam16.nl,before,control,1.0,cadillac;evangelischwerkverband;grolsch;medialoc;nokia;pepsimax;philips;plussupermarkt;renault;sns;tmobile;vogelbeschermingnl,,0,,1.0,,,,,,,,,,,,,,,,,,,,1,,13,12,,,0,1,0,0,0,0,0,2025,0.0,0.0,,1.0,,,,,,,Website & webdesign,,,,,,False
jam16.nl,after,control,1.0,cadillac;evangelischwerkverband;grolsch;medialoc;nokia;pepsimax;philips;plussupermarkt;renault;sns;tmobile;vogelbeschermingnl,,0,,1.0,,,,,,0,0,0,0,0,0,0,,,,,,,,1,12,13,12,0,0,0,1,0,0,0,0,0,2025,0.0,0.0,,1.0,,,,,,,Website & webdesign,,,,,,False
jibe-group.com,before,narrower,1.286,asis;cyberx;delltechnologies;demandware;dkveuroservice;fujitsu;kennedyvanderlaan;mabs;microsoft;mulesoft;optimizely;qlik;salesforce;workday,channel,1,0.375,0.25,0.28,1.0,0.5,,,,,,,,,,,,,,,,,0,,28,14,,,4,4,5,2,2,0,0,2025,0.143,0.0,0.5,0.25,0.4,1.0,0.5,,,Offline media & events,Content & copywriting,Specifiek buitenland,"Software, IT & telecom",Events & activaties,,,False
reachcommunications.nl,before,control,2.333,arn;autorecyclingnederland;bovagraiverenigingenpartners;markenheem;pensioenfondsing;riskonet,stage,1,0.333,0.278,0.333,0.25,0.5,,0.375,,,,,,,,,,,,,,,3,,17,6,,,3,6,3,4,2,0,4,2025,0.667,0.0,0.333,0.333,0.333,0.25,0.5,,0.5,Multi-channel & omnichannel,Content & copywriting,Specifiek buitenland,Finance & insurance,Klantbehoud & loyaliteit,,Omvang in cijfers,False
reclame-totaal.nl,before,control,1.333,mervox;mrioost;weststratewoonoutlet,craft,1,,1.0,1.0,1.0,,,,,,,,,,,,,,,,,,0,,3,3,,,0,3,2,1,0,0,0,2015,0.0,0.0,,1.0,1.0,1.0,,,,,Branding & huisstijl,Nederlandse stad of plaats,Education & childcare,,,,False
reclame-totaal.nl,after,control,1.231,123wonen;bacchusbarrels;bramertaxaties;bybritt;deontginning;dreamspotevents;everthammink;inthascope;lammertinkbouw;meckspress;modeca;nivopersoneelenorganisatie;noordelijkebouwgroep;outletstoreplus;outletstoreplusenschede;ovis;preciousbeautycare;prinsstaal;psychosociaaltwente;psychosociaalwerktwente;qpdesign;roelienhairbeauty;scanyourhealth;slaapspecialist;tekkozijnen;tttelecom,craft+channel+stage+geo,4,0.594,0.612,0.556,0.25,0.5,1.0,0.556,8,26,3,4,2,1,3,0.75,0.769,0.667,0.25,0.5,1.0,0.667,0,0,27,26,3,26,8,26,3,4,2,1,3,2015,0.0,0.0,0.75,0.769,0.667,0.25,0.5,1.0,0.667,Social media organisch,Branding & huisstijl,Nederlandse stad of plaats,Manufacturing & industrial,"Merk, huisstijl & verhaal",Webshop consumenten (D2C),Omvang in cijfers,False
renovatiomedia.nl,before,control,1.0,achterhoekselekdetectie;antoniushypercare;aubergerustiquedekoekoeksklok;bbwhitepearlluxemburg;boscampingappelscha;campingitkroesebeamke;canpingdeommekeer;charlotteprinsvanwijngaarden;climatetechnics;dedrieprovincin;deeptenders;dlunchclub;driehoektaxateursoz;duikmuseumcentraalstaal;engbertsiderius;grootdiving;hetwittehuisolterterp;hotelluxemburg;mgciviel;middeleeuwsterapel;musicalworkshop;oilfreeair;orvelterhof;piaamstate;psychologenpraktijkdrachten;rudolphiebouw;saunatdalhuus;stichtingadesse;vakantieboerderijspringfield;vakantiehuisluxemburg;versemaaltijdcom;wendynoordzijl;wunjouitgeverij;zalencentrumwielens,,0,,1.0,,,,,,,,,,,,,,,,,,,,0,,37,34,,,0,1,0,0,0,0,0,2023,0.0,0.0,,1.0,,,,,,,Website & webdesign,,,,,,False
houseofsocialmedia.nl,today,narrower,1.0,arvalleasemaatschappij;atlasfiscalisten;bnpparibas;bonduelle;canon;conxillium;dela;dpgmedia;fontyshogescholen;frankwatching;gemeentenijmegen;hogeschoolantwerpen;ict;johnsonjohnson;kooi;louwmandealer;maasstadziekenhuis;mars;mercedesbenz;ministerievanbinnenlandsezaken;nederlandstijdschriftvoorgeneeskunde;nvm;odido;porsche;raadvanstate;radbouduniversiteit;rtlz;sanquinbloedvoorziening;strict;thewaltdisneycompany;vandoorneadvocaten;vitra;vodafone;wensink;wolterskluwer,,0,,0.333,,,,,,,,,,,,,,,,,,,,0,,36,35,,,0,3,0,0,0,0,0,2020,0.0,0.0,,0.333,,,,,,,"Online marketing, performance & CRO",,,,,,True
huiscommunicatie.nl,today,narrower,1.0,bindelmeercollegeamsterdam;buitenhoutcollegealmere;buitenveldertsemontessorischool;ikcbrasa;ikcrosaparks;kiesjeschoolinalmere;kindcentrumhetpalet;kindcentrumnatuurlijk;maurickcollege;obsdedrentsehoek;onderwijsdatpast;onderwijsgroepoostbrabant;onzeamsterdamseschool;oosterlichtcollege;oostvaarderscollege;osgdehogeberg;pcouwillibrord;praktijkschoolwestfrieslandstedebroec;prinsesireneschool;samenwerkingsverbandpassendonderwijshaarlemmermeer;scholengroepleonardodavinci;scoh;sovon;stanislascollege;stanislaspro;steunpuntamstelenmeer;stichtingauro;stichtingchristelijkonderwijstwenterand;stichtingschool;stichtingzonova;swvhanzeland;talentprimair;vossabb;vsodehogebrug;vvob,geo,1,,0.184,0.883,,0.28,,,,,,,,,,,,,,,,,0,,38,35,,,0,24,16,0,5,0,0,2020,0.0,0.0,,0.25,0.938,,0.4,,,,Branding & huisstijl,Nederlandse stad of plaats,,"Leden, leerlingen & donateurs werven",,,True
inventus.online,today,narrower,1.846,broekhoffvuurwerkinternational;carnavalsland;caveldesign;dehorlogebandenspecialist;depannenloods;dezuivelhoeve;dynamicfireworks;edelboxnl;emsflower;giantslive;hay;haynl;hesselinktrucks;intventraprenovatie;kantoormeubelenpro;onlinewateronthardersnl;overkampmeddo;summertoys;uitwisbaarnotitieboek;valkengoed;valleilimousines;vanmanenkeukens;vonroc;wasstripnl;wildbijzondervissen;zgthelon,craft+channel,2,0.375,0.455,1.0,0.265,0.25,,1.0,,,,,,,,,,,,,,,0,,42,26,,,4,20,1,7,4,0,2,2020,0.0,0.577,0.5,0.65,1.0,0.286,0.25,,1.0,"Data, tracking & CRO","Outcome-verkoop (leads, omzet, groei)",Nederland plus buurlanden,Retail & e-commerce (general consumer goods),Beter vindbaar in Google,,Omvang in cijfers,False
jibe-group.com,today,narrower,1.0,databricks;dkveuroservice;miro;salesforce;supermicro;workday,,0,1.0,0.5,1.0,,,,,,,,,,,,,,,,,,,10,,17,6,,,1,2,2,0,0,0,0,2025,0.0,0.0,1.0,0.5,1.0,,,,,Social media organisch,"Online marketing, performance & CRO",Nederlandse stad of plaats,,,,,True
jijonline.nu,today,narrower,2.0,kliniekvoordierenwoerden;singlecelldiscoveries,,0,,,1.0,0.5,,1.0,,,,,,,,,,,,,,,,0,,2,2,,,0,0,1,2,0,1,0,2023,0.0,0.0,,,1.0,0.5,,1.0,,,,Heel Nederland (landelijk),Retail & e-commerce (general consumer goods),,Zakelijke afnemers (B2B),,True
kleinmedia.nl,before,control,1.5,ancars;bureaucicero;dashmote;dewijnconcirge;diassoftware;foxfilmnederland;glazenwassersbimo;lensguild;locusquest;mastercard;meltwater;testclinicamsterdam;theconservatoriumhotel;themovingcompany;tramontana;villaborobodurresort,craft,1,,0.476,,0.5,,,,,,,,,,,,,,,,,,0,,24,16,,,0,15,0,2,0,0,0,2023,0.375,0.0,,0.6,,0.5,,,,,Website & webdesign,,"Fashion, beauty & personal goods",,,,True
kleinmedia.nl,after,control,1.844,9musestattooshop;bourgogneexpress;cameramaninhurennl;cyndiumevents;dashmote;deutschetelekom;fertilityeurope;fertilityeuropexeshrecongres;fertilityweek2024;foxfilmnederland;frankabouttea;frankafair;hollandsehoogtes;innax;jetnaftaniel;jupiler;kidtopia;lieverdconcepts;maroeskametz;mastercard;meltwater;nightadviser;oxxio;posholland;smbcaeroenginelease;smbcaeroengineleasesael;stichtingavr;thecalisthenicsclub;theconservatoriumhotel;thegametestory;tramontana;withzoey,,0,0.5,0.296,0.25,0.124,,1.0,,2,24,3,9,0,0,0,0.5,0.583,0.333,0.222,,,,3,6,46,32,10,26,2,29,4,11,0,1,0,2023,0.5,0.0,0.5,0.448,0.25,0.182,,1.0,,Webshop & e-commerceplatform,Website & webdesign,Europa,"Software, IT & telecom",,Webshop consumenten (D2C),,True
thisisqi.nl,today,narrower,1.0,achmearechtsbijstand;rabobank;vopak,,0,,0.5,,,0.333,,,,,,,,,,,,,,,,,0,,3,3,,,0,2,0,0,3,0,0,2023,0.0,0.0,,0.5,,,0.333,,,,Branding & huisstijl,,,Groei & nieuwe markten,,,False
trimm.nl,today,narrower,1.5,247tailorsteel;delftcircuits;dsm;envalior;itec;malvernpanalytical;mitsubishichemical;nexperia;philipshue;signify,industry+geo,2,,0.284,0.625,0.625,0.143,1.0,1.0,,,,,,,,,,,,,,,0,,16,10,,,0,9,4,4,7,1,1,2025,0.0,0.1,,0.444,0.75,0.75,0.143,1.0,1.0,,Apps & maatwerk platforms,Internationaal / wereldwijd,Manufacturing & industrial,Website verouderd of nieuw nodig,Zakelijke afnemers (B2B),Startup / jong / groeiend,False
upside.nl,today,narrower,1.562,byner;charcodique;eerstehulpbenjij;indiaconnected;kinwell;lifely;mariekeblankenstein;nexler;onlyhuman;pbn;remails;rtrn;stonecycling;studyportals;taalklasse;veiligheidsregiogroningen,craft+geo,2,1.0,0.597,0.5,0.278,1.0,1.0,,,,,,,,,,,,,,,,5,,27,16,,,1,12,4,6,1,1,0,2024,0.0,0.125,1.0,0.75,0.5,0.333,1.0,1.0,,SEO & organische vindbaarheid,Website & webdesign,Internationaal / wereldwijd,"Software, IT & telecom",Lancering nieuw product of concept,SaaS & software,,False
vizien.nl,today,narrower,1.536,30ml;abena;abnetten;annemarievandethillart;banvo;boumij;boumijmakelaars;bouwbedrijfbodavi;bouwconsulting;chewexpress;credionmaashorst;devoogt;devoordeligstedeurwaarder;eysing;financieringsfabriek;foonz;ggdinvestments;koffietjenl;lannetit;merlijn;nooteboomtrading;shirtsenzonl;smaakvolvleesnl;snijdersadvocaten;someone;thomasarchitecten;verandaci;verel,industry+craft+job,3,0.167,0.333,0.5,0.344,1.0,1.0,,,,,,,,,,,,,,,,0,,35,28,,,6,18,2,8,3,2,0,2023,0.0,0.25,0.167,0.5,0.5,0.5,1.0,1.0,,Apps & custom platforms,Website & webdesign,Internationaal / wereldwijd,Business & professional services,Website verouderd of nieuw nodig,Webshop consumenten (D2C),,False
vonc.nl,today,narrower,1.056,aanpakringzuid;defrieseenergietafel;defryskemarren;enber;gemeentedefryskemarren;gemeentehollandskroon;gemeentepekela;gemeentezwolle;heerenveenbeterbereikbaar;ijsselwerken;kr8;morgenwonen;nijestee;noardeastfrysln;provinciefrysln;rdw;simant;stadshavens,craft+geo,2,,0.474,0.556,1.0,,,,,,,,,,,,,,,,,,0,,20,18,,,0,17,3,1,0,0,0,2023,0.0,0.0,,0.588,0.667,1.0,,,,,Content & copywriting,Nederlandse stad of plaats,Government & public sector,,,,True
manifyagency.com,after,control,2.483,ablifestyle;aiwallart;aperfectjane;aurus;balr;capitalc;devinita;dogmahotdogs;freshaddictsclub;fugazzi;goanime;ibizamode;jumbo;kis;labareau;lila;littleroastery;magnusyachts;mrmrswatson;ogr;periscoop;perrocollection;shimanogearshop;skoonenergy;solarfusion;urbanlegendsmusicfestival;vandrielautomotive;zinergi;zipster,channel+model+geo,3,0.489,0.234,0.61,0.28,0.333,0.68,1.0,29,29,26,3,1,19,1,0.793,0.69,0.615,0.333,1.0,0.789,1.0,2,0,49,29,0,29,29,29,21,5,3,10,1,2023,0.69,0.621,0.586,0.379,0.762,0.4,0.333,0.8,1.0,Multi-channel & omnichannel,"Online marketing, performance & CRO",Internationaal / wereldwijd,"Fashion, beauty & personal goods",Groei & nieuwe markten,Consumentenmarkt offline,Startup / jong / groeiend,False
rubrix.nl,after,narrower,2.0,alpineproductions;arelabeautyhouse;beatrixdemusical;bieratelierrenes;derkscontainerservice;ekbcontainerlogistik;ekbcontainerlogistiknederland;ekbcontainerlogistiknl;gfsrtm;givenergyeurope;growwebdesign;hvk2go;jointforcedevelopment;josgym;mifasolex;notariaatmeijer;nstransport;oaproducties;pantherenergy;paspanelen;petersmanalpineproductions;profectus;roadjet;teamtechnicians;topperlogistics;udetect;vandrieltransport;vedmarketing;wedrivecars;whpersoneelsdiensten;zwijnenburg;zwijnenburgyachting,craft+channel+geo,3,0.389,0.388,0.347,0.165,0.218,0.36,0.222,3,18,6,14,9,2,3,0.667,0.722,0.333,0.357,0.444,0.5,0.333,0,4,84,32,5,28,6,22,12,20,15,5,6,2023,0.375,0.0,0.5,0.591,0.5,0.3,0.4,0.4,0.333,SEO & organische vindbaarheid,Website & webdesign,Nederlandse stad of plaats,"Transport, logistics & automotive",Website verouderd of nieuw nodig,Zakelijke afnemers (B2B),Familiebedrijf / gevestigd met historie,True
smaac.nl,after,narrower,2.458,avineontensing;danone;devosergo;elvedes;frommars;goedegebuur;greensweet;hestia;hestialiving;interconnect;krap;kruithof;kruithofoptiek;newlineinteractive;oldamsterdam;ooperon;plantlab;qorium;rituals;stella;superfoodies;sweversrealestate;townshipshertogenbosch;unilever,job+model+geo,3,0.25,0.273,0.388,0.149,0.413,0.68,0.306,1,19,5,10,9,3,4,1.0,0.421,0.6,0.2,0.778,0.667,0.5,0,3,43,24,0,21,4,22,7,17,15,5,7,2023,0.75,0.0,0.25,0.409,0.571,0.176,0.6,0.8,0.429,Apps & custom platforms,Branding & huisstijl,Heel Nederland (landelijk),Manufacturing & industrial,"Merk, huisstijl & verhaal",Zakelijke afnemers (B2B),Familiebedrijf / gevestigd met historie,True
hike.one,before,control,2.385,awellhealth;duravermeer;heineken;hezelaerenergy;hoogendoorn;libertyglobal;lightyear;marktplaats;pensioentkp;qdance;signify;tkppension;yuki,stage+geo,2,1.0,0.314,0.51,0.125,0.265,0.5,0.375,,,,,,,,,,,,,,,0,,46,13,,,1,13,7,8,7,2,4,2025,0.769,0.0,1.0,0.385,0.571,0.125,0.429,0.5,0.5,Apps & custom platforms,UX/UI & interface design,Internationaal / wereldwijd,"Food, beverage & agriculture",Maatwerk software & efficiëntere processen,SaaS & software,Groot / corporate / marktleider,False
mmnt.nl,after,control,2.167,beksbeks;bruynzeel;cloudpact;eyesoninsolvency;finchdisputeresolution;innvolve;knijffmerkenadviseurs;nederlandseverenigingvoorherstructurering;packagehub;portofamsterdam;redbreast;resor;snpg;stadsarchiefamsterdam;stichtingverenigdenederlandseapotheken;veiligheidnl;zorggroepdelaren;zuidbroek,job+channel+stage,3,0.36,0.327,0.28,0.24,0.82,0.25,1.0,6,10,4,10,8,3,3,0.5,0.5,0.5,0.4,1.0,0.667,1.0,0,8,30,18,1,10,10,18,5,11,10,4,3,2023,0.556,0.0,0.5,0.444,0.4,0.364,0.9,0.25,1.0,Website & CMS,Website & webdesign,Internationaal / wereldwijd,Business & professional services,"Merk, huisstijl & verhaal",Zakelijke afnemers (B2B),Startup / jong / groeiend,True
statement.nl,before,control,2.05,aswa;aswawelzijn;avadviesbureau;chemieparkdelfzijl;deploeg;dijkverbeteringeemshavendelfzijl;drajacobscollege;dralettajacobscollege;drentseondernemingvanhetjaar;gemeenteassen;gemeentegroningen;groningerondernemingsprijs;humanitas;humanitasgroningenstad;kremerzandengrind;omchanzekliniek;ommelanderdiek;provinciedrenthe;stichtingdegroningerondernemingsprijs;waterfrontdrachten,geo,1,0.21,0.235,0.556,0.136,0.306,,1.0,,,,,,,,,,,,,,,7,,43,20,,,9,19,9,9,7,0,1,2021,0.6,0.0,0.222,0.421,0.667,0.222,0.429,,1.0,Website & CMS,"Video, animatie & fotografie",Regionaal (binnen Nederland),Government & public sector,Website verouderd of nieuw nodig,,Omvang in cijfers,True
nedfinity.com,after,narrower,3.13,alpine;ausnutria;ckvadvocaten;closethegap;docentdirect;ecostyle;ffwd;greve;haardhoutcom;heelkundeinstituutnederland;provolt;qnoop;qvox;raeth;reef;reeffootwear;robedikappa;spoar;totaalbed;warmbat;wasparfum;williamscocktails;wingmancondoms,job+channel+model+stage+geo,5,0.384,0.264,0.344,0.166,0.346,0.389,0.556,18,19,4,12,11,5,1,0.611,0.474,0.25,0.25,0.455,0.4,1.0,3,3,63,23,12,20,22,22,8,21,18,6,3,2023,0.87,0.348,0.545,0.364,0.5,0.238,0.5,0.5,0.667,Webshop & e-commerceplatform,Webshop & e-commerce,Heel Nederland (landelijk),Retail & e-commerce (general consumer goods),Webshop & online verkoop,Webshop consumenten (D2C),Omvang in cijfers,True
netprofiler.nl,before,narrower,3.5,hogeschoolutrecht;newyorkpizza;parship;santander,channel,1,0.375,0.25,1.0,0.5,0.25,,,,,,,,,,,,,,,,,0,,9,4,,,4,4,2,2,4,0,0,2023,1.0,1.0,0.5,0.25,1.0,0.5,0.25,,,Social media organisch,Website & webdesign,Heel Nederland (landelijk),Finance & insurance,Beter vindbaar in Google,,,False
partout.nl,after,narrower,2.48,abb;abbnederland;autarco;brainport;brainporteindhoven;cbr;datalane;engie;gielissen;henkelman;hubsub;impactfoodsystems;kindertelefoon;koopmans;longfonds;myownpowerplant;partout;protix;salesquarters;sligro;specialops;vanroosmalen;vdl;vdlnextpole;zilliz,model+stage,2,0.183,0.157,0.312,0.138,0.197,0.543,0.625,8,12,3,4,9,6,1,0.25,0.25,0.667,0.25,0.333,0.667,1.0,1,8,47,25,6,17,17,23,8,15,17,17,4,2025,0.72,0.16,0.294,0.261,0.375,0.267,0.353,0.647,0.75,Multi-channel & omnichannel,Website & webdesign,Internationaal / wereldwijd,"Food, beverage & agriculture","Merk, huisstijl & verhaal",Zakelijke afnemers (B2B),Startup / jong / groeiend,True
wveen.com,after,narrower,1.039,acmedia;afplakbedrijf;babykidsvillanl;bewegenaanzee;bloemenwinkelhoofddorpfleuriande;blomwol;blomwolnl;bootgarage;bouke;boukerikkertdekoe;carlijnevers;clarox;claroxdetachering;degroeneuitdaging;dekapertjes;demicostudio;denieuwepolitiek;deregelaar;dezonnepaneelreiniger;dezonnepanelenreiniger;dirkmeeldijk;duinkijker;ellygeleijnse;firefusion;gezondmetesmanl;glazenwasserijnl;gsmdoc;gsmdocbelgie;gsmdocbelgiev1;gsmdoclisse;gsmpoint;gsmpointv1;gsmpointv2;gsmreparatiebree;gsmreparatiebreebelgie;guusbauer;homevast;hyperionconsultancy;hyperionconsultancybeveiliging;hyperiontraining;ijssaloncadore;jobmann;jobmannbelgie;joomlawordpressmigratiedartworldnl;judithvandrunen;judithvandrunenv2;lbrepairs;lbrepairsinbelgie;madlen;mandy;michellekamerman;mirjamolsthoorn;multidienstennoordholland;okidocreationsnl;oliebollentaxi;oudijzerboercom;oudijzerboerhaarlem;pictureyourmomentv1;progevelreinigingnl;radio4all;renomarmer;scootershophillegom;sebastiaanbrania;speeltuinjeugdland;speeltuinjeugdlandv1;speeltuinjeugdlandv2;studiohann;studiohannnl;teslataxiservice;vapeholland;voegbedrijfzakhole;vramsterdam;waxalmere;waxhillegom;williamhillegom;zakholesteigerverhuurnl,craft+model,2,1.0,0.724,0.387,0.5,0.5,1.0,,1,14,1,2,2,1,0,1.0,0.429,1.0,0.5,0.5,1.0,,1,57,102,76,1,19,1,70,15,2,2,3,0,2023,0.0,0.0,1.0,0.843,0.467,0.5,0.5,1.0,,SEO & organische vindbaarheid,Website & webdesign,Nederlandse stad of plaats,Business & professional services,Beter vindbaar in Google,Webshop consumenten (D2C),,True
christyvandersman,today,original340,1.529,adashaarmode;aweta;back2basics;bvbn;cream;dagvandebhv;demuziekschoolpijnacker;detuinderij;gerbera;grossiernu;houwelingarchitecten;intertoys;jolliesrioolservice;kareldoormanfonds;kinderdagverblijfhoeveackerdijk;meerdeur;mullerbeltex;omgevingsdienstenvanzuidholland;oneflora;oostlandcompany;plantpartners;rkdeo;romynox;ronico;royalhoudijk;schottehoogerbrugge;sparcktechnologies;svbfit;thewaterproofcompany;vandeelenliften;veenparkvastgoedadvies;vietech;winkelcentrumdeparadenootdorp;wndijkshoorn,craft+geo,2,,0.418,0.375,0.097,,,,,,,,,,,,,,,,,,2,,50,34,,,0,30,4,19,0,0,0,,0.0,0.0,,0.567,0.5,0.158,,,,,Branding & huisstijl,Regionaal (binnen Nederland),"Construction, real estate & housing",,,,True
clubgeist.nl_395,today,original340,1.146,amnestyinternational;aviko;bartimus;beglobal;boercroon;capellexl;carintreggeland;cegeka;centrumjeugdengezin;cjg;cosun;dcmr;dvdw;eba;epsa;fme;joosten;jpvaneesteren;klaverbladverzekeringen;kpn;laurens;lkqfource;maindeck;milieuplatformzorgsector;naturespride;nederlandsdagblad;pia;prewonen;prwonen;rdw;rijksoverheid;shv;springboardnetwork;trigion;uva;vanoord;verenigingrembrandt;vesteda;vngconnect;wybengaadvocaten;ziekenhuisrivierenland,craft,1,,0.556,,0.222,,,,,,,,,,,,,,,,,,5,,58,41,,,0,3,0,6,0,0,0,,0.0,0.0,,0.667,,0.333,,,,,Employer branding & recruitment,,Healthcare & care,,,,False
coco-dotgo,today,original340,1.25,coverpools;dehogeheide;habraken;hdtrading,,0,1.0,0.25,1.0,1.0,,,,,,,,,,,,,,,,,,0,,9,4,,,1,4,1,1,0,0,0,,0.0,0.0,1.0,0.25,1.0,1.0,,,,"Branding, campagne & activatie",Branding & huisstijl,Heel Nederland (landelijk),Manufacturing & industrial,,,,True
colin-faas-205757232,today,original340,1.0,jcraftboats,,0,,1.0,,,,,,,,,,,,,,,,,,,,0,,1,1,,,0,1,0,0,0,0,0,,0.0,0.0,,1.0,,,,,,,Strategie & advies,,,,,,True
keyagency.nl,before,control,2.048,amsterdamweerproof;archipelacademy;arvalautoselect;buienradar;dpgdatalab;dpgdirect;dpgmedia;eetstoornissennetwerk;eigenhaard;fnvhorecabond;gardena;happynurse;keet;kensi;koninklijkebibliotheekdelpher;metakids;nbtc;opendutchfiber;ponenergyrental;simyo;stichtingkiem,stage,1,0.14,0.13,0.333,0.136,0.207,0.5,0.556,,,,,,,,,,,,,,,0,,26,21,,,10,19,3,9,11,2,3,2024,0.381,0.19,0.2,0.158,0.333,0.222,0.364,0.5,0.667,Social media organisch,Branding & huisstijl,Nederlandse stad of plaats,Retail & e-commerce (general consumer goods),Maatwerk software & efficiëntere processen,Consumentenmarkt offline,Startup / jong / groeiend,False
limesquare.nl,before,control,1.0,boersrealestate;heftruckconcurrent;kunstnonstop;uitinhengelo,craft,1,,0.5,,,,,,,,,,,,,,,,,,,,0,,4,4,,,0,4,0,0,0,0,0,2022,0.0,0.0,,0.5,,,,,,,Branding & huisstijl,,,,,,True
limesquare.nl,after,control,1.0,landgoeddewilmersberg;oakpensioen,,0,,1.0,,,1.0,,,0,2,0,0,1,0,0,,1.0,,,1.0,,,0,0,2,2,4,2,0,2,0,0,1,0,0,2022,0.0,0.0,,1.0,,,1.0,,,,Branding & huisstijl,,,"Merk, huisstijl & verhaal",,,True
lvb.nl,before,control,1.0,abeos;cisco;financialfocus;hotelcasa;hsl;mboamersfoort;mkbnederland;nationaalmsfonds;royaalapeldoorn;skillslab;techgags;uwv,channel,1,0.389,0.21,1.0,,1.0,1.0,,,,,,,,,,,,,,,,31,,48,12,,,6,9,1,0,1,1,0,2022,0.0,0.0,0.5,0.333,1.0,,1.0,1.0,,"Content, video & PR",Campagnes & creatieve concepten,Nederlandse stad of plaats,,Bewustwording & gedragsverandering,Zakelijke afnemers (B2B),,True
theapsgroup.com,after,control,2.185,aberdeen;adidas;aegonuk;aholddelhaize;bmw;bostonceltics;departmentforeducation;forbo;ford;garmin;hbomax;hmborderforce;hoya;hoyavisioncare;isleofharrisdistillery;kitchenaid;maersk;magnettrade;philips;philipsbiotelresearch;superdrug;thepools;totalenergies;ulsteruniversity;universityofworcester;welwynhatfieldboroughcouncil;westfieldhealth,model+stage+geo,3,0.259,0.264,0.375,0.21,0.25,1.0,0.556,0,5,0,0,1,0,0,,0.4,,,1.0,,,0,17,37,27,3,10,9,22,4,9,12,4,3,2025,0.519,0.259,0.333,0.455,0.5,0.333,0.333,1.0,0.667,Multi-channel & omnichannel,"Grafisch ontwerp, drukwerk & print",Specifiek buitenland,Healthcare & care,Content & creatieve productie,Zakelijke afnemers (B2B),Omvang in cijfers,True
reynhard.nl,after,narrower,2.571,coachnutrition;debatavierenrace;ergonjobs;ergonzorgbemiddeling;euregio;flespakketnl;gevelpersoneelnl;grafischkabinet;healthvalleynetherlands;healthvalleytv;innopastry;intothecycle;karinjensma;nnrunningteam;plazavenetia;postnl;primeparkinson;radboudumc;stichting12q;wavy;zorgpin,craft+job+model+geo,4,0.5,0.474,0.389,0.117,0.5,0.44,1.0,1,7,4,8,4,2,0,1.0,0.714,0.5,0.25,0.75,0.5,,0,13,34,21,4,8,2,19,12,18,6,5,1,2020,0.667,0.0,0.5,0.632,0.583,0.222,0.667,0.6,1.0,Offline media & events,Branding & huisstijl,Nederlandse stad of plaats,Healthcare & care,"Merk, huisstijl & verhaal",Zakelijke afnemers (B2B),MKB / middelgroot,False
nubisonline.com,after,control,2.182,adidas;adidassfs;bynder;cbi;decathlon;fashionchick;leavyco;lovestories;lovestoriesintimates;servicenow;stellantisfinancialservicesthenetherlands,job+channel,2,0.51,0.22,0.333,0.25,0.625,1.0,0.5,0,3,1,2,0,1,1,,0.333,1.0,0.5,,1.0,1.0,0,8,23,11,2,3,7,10,3,4,4,1,2,2024,0.636,0.182,0.571,0.3,0.333,0.25,0.75,1.0,0.5,"SEA, display & overige paid advertising","Online marketing, performance & CRO",Europa,"Energy, utilities & environment",Maatwerk software & efficiëntere processen,Gemengd,Groot / corporate / marktleider,False
turntwo.com,after,narrower,2.5,elho;fashioncloud;newyorkpizza;postcodeloterij;postcodelottery;pricewise,craft+job+geo,3,0.25,0.5,0.68,0.5,0.375,1.0,1.0,1,2,2,0,1,1,1,1.0,0.5,1.0,,1.0,1.0,1.0,6,4,20,6,0,2,4,6,5,2,4,1,1,2025,0.667,0.5,0.25,0.667,0.8,0.5,0.5,1.0,1.0,Multi-channel & omnichannel,"Online marketing, performance & CRO",Internationaal / wereldwijd,"Media, culture & entertainment",Groei & nieuwe markten,Webshop consumenten (D2C),Omvang in cijfers,False
okapion.com,after,narrower,2.867,aimms;airtrafficcontrolthenetherlands;derolf;greenwheels;huisman;luchtverkeersleidingnederland;neohypotheken;rolf;rwretailsolutions;samskip;sdb;siemensgamesa;therolf;tjip;warmtenetwerknederland,craft+job+model,3,,0.456,0.388,0.183,0.82,0.375,0.5,0,4,2,8,1,0,0,,0.5,0.5,0.5,1.0,,,0,4,49,15,4,11,0,13,7,13,10,4,2,2024,0.8,0.2,,0.615,0.429,0.231,0.9,0.5,0.5,,Apps & maatwerk platforms,Internationaal / wereldwijd,"Transport, logistics & automotive",Maatwerk software & efficiëntere processen,Zakelijke afnemers (B2B),Groot / corporate / marktleider,True
wadm.nl,before,narrower,2.393,aako;aliaxis;allianceautomotive;autovakmeester;brink;calex;cementbouw;efn;eit;excelsior;innosight;interdam;napa;nautus;nekoshipsupply;normec;nsecure;nxchange;oceanco;rijless;spinecenteramsterdam;ultimo;vanbeest;vetus;vismaroxit;vitam;zoontjens;zuidhollandslandschap,job+model+geo,3,0.16,0.286,0.349,0.122,0.389,1.0,0.259,,,,,,,,,,,,,,,0,,69,28,,,9,25,17,24,12,7,9,2024,0.464,0.071,0.222,0.4,0.529,0.208,0.583,1.0,0.333,Apps & custom platforms,Website & webdesign,Nederlandse stad of plaats,Manufacturing & industrial,"Merk, huisstijl & verhaal",Zakelijke afnemers (B2B),Groot / corporate / marktleider,False
oppepper.nl,after,narrower,1.0,arboz;filogic;incentro;nieuwnotariaat;qwoater;relyon;scopisto;spirair;tocarezorgprofessionals,,0,,0.306,,,,,,0,6,0,0,0,0,0,,0.333,,,,,,0,3,9,9,6,6,0,7,0,0,0,0,0,2023,0.0,0.0,,0.429,,,,,,,Strategie & advies,,,,,,False
panbranding.nl,before,narrower,2.296,bambouwtechniek;bamwonen;budlr;fitsvanbamwonen;grondg;h2storage;hembrugzaandammer;kunstaantafel;logville;logvilledigitalexperiencecenter;nowherdays;origoo;participatiegilde;participatiegildeportfolio;powergirlz;powergirlzportfolio;powerpeers;redsaam;redsaaminstappennaarherstel;redwired;soeplr;spaarndammerburen;talentinopleiding;totalenergies;upvanbambouwtechniek;vilhetvlaamsinstituutvoordelogistiek;windkracht5,craft+channel+stage,3,0.333,0.503,0.231,0.135,0.306,0.222,1.0,,,,,,,,,,,,,,,0,,65,27,,,6,26,13,17,7,6,3,2025,0.593,0.0,0.5,0.692,0.308,0.235,0.429,0.333,1.0,Apps & custom platforms,Branding & huisstijl,Nederlandse stad of plaats,"Energy, utilities & environment","Merk, huisstijl & verhaal",Zakelijke afnemers (B2B),Startup / jong / groeiend,True
lemonscentedtea.com,before,control,3.412,cortina;deltaairlines;earthline;goatorganicapparel;hamburgcommercialbank;knaap;loods5;mariestellamaris;nuon;nuonvattenfall;ouwehandsdierenpark;pisangambon;stichting4en5mei;utrechtrainbowfestival;veloretti;visitoost;visittwente,channel+stage,2,0.551,0.253,0.231,0.14,0.265,0.5,0.375,,,,,,,,,,,,,,,0,,30,17,,,7,15,13,11,7,2,4,2025,0.882,0.882,0.714,0.4,0.385,0.182,0.286,0.5,0.5,Social media organisch,Branding & huisstijl,Heel Nederland (landelijk),"Fashion, beauty & personal goods",Klantbehoud & loyaliteit,Webshop consumenten (D2C),Startup / jong / groeiend,False
takties.nl,after,narrower,1.0,administratiekantoorbouma;althofaccountants;avzbrinxnl;gezondheidscentrumkloosterveen;kgsoliddesign;nextlubricants;rievesterhuusies;smidtkennisprovider;weppaint,,0,,1.0,,,1.0,,,0,2,0,0,1,0,0,,1.0,,,1.0,,,0,0,9,9,1,9,0,2,0,0,1,0,0,2016,0.0,0.0,,1.0,,,1.0,,,,Website & webdesign,,,Website verouderd of nieuw nodig,,,True
tekstueel-communicatie.nl,before,narrower,1.318,boonstoppeltruckservice;bouwacademie;bouwacademiegroenehart;citymarketingwaddinxveen;duurzaamheidsplatformwaddinxveen;duurzaamzuidplas;ebsbyboonstoppel;gemeentegoudaspoorzone;gemeentegoudazuidelijkstationsgebied;gemeentewaddinxveen;genietenparktriangel;hefra;ondernemersplatformwaddinxveen;sleutelkwartier;sma;smabrasserieenwijnbar;stichtingzo;tsuyt;vba12;verenigingbedrijvenparkdoelwijk;vertelwaddinxveen;woningcorporatieressortwonen,craft+geo,2,0.5,0.375,1.0,0.333,0.5,,1.0,,,,,,,,,,,,,,,0,,26,22,,,2,4,3,3,2,0,1,2023,0.182,0.0,0.5,0.5,1.0,0.333,0.5,,1.0,Social media organisch,"Grafisch ontwerp, drukwerk & print",Nederlandse stad of plaats,"Transport, logistics & automotive",Naamsbekendheid & zichtbaarheid,,Omvang in cijfers,True
pre-pare.nl,after,control,0.851,360gradenfotografie;3dgoogleearth;3dpackagingdesign;3dplattegrond;3dprintenettenleur;4x4zuid;aandachtopdeweg;ageviewer;animatieflexibeleelektronica;arassecurity;benzhoortoestellen;bielsbank;blend4website;bondparktrailer;bondparkwebsite;bosexploitatievroomsite;brilmoderobboon;brilmoderobboonbacktoschoolactie;brilmoderobboonvasumaactie;bsbssupportwebsite;cadeaudinerbonnen;carartschilderijen;cargill;cargill3d;chiqoorij;computergeneratedimagecgi;conceptenndfmls;conceptvoorstelfiatbelettering;coronahulpmiddelensite3dvisualsoplossingen;cruisenightroosendaal;ctech;currymasala;currymasalazomeraanbieding;dieselspareparts;easylivingportugalmancave;explodedviews;facebookactiesbrilmoderobboon;folderbosfrezen;gemeentemeubilair;gerechtsdeurwaardernederland;golftermenapp;goprohero360gradenmount;gpceuropewebsite;grahamfotografienieuwebrochure;grahampackaging;grahampackagingsellsheets;halloroosendaalapp;hartvannederland;holidayhomerestyling;huisstijldieselspareparts;huisstijltulipflourmills;ibeaconsdetoekomstvanwinkelen;industrohuisstijlwebsite;infravak;innovatiescanverpakking;interactieveruimte;interieuradvies;interieurgrandcaf;kijkgroepkrispijn;kinderkledingontwerpen;kontaktlenzencentrumdordrecht;kortendijksestraatnlpromotie;krispijnoptiekjaarflyers;kvk;kvkhetnieuwewinkelen;landgoedmattemburg;leesapp;legro;legro3dcutter;legro3dtablesystems;legro3dvisuals;legrohuisstijl;loslatinosflipboardmenukaart;mestonderzoekmetjemobiel;movie3dvisuals;movievastgoed;nichemed3danimatie;nieuwsbriefbrilmoderobboon;nstscaffoldinghuisstijl;nuoninterface;ontwerpkunstwerkpasserelleroosendaal;opengewerkteproducts;palletfolieafroller;prcgerechtsdeurwaarders;proplusbouwhuisstijl;pvugerechtsdeurwaarders;radizdrive;ranchobravomenukaarten;reehorst;reehorsttankeninstallatie;renaultnemobestickering;reypenaercheese;reypenaerkaasamsterdam;reypenaerkaasconcepten;riensgortoptiekreclame;ringcallwebsite;ringmaatapp;silverbrains;sjoelbakmetbierdoppen;snowboardled;suncastle;taxigoverdezevenbergen;tongerlomuseum;uitverkoopactievdh;vanderheidenoptiekblackfriday;vdvdhuisstijl;victordelorme;vr3dimages;waxworldconcept;wcwonder;websitechiqoorij;websitecurrymasala;websiteholidayhomerestyling;websitekortendijksestraat;websitelegalrecovery;websiteloslatinos;websitemijlweg;websitesunglassesxl;winkelbuddyconcept;woonvormportugal;zonnebrilactiesbrilmoderobboon,channel+geo,2,0.429,0.226,0.625,0.333,,1.0,,0,1,0,0,0,0,0,,1.0,,,,,,38,119,261,121,35,2,7,119,4,3,0,1,0,2023,0.05,0.0,0.571,0.37,0.75,0.333,,1.0,,Apps & custom platforms,"Grafisch ontwerp, drukwerk & print",Nederlandse stad of plaats,Retail & e-commerce (general consumer goods),,Webshop consumenten (D2C),,False
joepublic.nl,before,control,1.556,aldi;beterbed;doeslief;freeagirl;msd;msdenkika;ohra;simyo;sire,industry+craft,2,1.0,0.556,1.0,0.556,0.5,,,,,,,,,,,,,,,,,2,,31,9,,,2,6,1,3,2,0,0,2025,0.222,0.0,1.0,0.667,1.0,0.667,0.5,,,"Content, video & PR",Campagnes & creatieve concepten,Nederlandse stad of plaats,Healthcare & care,"Leden, leerlingen & donateurs werven",,,True
nordique.nl,before,control,2.609,amysoft;aog;aogschoolofmanagement;archipunt;datehoiting;datehoitingadviesregie;dizain;emdrkit;fairtradeoriginal;floer;haconnect;helpdesk050;maaktechniekproces;maaltijdserviceoosterlengte;meegroningen;newenergycoalition;provinciegroningen;revoortslopensaneren;rig;rigg;solarfields;umcgcardiologyresearchinstitute;unobedrijfsadviseurs,craft+job+stage+geo,4,0.156,0.356,0.383,0.156,0.312,0.333,0.375,,,,,,,,,,,,,,,1,,40,23,,,8,21,9,17,16,3,4,2023,0.696,0.13,0.25,0.571,0.556,0.294,0.5,0.333,0.5,SEO & organische vindbaarheid,Website & webdesign,Regionaal (binnen Nederland),Business & professional services,Website verouderd of nieuw nodig,Webshop B2B,Omvang in cijfers,False
studiorbee.nl,before,control,1.136,arthurbrent;ataminaturallyinnovating;boomadviesnederland;brandloyalty;byjuno;degrootsolar;fphploegmakers;frieslandcampina;greenyourday;hoortijduwaudicien;intratuin;lxathelawfirm;multiprofitholland;njoythemusic;polkerwonen;taxperiencebelastingadviseurs;thebigcarstore;tresbeauhealthbeautywellbeing;usacarsravenstein;vantolconveniencefood;vantoloosters;zeeman,industry+craft,2,,0.401,1.0,0.556,,1.0,,,,,,,,,,,,,,,,0,,22,22,,,0,21,1,3,0,1,0,2020,0.0,0.0,,0.571,1.0,0.667,,1.0,,,Branding & huisstijl,Regionaal (binnen Nederland),"Construction, real estate & housing",,Webshop consumenten (D2C),,False
studiorbee.nl,after,control,1.0,atami;bijvollemaan;brandloyalty;cannabisenergydrink;gloudemansoptiek;greenstyling;greenyourday;guicerealenergy;hdbnederland;heroesdenbosch;holmatrorescueequipment;holmatroworksphere;intratuin;koninklijkebam;noroboebusco;pollewopmonturen;purefoods;qconcepts;ruimteschepper;schoenexpertsnl;taxperience;usacarsnederland;vantolconveniencefood;verelacer;woodandstone,craft,1,,0.635,,,,,,0,21,0,0,0,0,0,,0.714,,,,,,0,4,25,25,18,21,0,25,0,0,0,0,0,2020,0.0,0.0,,0.76,,,,,,,Branding & huisstijl,,,,,,False
supportflex.nl,after,narrower,1.143,bflexhealth;fysiotherapieglanerbrug;insectdirect;ktteroldenzaal;minisoccerbal;regenschirmkaufende;wespenverdelgen,craft,1,,0.722,,1.0,,1.0,,0,6,0,1,0,1,0,,0.833,,1.0,,1.0,,0,0,7,7,0,7,0,6,0,1,0,1,0,2015,0.0,0.0,,0.833,,1.0,,1.0,,,Content & copywriting,,Retail & e-commerce (general consumer goods),,Webshop consumenten (D2C),,False
takties.nl,before,narrower,1.0,avzbrinx,,0,,1.0,,,,,,,,,,,,,,,,,,,,0,,1,1,,,0,1,0,0,0,0,0,2016,0.0,0.0,,1.0,,,,,,,Website & webdesign,,,,,,False
opklopper.nl,after,narrower,2.086,allaboutinterior;antracite;bamboosa;butikalkmaar;calgariwatches;caseofleila;casteleyn;dedriegraefjes;degeschenkbedenker;dutchcheese;fabricstitches;fashionspecs;fuckingstrongcoffee;gebruiktspeelgoednl;gpproducts;hangeleven;hartbeach;heirloompantryclub;houthandelvlugenoud;jutkey;kerstpakketnl;loftymanner;mascolori;moychay;northgatewatches;officeinterior;ortoparisi;pearlsandswines;pylos59;secu;stylewoerden;thebeautyedge;thehendrikstasty;viveh;yamafoodshop,craft+job+channel+model+geo,5,1.0,0.74,0.383,0.311,0.781,0.592,1.0,31,31,4,20,3,10,1,1.0,0.903,0.5,0.4,0.667,0.7,1.0,0,4,89,35,13,31,35,35,9,30,8,14,1,2023,0.229,0.0,1.0,0.857,0.556,0.433,0.875,0.714,1.0,Webshop & e-commerceplatform,Webshop & e-commerce,Nederlandse stad of plaats,"Fashion, beauty & personal goods",Webshop & online verkoop,Webshop consumenten (D2C),Startup / jong / groeiend,True
oppepper.nl,before,narrower,1.0,accent;arboz;digivit;filogic;isential;mkbbrandstof;nexxt;stichtingdroomdag;tocarezorgprofessionals,,0,0.5,0.333,,,,,,,,,,,,,,,,,,,,0,,9,9,,,2,3,0,0,0,0,0,2023,0.0,0.0,0.5,0.333,,,,,,"Content, video & PR","Online marketing, performance & CRO",,,,,,False
lemon.nl,after,narrower,1.0,alzheimeramsterdam;apmterminals;arkin;axe;brandactivation;chase;chasebrandactivation;hetpersbureau;hyundai;jellinek;jumbo;kruidvat;link;magnum;mentrum;natwerk;novarum;protifarm;raak;registerbelastingadviseurs;unox;velto;vvcs;yourlittleblackbook,,0,,,,,,,,0,0,0,0,0,0,0,,,,,,,,1,18,35,24,3,6,0,0,0,0,0,0,0,2023,0.0,0.0,,,,,,,,,,,,,,,False
klubb.nl,before,narrower,1.5,backofficer;chemine;climotec;costacolijn;dekoetsier;deliverybike;devouwwagenspecialist;diksprocesssupport;duurzaamplus;gologi;happybed;holtkamper;jjmpersoneel;lamachine;ledschermmedia;mayke;meesmandakdekkers;sarispartners;schaapencitroen;swimessentials;thejunebenissa;twinkels;vouwwagenspecialist;washin7;wasserijboumans;woodwork,industry+job+channel+geo,4,0.509,0.257,0.556,0.556,0.44,1.0,1.0,,,,,,,,,,,,,,,0,,35,26,,,17,26,3,3,5,2,1,2025,0.231,0.154,0.647,0.385,0.667,0.667,0.6,1.0,1.0,"SEA, display & overige paid advertising",Online adverteren (paid ads),Regionaal (binnen Nederland),"Transport, logistics & automotive",Webshop & online verkoop,Webshop consumenten (D2C),Omvang in cijfers,False
klubb.nl,after,narrower,1.0,happybed;vouwwagenspecialist;washin7;wasserijboumans,craft+channel,2,1.0,0.625,,,,,,0,0,0,0,0,0,0,,,,,,,,0,4,6,4,22,0,3,4,0,0,0,0,0,2025,0.0,0.0,1.0,0.75,,,,,,"SEA, display & overige paid advertising",Online adverteren (paid ads),,,,,,True
ultrax.agency,before,control,2.286,curajob;emelisse;interborgkeukens;notenkraamslagboom;oesterproeverijpekaar;slotoostende;verwijskreeftenparken,channel,1,0.375,0.265,0.36,0.28,0.25,0.333,0.5,,,,,,,,,,,,,,,1,,12,7,,,4,7,5,5,4,3,2,2025,0.571,0.0,0.5,0.429,0.4,0.4,0.25,0.333,0.5,Social media organisch,Website & webdesign,Regionaal (binnen Nederland),"Food, beverage & agriculture","Merk, huisstijl & verhaal","Overheid, zorg & onderwijs",Klein / zelfstandig,False
casparnorg,today,original340,1.25,amefa;christelijkcollegegroevenbeek;europeesproject;gooischescholenfederatie;ibass;kipkiplekker;nbov;nepluvi;nunspeetmantelzorgcentrumhetvenster;nunspeetsportiefgezond;okkerseschopadvocaten;princefibre;raespo;stichtingbrancheorganisatiekalverhouderij;stichtingviertaal;vanklompenburghekwerkenenbeveiliging,craft,1,,0.429,0.25,0.25,,,1.0,,,,,,,,,,,,,,,0,,28,16,,,0,7,4,4,0,0,1,,0.0,0.0,,0.571,0.25,0.25,,,1.0,,Branding & huisstijl,Nederlandse stad of plaats,Manufacturing & industrial,,,Omvang in cijfers,False
ccderooy,today,original340,1.25,arvatofinancialsolutions;cubatravelnetwork;freshcolor;openhealth;probikegear;riverty;shimano;shimanoeurope;shimanopedals;smrtbio;spar;studentflex;tomtom;tomtomrider;tomtomvio;totem;voedselbankennederland;wndrlx;wundermart;wuunder,craft,1,,0.52,0.25,0.28,,,,,,,,,,,,,,,,,,0,,35,20,,,0,5,4,5,0,0,0,,0.0,0.0,,0.6,0.25,0.4,,,,,Strategie & advies,Europa,"Hospitality, tourism, sports & recreation",,,,False
chrislaarman,today,original340,2.0,auping;buurtzorgnederland;ducadelcosma;hbo4you;shuttel,,0,1.0,0.25,1.0,0.333,0.333,,,,,,,,,,,,,,,,,0,,5,5,,,2,4,1,3,3,0,0,,0.0,0.4,1.0,0.25,1.0,0.333,0.333,,,"Content, video & PR","Video, animatie & fotografie",Specifiek buitenland,Healthcare & care,Personeel werven & werkgeversmerk,,,False
chrissiecremers,today,original340,1.286,abnamro;digianne;fizzclubsoda;kpmg;panasonic;porsche;tomtom,,0,,1.0,,0.5,1.0,,,,,,,,,,,,,,,,,0,,8,7,,,0,1,0,2,1,0,0,,0.0,0.0,,1.0,,0.5,1.0,,,,Campagnes & creatieve concepten,,"Transport, logistics & automotive",Bewustwording & gedragsverandering,,,False
hlobranding.com,before,control,1.0,2monkeysandabicycle;driscolls;gardenorchid;handlesandmore;kalettes;lovemysalad;taskteam,,0,,1.0,,,,,,,,,,,,,,,,,,,,0,,19,7,,,0,1,0,0,0,0,0,2020,0.0,0.0,,1.0,,,,,,,Branding & huisstijl,,,,,,True
hlobranding.com,after,control,1.786,2monkeysandabicycle;daylr;driscolls;gardenorchid;handlesandmore;hazera;junis;junischildcare;junisdaycare;kalettes;lovemysalad;plntscom;premierseafarmersbynature;taskteam,craft+geo,2,0.278,0.5,0.556,0.306,0.5,0.5,0.5,5,5,2,6,1,2,2,0.4,0.8,0.5,0.5,1.0,0.5,0.5,0,7,23,14,0,7,6,6,3,7,2,2,2,2020,0.143,0.0,0.333,0.667,0.667,0.429,0.5,0.5,0.5,"Branding, campagne & activatie",Branding & huisstijl,Internationaal / wereldwijd,Education & childcare,Naamsbekendheid & zichtbaarheid,Webshop consumenten (D2C),Klein / zelfstandig,True
smartmediamasters.nl,before,narrower,2.5,awakeorigins;boldpeople;directeurennetwerknederland;newheroesacademy;pactum;thefreshagency,job,1,0.333,0.278,0.5,0.333,0.556,1.0,1.0,,,,,,,,,,,,,,,0,,7,6,,,3,6,2,3,3,1,1,2024,0.5,0.5,0.333,0.333,0.5,0.333,0.667,1.0,1.0,Social media organisch,Campagnes & creatieve concepten,Specifiek buitenland,Healthcare & care,Personeel werven & werkgeversmerk,Zakelijke afnemers (B2B),Omvang in cijfers,False
smartmediamasters.nl,after,narrower,4.0,boldpeople;pactum,,0,0.5,1.0,,0.5,1.0,,,0,0,0,0,0,0,0,,,,,,,,0,2,2,2,4,0,2,2,0,2,2,0,0,2024,1.0,1.0,0.5,1.0,,0.5,1.0,,,"E-mail, CRM & marketing automation",Campagnes & creatieve concepten,,"Staffing, recruitment & HR",Personeel werven & werkgeversmerk,,,False
mmnt.nl,before,control,1.111,bruynzeel;emmakinderziekenhuisamsterdam;eyesoninsolvency;knijffmerkenadviseurs;portofamsterdam;redbreast;stadsarchiefamsterdam;stichtingverenigdenederlandseapotheken;veiligheidnl,channel,1,0.625,0.25,,1.0,1.0,1.0,,,,,,,,,,,,,,,,0,,12,9,,,4,8,0,1,1,1,0,2023,0.0,0.0,0.75,0.375,,1.0,1.0,1.0,,Website & CMS,Website & webdesign,,Finance & insurance,"Merk, huisstijl & verhaal",Gemengd,,True
strangelove.nl,today,narrower,1.417,annavanrijn;bunzl;gooddays;ingcdcpensioenfonds;internationalschoolalmere;internationalschoolutrecht;kienhuislegal;nextroundboxing;notarialpartners;nuovoscholen;olympischstadion;reffm,craft,1,,0.32,1.0,0.5,,1.0,,,,,,,,,,,,,,,,1,,16,12,,,0,10,1,2,0,1,0,2023,0.0,0.0,,0.5,1.0,0.5,,1.0,,,Branding & huisstijl,Nederlandse stad of plaats,Education & childcare,,Zakelijke afnemers (B2B),,True
strila.nl,today,narrower,1.357,bakkerpsychiatrie;coldcandy;evavankempen;freshlegend;innersanctum;karenznl;koppenkracht;leadsopmaat;letstalkfilm;maxverstappen;rebold;rivaconsultancy;tripleapeople;vintageaudiorepair,craft+model,2,1.0,0.835,0.5,0.333,1.0,0.556,,,,,,,,,,,,,,,,0,,20,14,,,1,11,2,3,1,3,0,2020,0.071,0.071,1.0,0.909,0.5,0.333,1.0,0.667,,SEO & organische vindbaarheid,Website & webdesign,Specifiek buitenland,"Hospitality, tourism, sports & recreation",Website verouderd of nieuw nodig,Zakelijke afnemers (B2B),,False
supportflex.nl,today,narrower,1.077,a1aanhangwagens;allaboutinternet;ikbenopzoeknaareu;kimbakhuis;kirstenwesterhof;maicogieteling;motorcyclespareparts;ninaklink;performancehouse;provincieoverzicht;renebekhuis;tafelenmetthijs;yvankabuitenhek,,0,,,,1.0,,,,,,,,,,,,,,,,,,0,,40,13,,,0,0,0,1,0,0,0,2015,0.0,0.0,,,,1.0,,,,,,,Business & professional services,,,,True
tenzer.nl,today,narrower,2.143,boscampingtvlintenholt;boscampingzwanemeer;desmockelaer;heteperwoud;jellyshoeve;molenvanmedael;moselcampings,industry+craft+channel+geo,4,0.592,0.551,0.556,1.0,,,,,,,,,,,,,,,,,,0,,7,7,,,7,7,6,6,0,0,0,2019,0.0,0.286,0.714,0.714,0.667,1.0,,,,Multi-channel & omnichannel,Website & webdesign,Regionaal (binnen Nederland),"Hospitality, tourism, sports & recreation",,,,True
thatinnerflame.com,today,narrower,1.0,conflux;dataleaf;suitit,,0,,,,,,,,,,,,,,,,,,,,,,0,,3,3,,,0,0,0,0,0,0,0,2023,0.0,0.0,,,,,,,,,,,,,,,False
globalvillagemedia.nl,today,narrower,1.0,comeback;eerlijkekleding;fieldlabs;fnvmondiaal;jokesmitcollege;metropolislyceum;pax;reclasseringnederland;rocvanamsterdam;stichtingals;stichtingepafras;vso;wildeganzen,craft,1,,0.337,,,,,,,,,,,,,,,,,,,,1,,22,13,,,0,13,0,0,0,0,0,2022,0.0,0.0,,0.538,,,,,,,"Grafisch ontwerp, drukwerk & print",,,,,,False
go2people.nl,today,narrower,1.231,buitenlandschezaken;concreetonderwijsproducten;coprestatieladder;denieuwetoneelbibliotheek;gemeenteamsterdam;groencentraal;kellyderkssalonconsultancy;newsbit;socialehuurwoningzoeken;stichtingfondsarchitectenbureaus;stichtingtreesforall;tectumleren;vlinderstichting,craft+job+channel,3,0.755,0.728,,0.333,0.722,,,,,,,,,,,,,,,,,1,,15,13,,,7,13,0,3,6,0,0,2023,0.0,0.0,0.857,0.846,,0.333,0.833,,,Website & CMS,Website & webdesign,,"Construction, real estate & housing",Website verouderd of nieuw nodig,,,True
grndworx.com,today,narrower,1.0,bnpparibasassetmanagement;capitalpreferencesltd;kleinattorneys;ovidpartnergmbh,,0,1.0,0.5,1.0,,1.0,,,,,,,,,,,,,,,,,8,,13,4,,,1,2,1,0,1,0,0,2023,0.0,0.0,1.0,0.5,1.0,,1.0,,,Website & CMS,Content & copywriting,Europa,,Bewustwording & gedragsverandering,,,False
headsprung.nl,today,narrower,1.0,acquadibianchi;cosmeticvision;indomie;kara;karacoconut;lesmres;loisjeans;realartonwheels;rivvia;vlo;vlocyclestudios,craft,1,,0.625,,,,,,,,,,,,,,,,,,,,0,,21,11,,,0,4,0,0,0,0,0,2025,0.0,0.0,,0.75,,,,,,,Branding & huisstijl,,,,,,False
hertoggrafimedia.nl,today,narrower,1.0,hertogafbouwbedrijf;kleinafrika;personaltrainerdordrecht;schenkstukadoorsbedrijf;vaktaalapp;vdgugten,channel,1,1.0,0.278,,,,,,,,,,,,,,,,,,,,0,,12,6,,,3,6,0,0,0,0,0,2020,0.0,0.0,1.0,0.333,,,,,,Website & CMS,Branding & huisstijl,,,,,,True
renovatiomedia.nl,after,control,1.0,charlotteprinsvanwijngaarden;engbertsiderius;wendynoordzijl,,0,,1.0,,,,,,0,0,0,0,0,0,0,,,,,,,,0,3,3,3,31,0,0,1,0,0,0,0,0,2023,0.0,0.0,,1.0,,,,,,,Website & webdesign,,,,,,False
reynhard.nl,before,narrower,1.882,doneervoorparkinson;ergonjobs;ergonnederland;euregio;firstplast;flespakketnl;gevelpersoneelnl;grafischkabinet;healthvalleynetherlands;innopastry;nnrunningteam;plazavenetia;postnl;primeparkinson;shift;wavy;zorgpin,craft+geo,2,1.0,0.459,0.344,0.12,1.0,0.5,,,,,,,,,,,,,,,,0,,19,17,,,1,14,8,10,1,2,0,2020,0.294,0.0,1.0,0.571,0.5,0.2,1.0,0.5,,Offline media & events,Branding & huisstijl,Nederlandse stad of plaats,Business & professional services,"Merk, huisstijl & verhaal",Webshop consumenten (D2C),,True
jmr-digital.com,after,control,1.0,automotiveleasingcompany;digitalconcepts;hairsalon;istanillc;marketingconsultationagency;pinterestmastery;singularhearing,geo,1,,,0.429,0.333,,,,0,0,7,3,0,0,0,,,0.571,0.333,,,,0,0,7,7,0,7,0,0,7,3,0,0,0,2025,0.0,0.0,,,0.571,0.333,,,,,,Specifiek buitenland,Business & professional services,,,,False
erhantoz,today,original340,1.5,agiosmamas;umob,,0,,,,,,,,,,,,,,,,,,,,,,1,,3,2,,,0,0,0,0,0,0,0,,0.0,0.5,,,,,,,,,,,,,,,False
eric-de-jong-zorg-voor-verzuim,today,original340,1.667,datasquare;middin;refrescobodegraven,,0,,1.0,,,,,1.0,,,,,,,,,,,,,,,2,,9,3,,,0,1,0,0,0,0,1,,0.0,0.667,,1.0,,,,,1.0,,Strategie & advies,,,,,Omvang in cijfers,False
erik-hornung,today,original340,1.2,12gobiking;billygrace;brout;dovida;eibs;farmcamps;fdmediagroep;goldspoon;keen;keesdeboekhouder;lotofhappiness;madscience;madsciencenederland;otrium;overstappennl;poows;prominent;restaurantcompanyeurope;zakelijkefinancieelspecialist;zfs,craft+channel+geo,3,0.375,0.456,0.556,0.5,1.0,1.0,1.0,,,,,,,,,,,,,,,2,,26,20,,,4,13,3,2,1,1,1,,0.05,0.05,0.5,0.615,0.667,0.5,1.0,1.0,1.0,Offline media & events,Strategie & advies,Internationaal / wereldwijd,"Fashion, beauty & personal goods",Advertenties & campagnes renderen niet,Zakelijke afnemers (B2B),Startup / jong / groeiend,False
erik-kraaijeveld,today,original340,2.062,aquamundas;architectenbureaurotterdam;ernstbaastuinmeubelen;geelhoedbetonwapening;jmtrailers;levvl;moovleglobal;nen;snipadministratiekantoor;uitzendbureaudrechtsteden;uppersalesrecruitment;vermeerbedrijfskleding;verschoorwonen;westlandlogistiek;wittig;youlynqme,craft+geo,2,0.333,0.375,0.556,0.235,,,,,,,,,,,,,,,,,,0,,16,16,,,3,4,3,9,0,0,0,,0.0,0.5,0.333,0.5,0.667,0.333,,,,SEO & organische vindbaarheid,Strategie & advies,Nederlandse stad of plaats,"Construction, real estate & housing",,,,False
erik-van-de-ven-5625678,today,original340,3.0,gemeentelandvancuijk;inspyrium;maasheggenunescomanbiosphere;visitlandvancuijk,industry+craft,2,,0.375,0.333,0.375,,,0.5,,,,,,,,,,,,,,,0,,4,4,,,0,4,3,4,0,0,2,,1.0,0.0,,0.5,0.333,0.5,,,0.5,,Branding & huisstijl,Nederlandse stad of plaats,"Hospitality, tourism, sports & recreation",,,Groot / corporate / marktleider,True
olifantmedia.nl,before,narrower,2.0,leidenpartners,,0,1.0,1.0,,1.0,,,,,,,,,,,,,,,,,,14,,15,1,,,1,1,0,1,0,0,0,2025,0.0,0.0,1.0,1.0,,1.0,,,,Social media organisch,"Online marketing, performance & CRO",,"Hospitality, tourism, sports & recreation",,,,True
olifantmedia.nl,after,narrower,1.125,activite;happyhomecare;iqcoaches;kesslerperspektief;kwintes;lumc;rino;vandenbroecke,craft,1,0.312,0.388,,,1.0,,,8,7,0,0,1,0,0,0.375,0.571,,,1.0,,,5,0,15,8,1,8,8,7,0,0,1,0,0,2025,0.0,0.125,0.375,0.571,,,1.0,,,Social media organisch,Employer branding & recruitment,,,Personeel werven & werkgeversmerk,,,True
onlineperformance.agency,after,control,1.8,bookedoo;planjeuitje;ripstar;vinea;vineavakanties,,0,1.0,,,,,,,2,0,0,0,0,0,0,1.0,,,,,,,0,0,8,5,0,5,2,0,0,0,0,0,0,2020,0.0,0.8,1.0,,,,,,,SEO & organische vindbaarheid,,,,,,,False
davidvanbrakel,today,original340,1.692,amerikanu;bootuitjes;budgetongediertebestrijden;buikbeeld;doenederland;fonq;maakjouwimpact;nakedcopenhagen;notbranded;rjbodywear;tonyschocolonely;uptmz;zusss,craft+channel,2,1.0,0.333,1.0,1.0,,1.0,,,,,,,,,,,,,,,,0,,17,13,,,5,6,1,1,0,1,0,,0.0,0.615,1.0,0.5,1.0,1.0,,1.0,,Webshop & e-commerceplatform,Webshop & e-commerce,Internationaal / wereldwijd,"Fashion, beauty & personal goods",,Dienstverleners,,False
demi-koot-b0800292,today,original340,1.444,akazasport;celibeauty;coreactive;etikon;fitstrong;fortuneagency;hormoonhappy;nannevanderleernl;nanniesatnight;omasbrievenbusstraat;puresan;rgcars;scalablecoach;shiftofficesupport;thenetworkofpurpose;theworkoutlab;timmers;versvoer,channel,1,0.375,1.0,,0.5,0.5,,,,,,,,,,,,,,,,,0,,39,18,,,4,1,0,2,2,0,0,,0.0,0.333,0.5,1.0,,0.5,0.5,,,Social media organisch,SEO & vindbaarheid,,"Hospitality, tourism, sports & recreation",Advertenties & campagnes renderen niet,,,False
dennis-gillissen,today,original340,1.0,mobilistbi;stroomrecruitment;vodafonezakelijk,,0,1.0,0.333,,,,,,,,,,,,,,,,,,,,0,,8,3,,,1,3,0,0,0,0,0,,0.0,0.0,1.0,0.333,,,,,,Social media organisch,Campagnes & creatieve concepten,,,,,,False
sherpagrafischontwerp.nl,before,narrower,1.591,ainfinanciledienstenregiobank;ainregiobank;biomedic;bobsport;bobsportcampagne;commandobusinessclub;denalatenschapsadviseur;gemeenteoss;healthyworkouts;intermezzo;intermezzosolextoertocht;jellestaleman;kortebaandraverijen;noordoostpolder;rockovercoaching;samonlandbouwtechniek;scholtensadvocatenadviseurs;uffelssupportadministratie;verkeersveiligflevoland;victorinox;waaqbeveiliging;xtravelerbergsportreizen,stage,1,,0.346,1.0,0.36,0.333,,1.0,,,,,,,,,,,,,,,2,,39,22,,,0,19,1,5,3,0,3,2025,0.364,0.0,,0.474,1.0,0.4,0.333,,1.0,,"Grafisch ontwerp, drukwerk & print",Nederlandse stad of plaats,"Hospitality, tourism, sports & recreation",Groei & nieuwe markten,,Startup / jong / groeiend,True
rozepepers.nl,before,control,1.545,amenco;annekedekortofficesupportvirtualassistant;dutchcleanroomfurniture;fysionoordkade;joepiekinderopvang;laverhof;puureefje;smarter;trouwambtenaarjoyce;vansoestpartners;wegmetexcel,industry+channel,2,0.556,0.21,0.5,0.333,0.224,0.5,,,,,,,,,,,,,,,,0,,29,11,,,3,9,2,6,7,2,0,2023,0.0,0.0,0.667,0.333,0.5,0.5,0.286,0.5,,SEO & organische vindbaarheid,Content & copywriting,Regionaal (binnen Nederland),Business & professional services,Website verouderd of nieuw nodig,Zakelijke afnemers (B2B),,True
rozepepers.nl,after,control,1.222,annekedekortofficesupportvirtualassistant;bambanani;dedamesvanhurkmans;fysionoordkade;jacobshoutenbouwmaterialen;joepiekinderopvang;laverhof;pepaella;vansoestpartners,channel,1,0.375,0.281,0.5,0.5,1.0,,,2,3,2,2,0,0,0,0.5,0.333,0.5,0.5,,,,0,5,9,9,6,4,4,8,2,2,1,0,0,2023,0.0,0.0,0.5,0.375,0.5,0.5,1.0,,,Social media organisch,Content & copywriting,Specifiek buitenland,"Hospitality, tourism, sports & recreation",Groei & nieuwe markten,,,False
thisisqi.nl,after,narrower,1.0,achmearechtsbijstand;rabobank;vopak,,0,,0.5,,,0.333,,,0,2,0,0,2,0,0,,0.5,,,0.5,,,0,1,3,3,2,2,0,2,0,0,3,0,0,2023,0.0,0.0,,0.5,,,0.333,,,,Branding & huisstijl,,,Groei & nieuwe markten,,,False
thrillmedia.nl,before,control,2.0,baxmusic;omoda;smulderstextielnl,craft,1,,0.556,,0.333,,,,,,,,,,,,,,,,,,0,,3,3,,,0,3,0,3,0,0,0,2025,0.0,0.0,,0.667,,0.333,,,,,Strategie & advies,,"Media, culture & entertainment",,,,False
thrillmedia.nl,after,control,2.0,baxmusic;omoda;smulderstextielnl,craft,1,1.0,0.556,,0.333,,,,0,0,0,0,0,0,0,,,,,,,,0,3,3,3,0,0,1,3,0,3,0,0,0,2025,0.0,0.0,1.0,0.667,,0.333,,,,Offline media & events,Strategie & advies,,"Media, culture & entertainment",,,,False
tomorrowmen.nl,before,control,2.25,buurtkeukens;geldnl;omapost;rsm;scapino;sweetsupply;voys;wereldouders,,0,,0.2,0.5,0.333,0.25,,,,,,,,,,,,,,,,,0,,8,8,,,0,5,2,3,4,0,0,2023,0.0,0.875,,0.2,0.5,0.333,0.25,,,,"Outcome-verkoop (leads, omzet, groei)",Heel Nederland (landelijk),Education & childcare,"Meer leads, aanvragen & verkoop",,,False
mediabirds.nl,today,narrower,1.147,24nannies;abutprofs;akoesticum;ampceurope;aphexgear;barnes;beijeradvies;bijhardeveld;blauwebeer;bluebirdrecruitment;chiaro;chiefmachers;contronicsdrymisting;crmlink;degelderhorst;deplakkerij;entertraint;headstaffing;hetmaanderzand;inspyrium;jetconsult;labfordesign;meijertheorie;onderwijsregiofoodvalley;sfeermeesters;sokkies;sportservicedevallei;stadmedia;streetgasm;techit;theovervieweffect;vanveenadvocaten;welnet;yoepie,,0,,0.256,0.5,0.5,1.0,,,,,,,,,,,,,,,,,0,,42,34,,,0,21,2,2,1,0,0,2024,0.0,0.088,,0.333,0.5,0.5,1.0,,,,Website & webdesign,Europa,"Staffing, recruitment & HR",Website verouderd of nieuw nodig,,,True
mensch-amsterdam.com,today,narrower,1.059,apostolischgenootschap;autoriteitpersoonsgegevens;bloezem;combiwel;conclusion;dezorgcirkel;inretail;kinderopvangamsterdam;lexence;noordzeekanaalgebied;nysingh;planinternational;prinsbernhardcultuurfonds;vanlanschotkempen;vebegocleaningservices;veiligthuis;zorgenzekerheid,,0,,1.0,,1.0,,,,,,,,,,,,,,,,,,0,,18,17,,,0,1,0,1,0,0,0,2018,0.0,0.0,,1.0,,1.0,,,,,Branding & huisstijl,,Healthcare & care,,,,False
nedfinity.com,today,narrower,1.5,alpinenl;closethegap;cotopaxi;ecostyle;fastforward;greve;haardhoutcom;raeth;reeffootwear;totaalbed;warmbat;williamscocktails,craft+channel,2,0.835,0.722,,,,1.0,,,,,,,,,,,,,,,,0,,16,12,,,11,12,0,0,0,1,0,2023,0.0,0.5,0.909,0.833,,,,1.0,,Webshop & e-commerceplatform,Webshop & e-commerce,,,,Zakelijke afnemers (B2B),,True
newrise.nl,today,narrower,1.75,hondsrugcollege;stichtingvoorelkaarzwolle;warmthuis;warmthuiszwolle,craft,1,1.0,0.625,1.0,1.0,,,,,,,,,,,,,,,,,,0,,4,4,,,1,4,1,1,0,0,0,2023,0.25,0.25,1.0,0.75,1.0,1.0,,,,Multi-channel & omnichannel,Campagnes & creatieve concepten,Nederlandse stad of plaats,"Construction, real estate & housing",,,,False
noise.nl,today,narrower,1.1,albertheijn;caceis;etos;knvb;nestl;prezero;rijksoverheid;samenwerkendegezondheidsfondsen;statiegeldnederland;volvo,,0,1.0,1.0,,,1.0,,,,,,,,,,,,,,,,,0,,13,10,,,1,1,0,0,1,0,0,2025,0.1,0.0,1.0,1.0,,,1.0,,,Offline media & events,Campagnes & creatieve concepten,,,Bewustwording & gedragsverandering,,,True
frontis.nl,today,narrower,1.444,atagbenelux;bronkhorst;centraalbeheer;poel;sensire;sentimo;surprisefactory;ubbink;waterkracht,craft+job,2,,0.594,,,0.556,,,,,,,,,,,,,,,,,1,,14,9,,,0,8,0,0,3,0,0,2025,0.0,0.444,,0.75,,,0.667,,,,Apps & maatwerk platforms,,,Maatwerk software & efficiëntere processen,,,True
fuelled.nl,today,narrower,1.3,aackx;agfnitrogenterminaleuropoor;agfnitrogenterminaleuropoort;bauhuis;buko;deloitte;fundex;fundexequipment;gemeentekinderdijk;imcd;inofec;karter;koninklijkenedschroef;kpndearbytes;madurodam;nedschroef;norvelljefferson;nosuchcompany;ociterminaleuropoort;ociterminalport;rauwcc;simplecore;simplecoresimpletap;sober;stadlander;tummers;tummersfoodprocessingsolutions;uboat;verdegro;workx,industry+craft+job,3,,0.66,,0.551,1.0,,,,,,,,,,,,,,,,,1,,35,30,,,0,10,0,7,10,0,0,2023,0.0,0.067,,0.8,,0.714,1.0,,,,"Video, animatie & fotografie",,Manufacturing & industrial,Content & creatieve productie,,,False
fundament.nl,today,narrower,1.0,amalphastramien;bajeskwartier;chipprefab;deeilandenpromotie;dekeizermakelaarsgroep;eeserwold;efconcepts;hoofdpijnklinieken;novaimplantologie;pim;rockfieldrealestate;symbioliving;vanschuim;vorm,,0,,1.0,,,,,,,,,,,,,,,,,,,,4,,23,14,,,0,1,0,0,0,0,0,2023,0.0,0.0,,1.0,,,,,,,Website & webdesign,,,,,,False
fynt.nl,today,narrower,1.625,10forit;dseitservices;hygro;paotechniekenmanagement;prdashboard;steigerverkoopnlsteigerkopennl;stichtingopen;webcamconsult,,0,0.5,0.222,1.0,0.2,,,,,,,,,,,,,,,,,,0,,14,8,,,2,6,1,5,0,0,0,2025,0.0,0.0,0.5,0.333,1.0,0.2,,,,Social media organisch,Website & webdesign,Nederland plus buurlanden,"Construction, real estate & housing",,,,True
gigaleads.nl,today,narrower,1.75,cambadkamers;dekozijnadviseurs;solutionafbouw;timcoronel,craft,1,1.0,1.0,,,,,,,,,,,,,,,,,,,,23,,30,4,,,1,4,0,0,0,0,0,2024,0.0,0.75,1.0,1.0,,,,,,"Content, video & PR","Outcome-verkoop (leads, omzet, groei)",,,,,,True
pre-pare.nl,before,control,1.026,360gradenfotografie;3dgoogleearth;3dpackagingdesign;3dplattegrond;3dprintenettenleur;4x4zuid;aandachtopdeweg;ageviewer;animatieflexibeleelektronica;arassecurity;benzhoortoestellen;bielsbank;blend4;blend4website;bondpark;bondparktrailer;bondparkwebsite;bosexploitatievroom;bosexploitatievroomsite;bosfrezen;brilmoderobboon;brilmoderobboonbacktoschoolactie;brilmoderobboonvasumaactie;bsbs;bsbssupportwebsite;cadeaudinerbonnen;carart;carartschilderijen;cargill;cargill3d;chiqoorij;computergeneratedimagecgi;conceptenndfmls;conceptvoorstelfiatbelettering;coronahulpmiddelensite3dvisualsoplossingen;cruisenightroosendaal;ctech;currymasala;currymasalazomeraanbieding;dieselspareparts;easylivingportugal;easylivingportugalmancave;explodedviews;facebookactiesbrilmoderobboon;fiat;folderbosfrezen;gemeentemeubilair;gerechtsdeurwaardernederland;golftermenapp;goprohero360gradenmount;gpceurope;gpceuropewebsite;graham;grahamfotografienieuwebrochure;grahampackaging;grahampackagingsellsheets;halloroosendaalapp;hartvannederland;holidayhomerestyling;huisstijldieselspareparts;huisstijltulipflourmills;ibeaconsdetoekomstvanwinkelen;industro;industrohuisstijlwebsite;infravak;innovatiescanverpakking;interactieveruimte;interieuradvies;interieurgrandcaf;kamervankoophandel;kijkgroepkrispijn;kinderkledingontwerpen;kontaktlenzencentrum;kontaktlenzencentrumdordrecht;kortendijksestraat;kortendijksestraatnl;kortendijksestraatnlpromotie;krispijnoptiek;krispijnoptiekjaarflyers;kvk;kvkhetnieuwewinkelen;landgoedmattemburg;leesapp;legalrecovery;legro;legro3dcutter;legro3dtablesystems;legro3dvisuals;legrohuisstijl;loslatinos;loslatinosflipboardmenukaart;mestonderzoekmetjemobiel;mijlweg;ndfmls;nichemed;nichemed3danimatie;nieuwsbriefbrilmoderobboon;nstscaffolding;nstscaffoldinghuisstijl;nuon;nuoninterface;ontwerpkunstwerkpasserelleroosendaal;opengewerkteproducts;palletfolieafroller;prcgerechtsdeurwaarders;proplusbouw;proplusbouwhuisstijl;pvugerechtsdeurwaarders;radizdrive;ranchobravo;ranchobravomenukaarten;reehorst;reehorsttankeninstallatie;renaultnemobestickering;reypenaercheese;reypenaerkaas;reypenaerkaasamsterdam;reypenaerkaasconcepten;riensgortoptiek;riensgortoptiekreclame;ringcall;ringcallwebsite;ringmaatapp;silverbrains;sjoelbakmetbierdoppen;snowboardled;suncastle;sunglassesxl;taxigoverde;taxigoverdezevenbergen;tongerlomuseum;tulipflourmills;uitverkoopactievdh;vanderheidenoptiek;vanderheidenoptiekblackfriday;vdh;vdvd;vdvdhuisstijl;victordelorme;vr3dimages;waxworld;waxworldconcept;wcwonder;websitechiqoorij;websitecurrymasala;websiteholidayhomerestyling;websitekortendijksestraat;websitelegalrecovery;websiteloslatinos;websitemijlweg;websitesunglassesxl;winkelbuddyconcept;woonvormportugal;zonnebrilactiesbrilmoderobboon,channel+geo,2,0.466,0.235,0.538,0.5,,,,,,,,,,,,,,,,,,41,,253,154,,,35,153,13,2,0,0,0,2023,0.013,0.0,0.571,0.379,0.692,0.5,,,,Website & CMS,"Grafisch ontwerp, drukwerk & print",Nederlandse stad of plaats,Business & professional services,,,,False
wrkt.nl,today,narrower,2.773,amayaamsterdam;brinckers;dstinctive;equalsacademy;featherwomen;feraggio;fnemstudio;frankyamsterdam;hetjuridischloket;jutkariska;koiatelier;lacollection;mimitoi;mlaniepigeaud;moddern;neutra;newhousegallery;pighen;qisum;theboyscouts;veddervedder;zvy,industry+craft+channel,3,0.384,0.913,0.25,0.446,0.25,1.0,,,,,,,,,,,,,,,,0,,27,22,,,22,22,4,22,8,1,0,2020,0.0,0.773,0.545,0.955,0.25,0.636,0.375,1.0,,"SEA, display & overige paid advertising",Online adverteren (paid ads),Heel Nederland (landelijk),"Fashion, beauty & personal goods",Groei & nieuwe markten,Consumentenmarkt offline,,False
wveen.com,today,narrower,1.057,acmedia;afplakbedrijf;babykidsvillanl;bewegenaanzee;blomwol;blomwolnl;bootgarage;carlijneversnl;clarox;dartworldnl;degroeneuitdaging;demicostudio;denieuwepolitiek;deregelaar;dezonnepaneelreiniger;dezonnepanelenreiniger;dirkmeeldijk;duinkijker;firefusion;fleuriande;gezondmetesmanl;glazenwasserijnl;gsmdoc;gsmdocbelgie;gsmdocbelgiev1;gsmdoclisse;gsmpointv1;gsmpointv2;gsmreparatiebree;gsmreparatiebreebelgie;guusbauer;homevast;hyperionconsultancy;hyperionconsultancybeveiliging;hyperiontraining;ijssaloncadore;jobmannbelgie;judithvandrunen;judithvandrunenv2;kamal;ksnoeksnl;lbrepairsinbelgie;madlen;mirjamdekralenbloemist;multidienstennoordholland;okidocreations;okidocreationsnl;oliebollentaxi;oudijzerboercom;oudijzerboerhaarlem;pictureyourmomentv1;progevelreinigingnl;radio4all;renomarmer;scootershophillegom;snoekstattooshillegomnl;speeltuinjeugdlandv1;speeltuinjeugdlandv2;studiohann;studiohannnl;teamloyalty;teslataxiservice;vapeholland;versterkervoorwifinl;voegbedrijfzakhole;vramsterdam;waxalmere;waxhillegom;williamhillegom;zakholesteigerverhuurnl,industry+craft,2,1.0,0.724,1.0,0.375,1.0,,,,,,,,,,,,,,,,,0,,72,70,,,1,68,1,4,1,0,0,2023,0.0,0.0,1.0,0.838,1.0,0.5,1.0,,,SEO & organische vindbaarheid,Website & webdesign,Nederlandse stad of plaats,"Media, culture & entertainment",Beter vindbaar in Google,,,False
x-com.nl,today,narrower,1.273,atoom13;bpg;debergjes;greenzone;hauzerpartners;micheloprey;nuvakeukens;pimxl;topkunstgras;verhaak;vvvvenlo,,0,,0.5,,,,,,,,,,,,,,,,,,,,1,,12,11,,,0,2,0,0,0,0,0,2023,0.0,0.273,,0.5,,,,,,,Website & webdesign,,,,,,False
yummygum.com,today,narrower,1.714,billygrace;classroomscreen;employes;impierce;shine;spiderimpact;studytube,craft,1,,0.68,1.0,,1.0,,,,,,,,,,,,,,,,,0,,13,7,,,0,5,1,0,1,0,0,2023,0.0,0.714,,0.8,1.0,,1.0,,,,Website & webdesign,Internationaal / wereldwijd,,Website verouderd of nieuw nodig,,,False
makemarketingmagic.com,before,narrower,1.267,1uurnu;beimpulse;bodec;cqure;glissenaaraccountants;immotix;involtum;lichtwerk;lichtwerkt;optimadata;relyon;roadmap;ruigroknetpanel;veritoinformatisering;wsbsolutions,industry+craft,2,1.0,0.52,,1.0,0.259,,,,,,,,,,,,,,,,,0,,27,15,,,1,15,0,3,9,0,0,2024,0.0,0.0,1.0,0.667,,1.0,0.333,,,Social media organisch,"Online marketing, performance & CRO",,"Software, IT & telecom",Naamsbekendheid & zichtbaarheid,,,False
sherpagrafischontwerp.nl,after,narrower,1.667,ainfinanciledienstenregiobank;biomedic;bobsportcampagne;commandobusinessclub;denalatenschapsadviseur;gemeenteoss;healthyworkouts;intermezzo;intermezzosolextoertocht;kortebaandraverijen;noordoostpolder;rockovercoaching;samonlandbouwtechniek;scholtensadvocatenadviseurs;uffelssupportadministratie;victorinox;waaqbeveiliging;xtravelerbergsportreizen,industry+stage,2,1.0,0.342,1.0,0.375,0.333,,1.0,0,0,0,0,0,0,0,,,,,,,,0,18,24,18,4,0,1,15,1,4,3,0,4,2025,0.444,0.0,1.0,0.4,1.0,0.5,0.333,,1.0,"Content, video & PR","Grafisch ontwerp, drukwerk & print",Nederlandse stad of plaats,Healthcare & care,Events & activaties,,Startup / jong / groeiend,True
hertoggrafimedia.nl,after,narrower,2.2,anywaybikes;hertogafbouwbedrijf;kleinafrika;krachtwereldnl;vaktaalapp,craft,1,0.5,0.44,,0.5,0.333,,,0,1,0,0,0,0,0,,1.0,,,,,,0,0,20,5,4,5,2,5,0,2,3,0,0,2020,0.8,0.0,0.5,0.6,,0.5,0.333,,,Social media organisch,Website & webdesign,,"Hospitality, tourism, sports & recreation",Lancering nieuw product of concept,,,True
modernemeesters.nl,before,control,1.049,100vanleeghwater;12snorkel;alkmaarrondom;amcnoord;andrkrul;ardbruin;autoservicecok;axello;bakkerijkoning;bakkerkoning;beemsterkerkzinn;bigfruit;bistrodekoffiebranderij;bitcoindebuut;brickbusinessservices;centrumvoorergetherapie;condifit;counsellingpraktijkparbharostam;demoelmannenmode;dlcengineering;dormatec;dteeurope;duikforum;ebsgym;etmanagementandadvice;eulift;firekillingcap;fooddancejoy;fundamental;fundamentalfootballacademy;generalcarsparts;heilig;hoekbouma;hyundaifakkert;infinitysports;joydrinks;jurounirek;justmarketing;kapsalonzoess;kellyhaarmakeup;kidscampadam;kiewittenverhoevenadvocaten;knvb;koenis;landenzeezicht;leefstijlmagazine;massagepraktijkvanwel;mediaanclinic;medisportlagune;metanita;molenaarhoveniers;museumenbeeldentuinnicjonk;nedflex;nicjonk;nordichealth;onlineproduceren;petertromphovenier;raadhuisgrootschermer;redseamarianna;rentascooter;ricoh;rodirotatiedruk;sanrayyoga;scoliosiscareclinic;skicentrumheerhugowaard;stucadoorsbedrijfdaniels;studis;styleintravel;sunweb;tankwas;tradus;trimsalondehoef;uitdeukserviceschagen;valkeringclassics;valkeringtweewielers;vandenbergslotenmaker;vdbcomputers;verheul;villawest;vsm;wellguidance;ziggo,craft,1,0.5,0.353,,0.333,,1.0,,,,,,,,,,,,,,,,0,,126,82,,,2,69,0,3,0,1,0,2023,0.012,0.0,0.5,0.507,,0.333,,1.0,,Social media organisch,Website & webdesign,,"Food, beverage & agriculture",,Zakelijke afnemers (B2B),,True
modernemeesters.nl,after,control,1.12,100vanleeghwater;12snorkel;alkmaarrondom;amcnoord;andrkrul;ardbruin;autoservicecok;axello;bakkerijkoning;bakkerkoning;beemsterkerkzinn;bigfruit;bistrodekoffiebranderij;bitcoindebuut;condifit;demoelmannenmode;dlcengineering;dormatec;dteeurope;duikforum;ebsgym;etmanagementandadvice;eulift;firekillingcap;fooddancejoy;fundamental;generalcarsparts;heilig;hoekbouma;hyundaifakkert;infinitysports;joydrinks;jurounirek;justmarketing;kapsalonzoess;kellyhaarmakeup;kidscampadam;kiewittenverhoevenadvocaten;knvb;koenis;landenzeezicht;leefstijlmagazine;mediaanclinic;medisportlagune;molenaarhoveniers;museumenbeeldentuinnicjonk;nedflex;nicjonk;nordichealth;onlineproduceren;petertromphovenier;raadhuisgrootschermer;redseamarianna;ricoh;rodirotatiedruk;sanrayyoga;scoliosiscareclinic;skicentrumheerhugowaard;stucadoorsbedrijfdaniels;studis;styleintravel;sunweb;tankwas;tradus;trimsalondehoef;uitdeukserviceschagen;valkeringclassics;valkeringtweewielers;vandenbergslotenmaker;vdbcomputers;verheul;villawest;vsm;wellguidance;ziggo,channel,1,0.52,0.34,0.5,0.184,0.5,1.0,,0,0,0,0,0,0,0,,,,,,,,0,75,137,75,7,0,5,64,2,7,2,1,0,2023,0.013,0.0,0.6,0.438,0.5,0.286,0.5,1.0,,Website & CMS,Website & webdesign,Regionaal (binnen Nederland),Manufacturing & industrial,Content & creatieve productie,Zakelijke afnemers (B2B),,False
statement.nl,after,control,1.929,aswa;aswawelzijn;avadviesbureau;chemieparkdelfzijl;deploeg;drajacobscollege;dralettajacobscollege;drentseondernemingvanhetjaar;duurzameinzetbaarheidnoord;forboflooringsystems;gemeenteassen;gemeentegroningen;groningerondernemingsprijs;hemmesinstallatietechniek;hofvansaksen;humanitas;humanitasgroningenstad;kremerzandengrind;netwerkdementiedrenthe;omchanzekliniek;ommelanderdiek;provinciedrenthe;reframe;samenwerkendebedrijveneemsdelta;snoekpuurgroen;stichtinggroningerondernemingsprijs;vitalevakantieparkendrenthe;wildlands,,0,0.222,0.254,0.34,0.2,0.265,1.0,1.0,4,11,2,2,1,1,0,0.75,0.636,0.5,0.5,1.0,1.0,,11,17,52,28,3,11,12,27,10,10,7,1,1,2021,0.536,0.0,0.333,0.444,0.4,0.3,0.429,1.0,1.0,Social media organisch,"Video, animatie & fotografie",Regionaal (binnen Nederland),Government & public sector,Website verouderd of nieuw nodig,Consumentenmarkt offline,Omvang in cijfers,True
z-studio.nl,before,control,1.4,hoogerop;horecaimprovement;medialab;promoledsystems;rawworks;redlogic;rouwituitvaarten;splitbrain;visolity;xces,craft,1,1.0,0.42,,1.0,1.0,1.0,,,,,,,,,,,,,,,,0,,15,10,,,2,10,0,1,1,1,0,2023,0.2,0.0,1.0,0.5,,1.0,1.0,1.0,,"E-mail, CRM & marketing automation",Website & webdesign,,"Software, IT & telecom",Website verouderd of nieuw nodig,Zakelijke afnemers (B2B),,False
z-studio.nl,after,control,1.615,hoogerop;horecaimprovement;ijcoon;mployee;promoledsystems;rawworks;rouwituitvaarten;sociallearninglab;splitbrain;thestaffingrecops;thestaffingrecopspodcast;visolity;xces,craft+channel,2,0.52,0.42,1.0,0.333,1.0,1.0,,1,5,0,1,0,0,0,1.0,0.6,,1.0,,,,0,8,20,13,2,5,5,13,1,3,1,1,0,2023,0.308,0.0,0.6,0.615,1.0,0.333,1.0,1.0,,Multi-channel & omnichannel,Website & webdesign,Heel Nederland (landelijk),"Staffing, recruitment & HR",Website verouderd of nieuw nodig,Zakelijke afnemers (B2B),,True
brandpotential.com_391,today,original340,1.0,admiraltaverns;albertheijn;arceralifesciences;careuk;copenhagendistillery;costacoffee;dominos;easyhotel;gallagherprem;gordonramsayrestaurants;haix;heineken;intertoys;kenvue;lenovo;marylebonecricketclublords;mller;nationalphysicallaboratory;neptune;premrugby;principality;raymarineteledyneflir;staustellbrewery;swtskincare;transpondertech;twinings;volvocarnetherlands;withersworldwide;zumaarray,,0,,0.323,,,1.0,,,,,,,,,,,,,,,,,0,,33,29,,,0,23,0,0,1,0,0,,0.0,0.0,,0.435,,,1.0,,,,PR & influencer marketing,,,Groei & nieuwe markten,,,False
brend-schuil,today,original340,1.0,decathlonpremierpadel;decathlonpremierpadel2025;ekatletiekindoor;ekbeachvolleybal;europeanathleticsindoorchampionship;europeantransplantgames2026;isushorttrackworldtourodidocup;klmopen2026;klmopendpworldtour;knvbvoetbalkampen2024;rondeomtexel2025;tatasteelchesstournament;tatasteelchesstournament2026;theoceanrace;theoceanraceteamjajo;vastgoedregatta2025;wkzeilen;worldtourshorttrack,,0,,,,,,,,,,,,,,,,,,,,,,0,,19,18,,,0,0,0,0,0,0,0,,0.0,0.0,,,,,,,,,,,,,,,False
burobruut.nl_392,today,original340,1.2,honderd80;jongensvantechniek;lefmedia;perfectrent;ruitenburgadviseursaccountants,,0,,1.0,,1.0,,,,,,,,,,,,,,,,,,0,,9,5,,,0,1,0,1,0,0,0,,0.0,0.0,,1.0,,1.0,,,,,Branding & huisstijl,,Business & professional services,,,,False
campagne.nl_394,today,original340,1.833,airsopure;brugmankeukensbadkamers;csteinweg;cvr;klimaatweek;liquin;mrdh;nkw;rotterdamtopsport;sectorinstituuttransportenlogistics;stichtinggebiedsontwikkelingaandemaas;wizz,craft+geo,2,,0.51,0.556,0.222,1.0,,1.0,,,,,,,,,,,,,,,0,,20,12,,,0,7,3,6,2,0,1,,0.0,0.25,,0.571,0.667,0.333,1.0,,1.0,,Branding & huisstijl,Nederlandse stad of plaats,"Construction, real estate & housing",Personeel werven & werkgeversmerk,,Groot / corporate / marktleider,False
cas-van-stratum-1015969,today,original340,1.133,aptean;biogoodz;bluehike;fritsdijkinternational;hoppenbrouwers;innovatienul13;jameshardie;knaufinsultation;mansveld;mosa;mta;thinkwise;vebegocleaningservices;wienerberger;zorgzorro,,0,,0.289,,1.0,1.0,,,,,,,,,,,,,,,,,3,,19,15,,,0,11,0,1,1,0,0,,0.0,0.067,,0.364,,1.0,1.0,,,,Campagnes & creatieve concepten,,Business & professional services,Klantbehoud & loyaliteit,,,True
maibru.com,before,control,2.75,amstellandzorg;foundedinfriesland;gemeentesdwestfrysln;hcs;hcscompany;merem;mirato;ontmoetelza;pharosadvocaten;sigbar;skulpt;skulptfitness,craft+job+channel+geo,4,1.0,1.0,0.5,0.306,0.781,0.5,1.0,,,,,,,,,,,,,,,0,,24,12,,,4,9,8,11,8,2,1,2024,0.75,0.083,1.0,1.0,0.5,0.455,0.875,0.5,1.0,Website & CMS,Branding & huisstijl,Regionaal (binnen Nederland),Healthcare & care,"Merk, huisstijl & verhaal",Zakelijke afnemers (B2B),Omvang in cijfers,False
theapsgroup.com,before,control,2.4,adidas;aegonuk;aholddelhaize;albertheijn;anchor;bmw;bostonceltics;forbo;ford;hoyavisioncare;isleofharrisdistillery;philips;philipsbiotelresearch;printmarketplace;superdrug;totalenergies;ulsteruniversity;universityofworcester;welwynhatfieldboroughcouncil;westfieldhealth,model+geo,2,0.2,0.235,0.625,0.21,0.26,1.0,1.0,,,,,,,,,,,,,,,0,,37,20,,,10,18,4,9,10,4,2,2025,0.65,0.3,0.3,0.389,0.75,0.333,0.4,1.0,1.0,Offline media & events,"Grafisch ontwerp, drukwerk & print",Specifiek buitenland,Healthcare & care,Content & creatieve productie,Zakelijke afnemers (B2B),Omvang in cijfers,True
nubisonline.com,before,control,2.4,adidas;bynder;cbi;decathlon;fashionchick;friends;leavyco;lovestories;psa;servicenow,job+channel+stage+geo,4,0.51,0.21,0.556,0.2,0.625,1.0,0.556,,,,,,,,,,,,,,,1,,27,10,,,7,9,3,5,4,1,3,2024,0.8,0.1,0.571,0.222,0.667,0.2,0.75,1.0,0.667,"SEA, display & overige paid advertising",Strategie & advies,Heel Nederland (landelijk),"Fashion, beauty & personal goods",Maatwerk software & efficiëntere processen,Gemengd,Groot / corporate / marktleider,False
kaliber.net,after,control,3.059,alliander;ampre;asito;bavaria;bnnvara;brouwerijdemolen;icm;klm;rabobank;rituals;rodenbach;san;slachtofferhulpnederland;spoorwegmuseum;swinckels;vodafoneziggo;voorleesexpress,job+stage,2,0.185,0.239,0.388,0.164,0.305,1.0,0.375,9,15,7,13,14,2,4,0.333,0.467,0.429,0.308,0.5,1.0,0.5,0,2,22,17,0,15,9,17,7,15,16,2,4,2025,1.0,0.176,0.333,0.412,0.429,0.267,0.5,1.0,0.5,"Branding, campagne & activatie",Campagnes & creatieve concepten,Heel Nederland (landelijk),"Food, beverage & agriculture",Personeel werven & werkgeversmerk,Consumentenmarkt offline,Groot / corporate / marktleider,False
upside.nl,after,narrower,2.938,atsbyner;byner;charcodique;eerstehulpbenjij;indiaconnected;kinwell;lifely;mariekeblankenstein;nexler;onlyhuman;remails;rtrn;stonecycling;studyportals;taalklasse;veiligheidsregiogroningen,craft+channel+geo,3,0.469,0.876,0.333,0.245,0.219,0.333,1.0,4,6,4,4,3,0,1,0.5,0.833,0.75,0.5,0.667,,1.0,0,9,32,16,4,7,8,15,6,14,8,3,2,2024,0.875,0.188,0.625,0.933,0.5,0.357,0.375,0.333,1.0,Website & CMS,Website & webdesign,Internationaal / wereldwijd,Business & professional services,Website verouderd of nieuw nodig,Zakelijke afnemers (B2B),Familiebedrijf / gevestigd met historie,False
lemon.nl,before,narrower,1.0,alzheimeramsterdam;apmterminals;arkin;axe;gucagency;hetpersbureau;hyundai;iheartwines;jellinek;jumbo;link;linkarkin;magnum;mentrum;novarum;protifarm;registerbelastingadviseurs;unox;velto;vvcs;yourlittleblackbook,,0,,,,,,,,,,,,,,,,,,,,,,0,,38,21,,,0,0,0,0,0,0,0,2023,0.0,0.0,,,,,,,,,,,,,,,False
vizien.nl,after,narrower,2.833,abena;abnetten;banvo;boumijmakelaars;bouwbedrijfbodavi;credionmaashorst;devoordeligstedeurwaarder;eysing;koffietjenl;loondesk;merlijn;thomasarchitecten,industry+craft,2,0.25,0.458,0.333,0.333,0.188,0.5,,6,10,2,4,6,1,0,0.333,0.7,0.5,0.5,0.333,1.0,,0,2,34,12,15,10,8,12,3,6,8,2,0,2023,0.583,0.5,0.375,0.583,0.333,0.5,0.25,0.5,,SEO & organische vindbaarheid,Website & webdesign,Regionaal (binnen Nederland),Business & professional services,Webshop & online verkoop,Consumentenmarkt offline,,False
lemonscentedtea.com,after,control,3.556,4en5meiamsterdam;cortina;deltaairlines;earthline;goatorganicapparel;hamburgcommercialbank;knaap;knaapbikes;loods5;nuonvattenfall;ouwehandsdierenpark;pisangambon;stichting4en5mei;thedalmore;utrechtrainbowfestival;veloretti;visitoost;visittwente,job+stage,2,0.284,0.209,0.204,0.164,0.383,1.0,0.375,1,2,2,2,1,0,1,1.0,1.0,0.5,0.5,1.0,,1.0,0,15,37,18,2,3,9,15,14,15,9,1,4,2025,0.889,0.833,0.444,0.333,0.357,0.267,0.556,1.0,0.5,Social media organisch,Branding & huisstijl,Heel Nederland (landelijk),"Transport, logistics & automotive","Merk, huisstijl & verhaal",Webshop consumenten (D2C),Omvang in cijfers,False
huibert-bijland,today,original340,2.0,ingenia,,0,,1.0,,,1.0,,,,,,,,,,,,,,,,,0,,1,1,,,0,1,0,0,1,0,0,,1.0,0.0,,1.0,,,1.0,,,,Website & webdesign,,,Website verouderd of nieuw nodig,,,True
ihabsalha,today,original340,2.0,compumstr;dubaiopera;dubaioperajazzstudio;kickoora;ladyrosefinch;livekoora;mahalaai;mardukstyle;mvmtventures;newsiq;studio50;theservehouse,craft,1,0.5,0.438,0.36,0.194,,0.5,,,,,,,,,,,,,,,,2,,14,12,,,2,11,5,12,0,2,0,,0.0,0.0,0.5,0.636,0.4,0.333,,0.5,,SEO & organische vindbaarheid,Branding & huisstijl,Internationaal / wereldwijd,"Media, culture & entertainment",,Gemengd,,False
imkegoudsmits,today,original340,1.111,andersonmacgyver;arenalvidacampesina;bcmmusicsystems;caught;franklinjohnson;pa4u;suzywerkt;travel;witropatravel,craft,1,1.0,0.51,1.0,1.0,1.0,,,,,,,,,,,,,,,,,0,,24,9,,,1,7,2,1,1,0,0,,0.0,0.0,1.0,0.571,1.0,1.0,1.0,,,Social media organisch,"Video, animatie & fotografie",Specifiek buitenland,"Hospitality, tourism, sports & recreation",Content & creatieve productie,,,False
iseline-visser,today,original340,1.429,bamnederland;casasancarlo;fincacanrosa;fora;jogg;spaaijmakelaars;zuidwijkcarrosserien,industry+craft+channel,3,1.0,0.625,1.0,0.556,1.0,,,,,,,,,,,,,,,,,0,,10,7,,,4,4,2,3,2,0,0,,0.0,0.0,1.0,0.75,1.0,0.667,1.0,,,Social media organisch,"Video, animatie & fotografie",Specifiek buitenland,"Construction, real estate & housing",Naamsbekendheid & zichtbaarheid,,,False
leadi.nl,after,narrower,4.0,certo;forp;planeka,industry+craft+job+geo,4,0.333,1.0,0.556,0.556,1.0,0.5,1.0,0,0,0,1,1,0,0,,,,1.0,1.0,,,9,2,24,3,3,1,3,3,3,3,3,2,1,2023,1.0,1.0,0.333,1.0,0.667,0.667,1.0,0.5,1.0,SEO & organische vindbaarheid,Website & webdesign,Nederlandse stad of plaats,"Construction, real estate & housing","Meer leads, aanvragen & verkoop",Zakelijke afnemers (B2B),Startup / jong / groeiend,False
leadsmaster.nl,after,control,1.25,martijnwildeman;mtelektro;nestlelion;nocasucom;petrakoedooder;plantenkwekerijvechtdal;robinglissenaar;stefanieroullavanleerdam,craft+channel,2,0.375,0.44,,1.0,1.0,,,4,5,0,1,1,0,0,0.5,0.6,,1.0,1.0,,,0,0,8,8,0,8,4,5,0,1,1,0,0,2025,0.0,0.125,0.5,0.6,,1.0,1.0,,,SEO & organische vindbaarheid,SEO & vindbaarheid,,"Hospitality, tourism, sports & recreation","Meer leads, aanvragen & verkoop",,,False
tenzer.nl,before,narrower,1.083,campingdepaal;campingmeistershof;deblauwehaan;deboerenstee;desmockelaer;drenthecampings;groepenzeeland;hofstedelandduin;recreatieparkaalsmeer;tralaluna;vakantieparkdefruithof;vandeloosdrecht,craft,1,0.278,1.0,,1.0,,1.0,,,,,,,,,,,,,,,,0,,12,12,,,6,12,0,1,0,1,0,2019,0.0,0.0,0.333,1.0,,1.0,,1.0,,Multi-channel & omnichannel,Website & webdesign,,"Hospitality, tourism, sports & recreation",,Webshop consumenten (D2C),,False
thabasco.nl,before,control,3.0,biobizz;marketinggroningen;reinadvocatenenadviseurs;taraqui,craft+channel,2,0.625,0.625,0.5,0.333,1.0,1.0,,,,,,,,,,,,,,,,0,,4,4,,,4,4,2,3,1,1,0,2021,1.0,0.25,0.75,0.75,0.5,0.333,1.0,1.0,,Offline media & events,Campagnes & creatieve concepten,Regionaal (binnen Nederland),Business & professional services,Naamsbekendheid & zichtbaarheid,Zakelijke afnemers (B2B),,False
nordique.nl,after,control,2.96,amysoft;aog;aogschoolofmanagement;archipunt;datehoiting;datehoitingadviesregie;dizain;fairtradeoriginal;floer;haconnect;helpdesk050;jandejongverhuizingen;maaltijdserviceoosterlengte;meegroningen;newenergycoalition;novar;provinciegroningen;revoortslopensaneren;rig;sefactory;solarfieldsnovar;sportvisserijfrysln;umcgcardiologyresearchinstitute;umcutrecht;unobedrijfsadviseurs,craft+model+stage,3,0.26,0.375,0.298,0.136,0.197,0.333,0.5,1,6,6,5,5,3,1,1.0,0.5,0.333,0.4,0.6,0.667,1.0,1,19,41,25,4,6,10,24,15,22,21,6,6,2023,0.84,0.2,0.4,0.583,0.467,0.227,0.333,0.5,0.667,SEO & organische vindbaarheid,Website & webdesign,Regionaal (binnen Nederland),Business & professional services,Website verouderd of nieuw nodig,"Overheid, zorg & onderwijs",Omvang in cijfers,False
arwen-witkamp,today,original340,1.0,artisticprints;happyrainydays;sanics,,0,,1.0,,,,,,,,,,,,,,,,,,,,0,,3,3,,,0,1,0,0,0,0,0,,0.0,0.0,,1.0,,,,,,,Campagnes & creatieve concepten,,,,,,False
bart-groot-wassink,today,original340,2.0,lcagroup,,0,,1.0,,1.0,1.0,,,,,,,,,,,,,,,,,0,,1,1,,,0,1,0,1,1,0,0,,0.0,0.0,,1.0,,1.0,1.0,,,,Branding & huisstijl,,Retail & e-commerce (general consumer goods),"Merk, huisstijl & verhaal",,,True
bart-leegwater-71208991,today,original340,2.0,023camperhurennl;autoimporteurnl;baselevel;danerolles;dekatuin;gutya;idmakelaars;koestert;norah;nutraskincollagendrink;yourtailormate,channel,1,0.556,1.0,1.0,0.18,,,,,,,,,,,,,,,,,,32,,59,11,,,3,1,1,10,0,0,0,,0.0,0.0,0.667,1.0,1.0,0.2,,,,Website & CMS,Website & webdesign,Regionaal (binnen Nederland),"Transport, logistics & automotive",,,,True
bart-tullemans,today,original340,1.318,arvid;esther;helen;helena;henny;ilona;jeffrey;jennie;kelly;lennaomrani;lou;marielle;merelvanderwouden;natacha;natascha;niels;roymartina;samantha;saskia;sven;thierrystokkink;thijsverlangen,craft,1,0.333,0.625,,1.0,1.0,,,,,,,,,,,,,,,,,1,,24,22,,,3,4,0,1,1,0,0,,0.0,0.182,0.333,0.75,,1.0,1.0,,,"Content, video & PR",Strategie & advies,,"Media, culture & entertainment","Meer leads, aanvragen & verkoop",,,False
bas-brummelhaus-781656201,today,original340,1.071,casdamman;denotenshop;joepvannoort;marius;mariushom;maud;maudborst;merel;mereljansen;montellvanleijen;mrfillet;thepancakebakery;yip;yipandjar,channel,1,1.0,0.333,1.0,,1.0,,,,,,,,,,,,,,,,,0,,37,14,,,3,3,1,0,1,0,0,,0.0,0.071,1.0,0.333,1.0,,1.0,,,Social media organisch,Social media content & beheer,Heel Nederland (landelijk),,Naamsbekendheid & zichtbaarheid,,,False
kliktaal.nl,before,control,2.25,acscleaning;astrea;jonkers;mijnkeukentuintje;ranox;vandervelden;vanderveldenbosbouw;verloskundigenpraktijkastrea,craft,1,0.25,0.438,0.333,0.28,1.0,0.333,1.0,,,,,,,,,,,,,,,0,,20,8,,,4,8,3,5,1,3,1,2020,0.625,0.0,0.25,0.625,0.333,0.4,1.0,0.333,1.0,"E-mail, CRM & marketing automation","Video, animatie & fotografie",Heel Nederland (landelijk),"Construction, real estate & housing",Bewustwording & gedragsverandering,Gemengd,Omvang in cijfers,True
pingwin.nl,after,control,1.889,academievoorcoachingencounselling;caferestaurantdauphine;fitnesskoerier;geesterhage;laolivapintxosyvinos;pizzaproject;procility;tkvastgoed;weslybronkhorst,industry+craft+job+channel,4,0.375,0.802,1.0,0.375,0.625,1.0,1.0,2,7,1,3,3,0,0,0.5,1.0,1.0,0.667,1.0,,,0,2,11,9,11,7,4,9,1,4,4,1,1,2020,0.444,0.0,0.5,0.889,1.0,0.5,0.75,1.0,1.0,SEO & organische vindbaarheid,Website & webdesign,Regionaal (binnen Nederland),"Construction, real estate & housing",Website verouderd of nieuw nodig,Webshop consumenten (D2C),Klein / zelfstandig,False
pixoyo.nl,before,control,1.571,bakewell;degrootschilders;interimvalley;rdrecruitment;rentabikeamsterdam;symetrics;thetasteofaphrodisiac,industry+craft,2,,0.755,1.0,0.375,,,,,,,,,,,,,,,,,,0,,7,7,,,0,7,1,4,0,0,0,2023,0.0,0.0,,0.857,1.0,0.5,,,,,Website & webdesign,Nederlandse stad of plaats,"Staffing, recruitment & HR",,,,False
webinzicht.nl,after,control,3.0,afmoerlinghausen;artisanstuccomortars;bastionhotels;deduindoorn;hofkamp;raquelrodrguez;raquelrodriguez;steinweiden;vanhetwad;wijkbedrijfselwerd,geo,1,0.28,0.28,0.625,0.34,0.5,1.0,1.0,4,10,2,10,2,1,0,0.25,0.2,1.0,0.4,0.5,1.0,,0,0,46,10,0,10,5,10,4,10,2,1,1,2023,1.0,0.0,0.4,0.4,0.75,0.4,0.5,1.0,1.0,Website & CMS,Website & webdesign,Regionaal (binnen Nederland),"Hospitality, tourism, sports & recreation",Naamsbekendheid & zichtbaarheid,Gemengd,Klein / zelfstandig,True
websignaal.nl,before,narrower,1.0,benvitaal;creditzmarketingcommunicatie,,0,,1.0,,,,,,,,,,,,,,,,,,,,0,,2,2,,,0,1,0,0,0,0,0,2020,0.0,0.0,,1.0,,,,,,,Strategie & advies,,,,,,False
websignaal.nl,after,narrower,1.429,autobiermans;blanchedael;bloombox;nouk;reprodex;sauterwijnen;sparksonline,craft+channel,2,0.389,0.625,,1.0,1.0,1.0,,6,4,0,1,1,1,0,0.5,0.75,,1.0,1.0,1.0,,0,0,7,7,2,7,6,4,0,1,1,1,0,2020,0.143,0.0,0.5,0.75,,1.0,1.0,1.0,,Webshop & e-commerceplatform,Website & webdesign,,Retail & e-commerce (general consumer goods),Webshop & online verkoop,Consumentenmarkt offline,,False
tres.nl,after,narrower,2.9,abvakwerk;bentacera;bfnl;bosmavanast;civas;cjib;donker;fritom;gasunie;groningenairporteelde;histoparts;hynetwork;kkfh;kpn;kwadrant;ministerievanonderwijscultuurenwetenschap;nederlandseverenigingvanbanken;nhlhogeschool;nrg;nvbnederlandseverenigingvanbanken;omrin;ontwikkelkracht;rocmiddennederland;scheerenveen;snn;stokvisservice;susa;wierdenenborgen;windesheim;zcert,model+stage,2,0.284,0.321,0.314,0.128,0.347,0.429,0.52,2,19,5,9,8,3,1,0.5,0.474,0.4,0.444,0.375,0.333,1.0,0,10,61,30,0,20,9,28,13,22,21,7,5,2023,0.7,0.4,0.444,0.429,0.385,0.227,0.476,0.571,0.6,Website & CMS,Website & webdesign,Heel Nederland (landelijk),Business & professional services,Website verouderd of nieuw nodig,Zakelijke afnemers (B2B),Omvang in cijfers,True
indicia.nl,after,control,,,,0,,,,,,,,0,0,0,0,0,0,0,,,,,,,,1,0,1,0,0,0,0,0,0,0,0,0,0,2023,,,,,,,,,,,,,,,,,False
inktzwartekaters.nl,after,control,1.034,2theloo;anotherskateofmind;atsure;bmw;citron;comaxx;ctig;ctrack;etos;fitline;fullhousecapital;gamma;happycactus;jumbo;kekkekids;kleinloohdanstherapie;kwantum;lichtopeindhoven;lovelyluggage;manify;mycupofteamedia;ndrealestate;nederlandsjeugdinsituut;peugeot;rkk;royalcanin;tripdate;vivowonen;webleaders,craft,1,,0.62,,1.0,,,,0,29,0,1,0,0,0,,0.759,,1.0,,,,1,0,30,29,0,29,0,29,0,1,0,0,0,2023,0.0,0.0,,0.759,,1.0,,,,,Content & copywriting,,Healthcare & care,,,,False
iosono.nl,before,control,1.159,allsolutions;altrannetherlands;anderstrainen;brainportindustriescollege;bruersschilderwerken;citrussoftware;cocomo;connexie;countingbusiness;ensior;ezcompany;flow;franckipmvanboekelvastgoed;inergyanalyticalsolutions;inloophuismiddenbrabant;kermisfm;lanonnatrattoria;lawtonadvocaten;medtronic;micralautomatisering;microsoftdynamicsuser;microstrategy;pdcare;personale;puurnl;radio8fm;raxcosoftware;reframeadviestraining;remcoclaassen;salesimprovement;samsung;sapnederland;saptmobiletsystemssamsungmagnus;sevenmatches;stichtingtypischtilburg;stichtingverbeetenfonds;tilburginnovationcenter;tmobile;toincrease;tsystems;ultimit;vianuova;zilverzon;zorga,,0,1.0,0.235,,0.28,0.333,,,,,,,,,,,,,,,,,0,,44,44,,,1,9,0,5,3,0,0,2023,0.0,0.023,1.0,0.333,,0.4,0.333,,,Multi-channel & omnichannel,"Outcome-verkoop (leads, omzet, groei)",,"Software, IT & telecom",Groei & nieuwe markten,,,False
iosono.nl,after,control,1.159,allsolutions;altrannetherlands;anderstrainen;brainportindustriescollege;bruersschilderwerken;citrussoftware;cocomo;connexie;countingbusiness;ensior;ezcompany;flow;franckipmvanboekelvastgoed;inergyanalyticalsolutions;inloophuismiddenbrabant;kermisfm;lanonnatrattoria;lawtonadvocaten;medtronic;micralautomatisering;microsoftdynamicsuser;microstrategy;pdcare;personale;puurnl;radio8fm;raxcosoftware;reframeadviestraining;remcoclaassen;salesimprovement;samsung;sapnederland;saptmobiletsystemssamsungmagnus;sevenmatches;stichtingtypischtilburg;stichtingverbeetenfonds;tilburginnovationcenter;tmobile;toincrease;tsystems;ultimit;vianuova;zilverzon;zorga,,0,1.0,0.235,,0.28,0.333,,,0,0,0,0,0,0,0,,,,,,,,0,44,44,44,0,0,1,9,0,5,3,0,0,2023,0.0,0.023,1.0,0.333,,0.4,0.333,,,Multi-channel & omnichannel,"Outcome-verkoop (leads, omzet, groei)",,"Software, IT & telecom",Groei & nieuwe markten,,,False
ismotion.nl,before,control,2.0,audentis;bedrijfspandenmiddennederland;chasin;kippenhuis,craft,1,,1.0,0.5,0.5,1.0,,,,,,,,,,,,,,,,,6,,13,4,,,0,3,2,2,1,0,0,2023,0.5,0.0,,1.0,0.5,0.5,1.0,,,,"Video, animatie & fotografie",Heel Nederland (landelijk),Retail & e-commerce (general consumer goods),"Leden, leerlingen & donateurs werven",,,False
trimm.nl,before,narrower,2.667,247tailorsteel;aeolus;dsm;grolsch;heuverbanden;itec;malvernpanalytical;mcg;mitsubishichemical;nexperia;philipshue;proflite;sanderartscmo;signify;xsens,industry+job+channel+model+geo,5,0.375,0.183,0.5,0.488,0.52,0.556,0.5,,,,,,,,,,,,,,,0,,36,15,,,4,13,6,11,10,6,2,2025,0.667,0.267,0.5,0.231,0.667,0.636,0.7,0.667,0.5,Website & CMS,UX/UI & interface design,Internationaal / wereldwijd,Manufacturing & industrial,Maatwerk software & efficiëntere processen,Zakelijke afnemers (B2B),Groot / corporate / marktleider,True
codebreakers.nl,today,narrower,1.5,autobedrijfdebaaij;dehonneurs;exonet;ivothijssen;metaboolgezond;nimma;santasoffice;spreekbier;theroots;transactionart,,0,,,1.0,0.2,0.333,,,,,,,,,,,,,,,,,0,,12,10,,,0,0,1,5,6,0,0,2022,0.0,0.0,,,1.0,0.2,0.333,,,,,Nederlandse stad of plaats,Education & childcare,"Meer leads, aanvragen & verkoop",,,False
commar.nl,today,narrower,1.0,albertschweitzerziekenhuis;fairfactorydevelopmentfund;goudwisselkantoor;hetgroenwerkt;hgwonline;indusbulklogistics;invendus;jielineremotediagnostics;livastgo;molendijkhoutbewerkingsmachines;ronellwijngaarden;schouls;sportforothers;veiliggoed;woordendaad,craft+channel,2,0.556,0.662,,,,,,,,,,,,,,,,,,,,0,,16,15,,,3,15,0,0,0,0,0,2023,0.0,0.0,0.667,0.8,,,,,,"SEA, display & overige paid advertising",Website & webdesign,,,,,,True
conversiepartners.nl,today,narrower,1.667,babyplus;climerbenelux;dirkdewitmode;glashandeldekroon;hollandcomposites;knippingnederland;nikkosports;triplesolar;villapureza,,0,1.0,0.5,,1.0,,1.0,,,,,,,,,,,,,,,,0,,26,9,,,1,2,0,1,0,1,0,2023,0.0,0.556,1.0,0.5,,1.0,,1.0,,Multi-channel & omnichannel,Website & webdesign,,Retail & e-commerce (general consumer goods),,Webshop consumenten (D2C),,False
cookscrossover.com,today,narrower,1.167,abinbev;bolletje;gotan;perfettivanmelle;redbull;verstegen,craft,1,,0.375,,1.0,,,,,,,,,,,,,,,,,,0,,6,6,,,0,4,0,1,0,0,0,2020,0.0,0.0,,0.5,,1.0,,,,,Strategie & advies,,"Food, beverage & agriculture",,,,True
panbranding.nl,after,narrower,2.276,bam;bambouwtechniek;bamwonen;budlr;canopy;grondg;h2storage;hembrugzaandammer;hollandswater;kunstaantafel;logville;logvilledigitalexperiencecenter;logvillevlaanderen;nowherdays;origoo;participatiegilde;powergirlz;powerpeers;purepaws;redsaam;redsaaminstappennaarherstel;redwired;soeplr;soeplrmagazine;spaarndammerburen;talentinopleiding;totalenergies;upvanbambouwtechniek;windkracht5,craft+job+stage,3,0.28,0.55,0.314,0.142,0.429,0.25,0.5,0,5,2,2,0,0,0,,0.8,0.5,0.5,,,,0,23,73,29,4,6,5,26,13,18,7,4,4,2025,0.517,0.034,0.4,0.731,0.385,0.222,0.571,0.25,0.5,Apps & custom platforms,Branding & huisstijl,Nederlandse stad of plaats,"Energy, utilities & environment","Merk, huisstijl & verhaal",Zakelijke afnemers (B2B),Omvang in cijfers,True
noise.nl,before,narrower,2.744,albertheijn;arla;avrotros;bidfood;carapelli;carbonell;chaudfontaine;cocacola;denederlandschebank;diabetesfonds;digitalradionederland;donaldduck;donaldduckweekblad;etos;gardengourmet;gardengourmetzwitserland;gourmetkat;huidfonds;knltb;knvb;knzb;maggi;mastersoflxry;melkunieprotein;microsoft;nestl;nestlcorporatecommunications;peakzpadel;praxis;prelovedfashionfair;prezero;rijksoverheid;rodekruisprinsesmargrietfonds;rookvrijegeneratie;sgf;statiegeldnederland;stayokay;vananaarbeter;veronicamagazine;vgz;volvo;warnerbrospictures;zorgvannu,job+stage,2,0.218,0.247,0.284,0.18,0.343,1.0,0.556,,,,,,,,,,,,,,,1,,105,43,,,29,42,9,29,26,1,3,2025,0.837,0.209,0.345,0.452,0.444,0.345,0.5,1.0,0.667,Offline media & events,Campagnes & creatieve concepten,Heel Nederland (landelijk),"Food, beverage & agriculture",Bewustwording & gedragsverandering,Zakelijke afnemers (B2B),Startup / jong / groeiend,False
nohaucreative.nl,after,control,2.875,asml;cb12;google;hetwittehuis;parapaard;philips;soaaidsnederland;westkoprotterdam,,0,0.306,0.312,0.25,0.278,0.333,,,0,0,0,0,0,0,0,,,,,,,,0,8,9,8,7,0,7,8,4,6,3,0,0,2024,1.0,0.125,0.429,0.375,0.25,0.333,0.333,,,Offline media & events,"Video, animatie & fotografie",Heel Nederland (landelijk),"Hospitality, tourism, sports & recreation","Merk, huisstijl & verhaal",,,False
jointlyheroes.nl,before,narrower,1.923,awa;bofainfra;coperatiestadslandbouwoosterwold;dannyghosen;flevo;honighuis;houseofbbq;leconnecteur;menkenorlando;mnbestratingen;shoq;triplepharma;wmkozijnen,craft+channel+model,3,0.556,0.349,1.0,0.16,0.333,0.375,1.0,,,,,,,,,,,,,,,0,,13,13,,,3,13,2,10,3,4,1,2025,0.077,0.0,0.667,0.538,1.0,0.2,0.333,0.5,1.0,Webshop & e-commerceplatform,Website & webdesign,Regionaal (binnen Nederland),"Media, culture & entertainment",Naamsbekendheid & zichtbaarheid,Zakelijke afnemers (B2B),Groot / corporate / marktleider,True
junnect.nl,before,control,2.286,39graden;anouksevents;autoservicehopman;cultuurverbindtroosendaalgemeenteroosendaalenanderen;dwprefab;festivalopdegrens;flexfestival;gspotfestival;hetwapenvanroosendaal;humansafetyalliance;kunstbende;kunstbendenoordbrabant;naampatch;twapenvanroosendaal,channel+geo,2,0.389,0.286,0.44,0.306,0.25,,1.0,,,,,,,,,,,,,,,0,,37,14,,,6,14,5,7,4,0,1,2023,0.5,0.286,0.5,0.429,0.6,0.429,0.25,,1.0,Website & CMS,Website & webdesign,Nederlandse stad of plaats,"Media, culture & entertainment",Maatwerk software & efficiëntere processen,,Familiebedrijf / gevestigd met historie,True
rik.marketing,after,control,3.5,christenenvoorisral;hourofpower;isralproductencentrum;nederlandsdagblad,job+channel,2,0.375,0.25,,1.0,0.375,,,0,0,0,0,0,0,0,,,,,,,,0,4,4,4,0,0,4,4,0,1,4,0,0,2023,1.0,1.0,0.5,0.25,,1.0,0.5,,,"SEA, display & overige paid advertising","E-mailmarketing, automation & funnels",,"Media, culture & entertainment","Meer leads, aanvragen & verkoop",,,False
rocketing.nl,before,narrower,2.692,alpro;alprobarista;bison;bisonboltonadhesives;bisonpowervalleymudmasters;boltonnlborotalco;fordpuma;goldgreenpulledoats;handsoffmychocolate;meatlessfarm;pauligbeneluxgoldgreenpulledoats;pauligbeneluxsantamaria;santamaria,industry+model+geo,3,0.21,0.26,0.5,0.594,0.309,0.5,,,,,,,,,,,,,,,,0,,19,13,,,9,10,6,8,9,4,0,2023,0.692,0.385,0.333,0.4,0.667,0.75,0.444,0.5,,Offline media & events,Social media content & beheer,Heel Nederland (landelijk),"Food, beverage & agriculture",Naamsbekendheid & zichtbaarheid,Zakelijke afnemers (B2B),,False
mattmo.nl,after,narrower,1.333,basicfit;brandtlevie;creativecitylab;dezurestad;dutchcuisine;fagron;frisokooijman;kenniscentrumongelijkheid;loyensloeff;melexis;mofad;oci;postnl;sif;silverstip;superflox;thepickledcity;uniwax;wintersbouwenontwikkeling;worldfoodcenter;zoutwatermensen,craft+geo,2,0.5,0.556,0.556,0.333,0.5,1.0,,1,4,1,2,1,0,0,1.0,0.75,1.0,0.5,1.0,,,2,9,30,21,14,12,2,9,3,3,2,1,0,2024,0.143,0.048,0.5,0.667,0.667,0.333,0.5,1.0,,Multi-channel & omnichannel,"Grafisch ontwerp, drukwerk & print",Internationaal / wereldwijd,"Nonprofits, charities & associations",Naamsbekendheid & zichtbaarheid,Gemengd,,True
mediabirds.nl,before,narrower,2.0,capital8;contronics;gelderhorst;hetmaanderzand;packagingmaterials;residence,industry+craft,2,,0.556,1.0,0.375,,,,,,,,,,,,,,,,,,19,,25,6,,,0,6,1,4,0,0,0,2024,0.0,0.0,,0.667,1.0,0.5,,,,,Website & webdesign,Specifiek buitenland,Manufacturing & industrial,,,,True
mediabirds.nl,after,narrower,1.81,24nannies;abutprofs;akoesticum;ampceurope;aphexgear;barnes;beijeradvies;bijhardeveld;blauwebeer;bluebirdrecruitment;chiaro;chiefmachers;ckdeurope;contronicsdrymisting;crmlink;degelderhorst;deplakkerij;entertraint;gilat;headstaffing;hetmaanderzand;inspyrium;jetconsult;labfordesign;meijertheorie;nursingharbour;onderwijsregiofoodvalley;royalestates;sfeermeesters;smartcharged;sokkies;sportservicedevallei;springboardnetwork;stadmedia;streetgasm;techit;theovervieweffect;tiktai;vanderzandtkeukens;welnet;yoepie;yucap,job+model+stage,3,0.223,0.287,0.219,0.147,0.349,0.388,0.556,4,25,8,9,9,4,2,0.5,0.4,0.5,0.222,0.556,0.75,0.5,0,1,76,42,5,41,11,30,13,15,17,7,3,2024,0.357,0.071,0.364,0.433,0.308,0.2,0.529,0.571,0.667,Website & CMS,Website & webdesign,Internationaal / wereldwijd,"Staffing, recruitment & HR","Merk, huisstijl & verhaal",Zakelijke afnemers (B2B),Startup / jong / groeiend,True
meercollective.nl,before,control,1.174,bijvivopdebank;cansteinadvocatuur;cleosfairtradethee;ergomind;ergotherapiehartel;fabiennezwanenburg;femjourney;gebrouwendoorvrouwen;gouderdom;hetzandkasteel;id2bytes;irismaree;jamilavriesman;jamilavriesmancoaching;krachtwerk;mindforgood;ninetkaijserart;plansysteemonline;skinroom;stolkwebdesign;studioirismaree;suite702;thesocialplan,craft+job+channel,3,0.621,0.365,1.0,0.25,0.556,,,,,,,,,,,,,,,,,0,,32,23,,,13,21,1,4,3,0,0,2023,0.0,0.0,0.769,0.524,1.0,0.25,0.667,,,SEO & organische vindbaarheid,Content & copywriting,Nederlandse stad of plaats,"Software, IT & telecom",Website verouderd of nieuw nodig,,,False
krbcommunicatie.nl,after,control,1.944,buurtgezinnen;dewittenberg;directflor;etiopika;familiecampingbeloofdeland;gsr;hetpassion;infinauitvaartzorg;lamberslegalincasso;mantum;railcargo;stichtingleerlingenzorgnwveluwe;stolkvandamherenmode;szamen;tgsagribusinesssolutions;tukampen;vanreeaccountants;zgg,stage,1,,1.0,,0.183,,,1.0,0,1,0,17,0,0,4,,1.0,,0.235,,,1.0,1,0,19,18,0,18,0,1,0,17,0,0,4,2020,0.0,0.0,,1.0,,0.235,,,1.0,,Website & webdesign,,Education & childcare,,,MKB / middelgroot,True
lab701.nl,after,control,1.2,aspiredrinks;dutchfoodweek;enphaseenergy;sportsworldtopshelf;tenadvocaten,,0,,,1.0,1.0,,,,0,0,1,1,0,0,0,,,1.0,1.0,,,,0,0,6,5,0,5,0,0,1,1,0,0,0,2023,0.0,0.0,,,1.0,1.0,,,,,,Internationaal / wereldwijd,Business & professional services,,,,True
labdigital.nl,before,narrower,1.0,danone;sportsdirect,,0,1.0,1.0,1.0,,,1.0,,,,,,,,,,,,,,,,0,,4,2,,,2,2,1,0,0,1,0,2023,0.0,0.0,1.0,1.0,1.0,,,1.0,,Webshop & e-commerceplatform,Webshop & e-commerce,Internationaal / wereldwijd,,,Webshop consumenten (D2C),,True
florisvenneman,today,original340,1.0,alzheimernederland;avoord;dejongintravakanties;hulpmiddelbezorgd;izi;markenheem;meubelzorg;otolift;outstanding;provinciegelderland;sup;vandaaghypotheken;vanzorgnaargewoonleven;vereen;vilentezilverheuvel;wooncoach;zorggroepdevechtstreek,,0,,0.315,,,,,,,,,,,,,,,,,,,,0,,17,17,,,0,17,0,0,0,0,0,,0.0,0.0,,0.412,,,,,,,Branding & huisstijl,,,,,,False
franciska-salazar-lagos-54144092,today,original340,1.0,burobundel;codedclub;destinointerior;fairpricedvintage;frissestart;futurebydiversity;goeblueworldnederland;homeistheartist;intermediair;jennahorganics;melt;nationalevacaturebank;salgadobastiaankunst;toyclub;unruffledcreativedesignstudio;vanstijns;werkhelden,,0,1.0,0.227,,,,,,,,,,,,,,,,,,,,4,,39,17,,,1,16,0,0,0,0,0,,0.0,0.0,1.0,0.375,,,,,,Social media organisch,Content & copywriting,,,,,,False
frank-rubingh,today,original340,1.238,dekkersslaapcomfort;dewatersnip;dontwasteculture;floooow;futureofenergyawards;goodnightslaapkamers;houtindetuin;kookgigant;kuperus;maakwozbezwaar;mauricehoog;megatuinshop;portulanoorwegen;rapidprototyping;secrets;smaakvandeventer;smaakverkenners;smalbraak;thelemontreecuraao;valenciadeventer;vanoldeniel,channel,1,0.82,0.174,,0.5,,,,,,,,,,,,,,,,,,0,,34,21,,,20,11,0,2,0,0,0,,0.0,0.143,0.9,0.273,,0.5,,,,"Branding, campagne & activatie",Branding & huisstijl,,Manufacturing & industrial,,,,True
frankdepuijt,today,original340,1.0,caflatrinit;decokerije;fieretsvishandel;hartvangoes;marierosebakery;sluisonline;strandhotelcadzandbad;teckelcounrtystore,,0,,,,,,,,,,,,,,,,,,,,,,0,,8,8,,,0,0,0,0,0,0,0,,0.0,0.0,,,,,,,,,,,,,,,True
frankputs,today,original340,0.949,achmea;bercomex;bol;bolletje;calvinklein;coolbest;ddbunlimited;dsm;essener;fashionmultinational;fetim;fruitland;gemeenteopmeer;godijnpublishing;greyworldwide;gstar;ihosting;incotec;intermaris;jamin;keeskoopmantransport;kinderstralen;localauthority;loral;loreal;milstein;milsteinpharma;multinational;multivlaai;niped;nvm;oldcaptain;one2ten;ov9292;pavohr;pearlsofangels;pelgrim;postnl;reckittbenckiser;rodekruis;sambucol;samsung;sanoma;seating;socicom;speltica;stibat;takk;thesecretlab;tommyhilfiger;variousmultinationals;velvetpharma;verenigingeigenhuis;vitrina;westfriesebibliotheken;xwomen;ynap;yooxnetaporter;zonneparkenzwaagdijk,craft,1,,0.349,,,,,,,,,,,,,,,,,,,,0,,99,59,,,0,39,0,0,0,0,0,,0.0,0.0,,0.513,,,,,,,"Video, animatie & fotografie",,,,,,True
nohaucreative.nl,before,control,2.667,asml;brothersandsons;cb12;google;hetwittehuis;ing;lebaradenmark;lebaradk;parapaard;philips;prioderm;satman;soaaidsnederland;westkop;westkoprotterdam,job,1,0.319,0.2,0.25,0.14,0.312,1.0,0.5,,,,,,,,,,,,,,,0,,33,15,,,12,15,8,11,8,1,2,2024,0.867,0.067,0.417,0.267,0.375,0.182,0.5,1.0,0.5,Offline media & events,Campagnes & creatieve concepten,Heel Nederland (landelijk),"Fashion, beauty & personal goods","Merk, huisstijl & verhaal",Webshop consumenten (D2C),Familiebedrijf / gevestigd met historie,False
ismotion.nl,after,control,2.0,audentis;bedrijfspandenmiddennederland;chasin;kippenhuis,craft+geo,2,,1.0,0.556,0.5,0.5,,,0,0,0,0,0,0,0,,,,,,,,8,4,19,4,0,0,0,3,3,2,2,0,0,2023,0.5,0.0,,1.0,0.667,0.5,0.5,,,,"Video, animatie & fotografie",Heel Nederland (landelijk),"Nonprofits, charities & associations",Bewustwording & gedragsverandering,,,False
jakdesign.nl,before,control,1.167,aluxlichtstraten;aquariastore;autogaragedweemhoff;edwindeboer;garagedweemhoff;gerkehoogeveen;griporganizing;idsard;jolandavanderkaap;leekstereagles;martijnvanlacum;ordetraining;praktijkjanneke;qperreintergratie;studiohortensia;suzanneg;thewoodpacker;vrolijckejoncker,craft,1,0.5,0.835,,0.333,0.5,,,,,,,,,,,,,,,,,0,,28,18,,,2,11,0,3,2,0,0,2023,0.0,0.0,0.5,0.909,,0.333,0.5,,,Apps & custom platforms,Website & webdesign,,Business & professional services,Website verouderd of nieuw nodig,,,False
jakdesign.nl,after,control,1.031,akwartier;aluxlichtstraten;aquariastore;aya;baanbrekendperspectief;basicverhuur;bba;belieff;bintbouw;bureaubijma;bureaumaatwerk;camperplaatsborgerswold;camperplaatsveendam;conversieonline;curaxl;degrootpolyesterwerken;deklaver;devastgoedschilder;energysolutions4u;enpron;epublic;epublicsolutions;flexbeweging;garagedweemhoff;gforce;goumavastgoed;griporganizing;hjij;inspiratiolux;jmtrucking;kikireizen;kootstraadvies;kwiekenergie;leekstereagles;liefleukenhip;lorel;lorelconsultancy;lyrawms;meerkerkinfra;nandascopywriting;ordetraining;practicanederland;praktijksuik;ps5kopen;rioolvrij;robertkeuringen;schildersbedrijfklaverblad;scrumcoach;seastar;shirtprintshop;sinnetechniek;snelenwel;spotlights;techzeker;thewoodpacker;ticom;tmhrspecialist;toko;twentyfourflow;uniekgezond;verbruiksoverzicht;verhuisbedrijfkoot;vvnieuwroden;wintaal;yumy,craft,1,,0.745,,1.0,,,,0,9,0,0,0,0,0,,0.889,,,,,,1,7,84,65,11,58,0,14,0,1,0,0,0,2023,0.0,0.0,,0.857,,1.0,,,,,Website & webdesign,,"Media, culture & entertainment",,,,True
meercollective.nl,after,control,1.176,9karat;amarbeidsrecht;amsteldutch;apenkooigym;barkmeijertrainingen;bijvivopdebank;cleosfairtradethee;drsmama;easyconsultancy;ena;ergomind;ergotherapiehartel;ergotherapienetwerkamsterdam;erikavanes;estherwooninkhaptonomie;fabiennezwanenburg;femjourney;gebrouwendoorvrouwen;gebrvanderveekens;gouderdom;id2bytes;imstudio;jamilavriesman;jamilavriesmancoaching;kandoor;krachtwerk;leefwijs;leefwijsamsterdam;mindelevators;mindforgood;morethanles;nadinekieftjewelry;ninekaratnadinekieftjewelry;ninetkaijserart;plansysteemonline;playatslaep;skinroom;sportstudio79;stolkwebdesign;studioirismaree;suite702;taptfestival;theaterkantoor;theforwardclub;thesocialplan;thesocialplant;tjeerdschiphorst;ulujewelry;vannoordbelastingadvies;vedegin;voelstream,craft+channel,2,0.498,0.424,,0.16,0.284,,,16,31,0,3,5,0,0,0.438,0.645,,0.333,0.4,,,0,20,79,51,3,31,25,48,0,9,9,0,0,2023,0.0,0.0,0.68,0.583,,0.222,0.333,,,SEO & organische vindbaarheid,Content & copywriting,,Business & professional services,Naamsbekendheid & zichtbaarheid,,,False
meewerk.com,before,control,1.5,beautybank;humaner,,0,,0.5,,1.0,,,,,,,,,,,,,,,,,,0,,2,2,,,0,2,0,1,0,0,0,2024,0.0,0.0,,0.5,,1.0,,,,,Apps & maatwerk platforms,,"Nonprofits, charities & associations",,,,False
meewerk.com,after,control,1.5,beautybank;humaner,,0,,0.5,,1.0,,,,0,0,0,0,0,0,0,,,,,,,,0,2,2,2,0,0,0,2,0,1,0,0,0,2024,0.0,0.0,,0.5,,1.0,,,,,Apps & maatwerk platforms,,"Nonprofits, charities & associations",,,,False
fabian-van-til,today,original340,,,,0,,,,,,,,,,,,,,,,,,,,,,18,,18,0,,,0,0,0,0,0,0,0,,,,,,,,,,,,,,,,,,False
fabrique.nl_403,today,original340,1.16,avrotros;brandmr;bubblegames;cultuurfonds;depolitiekioskeenmoonshot;gvbamsterdam;hemaapp;huisdenherd;independer;innovatiedistrictdelft;johncarterbrownlibrary;lowlands;metrooostlijn;muacmexico;museumcatharijneconvent;nsstations2030;rijksmuseum;serviceapotheek;sirhotels;smartocto;snellerpoort;sourceag;thecover;vanderlande;zuidas,industry+channel+geo,3,0.556,0.224,0.5,0.375,,,,,,,,,,,,,,,,,,0,,30,25,,,3,7,6,4,0,0,0,,0.0,0.0,0.667,0.286,0.667,0.5,,,,Webshop & e-commerceplatform,Strategie & advies,Nederlandse stad of plaats,"Transport, logistics & automotive",,,,True
ferry-zomerdijk-b507442b,today,original340,1.0,alkmaar;amsterdamwarehousecompany;bdb;brothersbondbourbon;centraalpluripharm;dewoonzakenrsg;dezaanseschans;dok6;eventgenius;examensliftoffmce;hansadvocaten;hopmanwoonmakelaars;interactievekaartenviagooglemaps;intravel;langlevedeliefde;mastermatebestelapp;mijnijzerwarennl;nimblrecruitment;onlinekunstwedstrijden;palomaday;sabalovin;selatispirit;slimmehoreca;teamforlogistics;tension;thuisinvastgoed;vandezotte;virtuelewintermarkt;voorraadschermnl;waardereiland;wiringherlantinternational,,0,1.0,,1.0,,,,,,,,,,,,,,,,,,,0,,35,31,,,1,0,1,0,0,0,0,,0.0,0.0,1.0,,1.0,,,,,Webshop & e-commerceplatform,,Nederlandse stad of plaats,,,,,False
flatland.nl_404,today,original340,1.111,amsta;bedrijventerreinvijfeikenheihoef;citydealfietsenvooriedereen;epicafrica;gemeentedenhaag;gemeenterotterdam;hoogheemraadschapdelfland;woonstadrotterdam;zadkinestartcollege,craft+geo,2,1.0,0.625,0.625,1.0,,,,,,,,,,,,,,,,,,3,,13,9,,,1,4,4,1,0,0,0,,0.0,0.0,1.0,0.75,0.75,1.0,,,,"Content, video & PR",Strategie & advies,Nederlandse stad of plaats,Healthcare & care,,,,True
floris-modderman-71b5a42a,today,original340,1.25,deleescoalitie;miloeducation;new10;praxis;qissit;stichtinglezen;trigion;yellowhive,craft,1,0.25,0.556,1.0,0.5,1.0,,,,,,,,,,,,,,,,,0,,8,8,,,4,3,1,2,1,0,0,,0.0,0.0,0.25,0.667,1.0,0.5,1.0,,,"Branding, campagne & activatie",Content & copywriting,Heel Nederland (landelijk),"Staffing, recruitment & HR","Merk, huisstijl & verhaal",,,False
jeroen-cloosterman-03a0377,today,original340,1.733,bikeroutfit;deboerdrachten;deens;dirkje;hoogenboezem;horseridersclassics;iamtoro;keukenloods;lamplord;mrmaria;safeage;schattigebabykleertjes;verf365;wakeuplight;wereldwijnonline,,0,0.309,0.265,1.0,,1.0,1.0,,,,,,,,,,,,,,,,3,,21,15,,,9,7,1,0,1,1,0,,0.0,0.667,0.444,0.429,1.0,,1.0,1.0,,"SEA, display & overige paid advertising","Outcome-verkoop (leads, omzet, groei)",Nederland plus buurlanden,,"Meer leads, aanvragen & verkoop",Webshop consumenten (D2C),,False
jeroen-schiphuis,today,original340,1.6,beerdome;bestratingnl;bigshoppernl;bossdog;bouwlaser;dekoffiewinkelcom;drukkerijdouma;druutcom;fennerdunlop;geran;goudonlinenl;hijsenhefshop;kappersshopcom;kuipersadministratieadvies;lamberinkmakelaars;massagesalonpailin;mytshutters;perfectlookclinics;reclameland;rijschoolnoord;sfeernl;skin;stenekessteenhandel;technim;zechsal,channel+model,2,0.372,0.183,0.25,0.28,0.333,1.0,1.0,,,,,,,,,,,,,,,0,,32,25,,,11,13,4,5,3,3,1,,0.0,0.36,0.545,0.308,0.25,0.4,0.333,1.0,1.0,Multi-channel & omnichannel,SEO & vindbaarheid,Nederland plus buurlanden,Retail & e-commerce (general consumer goods),Groei & nieuwe markten,Webshop consumenten (D2C),Startup / jong / groeiend,True
joep-groenink,today,original340,1.378,55creativebusinessschool;abrazi;aectual;allesoverdrinken;bocca;bonbini;carldenig;degraafengroot;dronestories;dutchgarden;foam;gkazas;glow;hawaiianpokbowl;hetamsterdamsewinterparadijs;hetgymlokaal;hullabaloo;interstuhl;jellinek;lab42;meeskees;mokumboot;mooivakonderwijs;nachtlab;propertyof;realace;salleprive;salsashop;se7en;silk;stichtinglezenenschrijven;swipe4work;terredeshommes;theloft;thg;vredestein;wwentertainment,geo,1,0.237,0.153,0.625,0.2,,,,,,,,,,,,,,,,,,0,,53,37,,,29,35,4,10,0,0,0,,0.0,0.0,0.31,0.229,0.75,0.3,,,,"SEA, display & overige paid advertising",Website & webdesign,Nederlandse stad of plaats,"Media, culture & entertainment",,,,False
betawerk.nl,today,narrower,1.222,aelmansadviesgroep;brandweervakmanschapp;brightlands;curiograafschapcollegeenvistacollege;daelzicht;dcmrmilieudienstrijnmond;envida;europeanconsumercenter;exploremaastricht;gemeentemaastricht;healthri;humankind;lygature;maastrichtumc;mijnbreincoach;mijnucenter;mondriaan;myinlife;nedlin;nwo;radboudumc;sjgweert;skaobservatory;swipequest;zonmw;zuidlimburgbereikbaar;zzpnederland,,0,,0.42,,0.28,,,1.0,,,,,,,,,,,,,,,1,,33,27,,,0,21,0,5,0,0,1,2020,0.0,0.0,,0.476,,0.4,,,1.0,,Website & webdesign,,Healthcare & care,,,Startup / jong / groeiend,True
blinktuit.nl,today,narrower,1.833,dealdrechtcities;flexvak;koenigbauer;lamark;stratt;wibe,channel,1,0.375,0.28,,1.0,0.5,,,,,,,,,,,,,,,,,0,,7,6,,,4,5,0,1,2,0,0,2023,0.0,0.667,0.5,0.4,,1.0,0.5,,,"E-mail, CRM & marketing automation","E-mailmarketing, automation & funnels",,"Staffing, recruitment & HR","Meer leads, aanvragen & verkoop",,,True
bullin.nl,today,narrower,1.0,detelegraaf;geboortekaartjeopmaat;geezerbox;greedysloths;shokz;touchdown;vvdkatwijk,,0,,0.224,,,,,,,,,,,,,,,,,,,,0,,7,7,,,0,7,0,0,0,0,0,2025,0.0,0.0,,0.286,,,,,,,Campagnes & creatieve concepten,,,,,,True
bureaubijma.nl,today,narrower,1.222,badkamerenkeukenmakelaar;diergaardeblijdorp;huidklinieksteijaert;hunebedcentrum;jakdesign;josmolemacoaching;meetarchie;nederlandsevoedselenwarenautoriteit;terra,,0,0.333,0.2,,1.0,,,,,,,,,,,,,,,,,,0,,9,9,,,3,5,0,1,0,0,0,2024,0.0,0.111,0.333,0.2,,1.0,,,,Website & CMS,"Outcome-verkoop (leads, omzet, groei)",,Education & childcare,,,,True
bytomorrow.nl,today,narrower,1.0,knltbtv;lottovolleyleague;superhandballleague,,0,,,,,,,,,,,,,,,,,,,,,,0,,3,3,,,0,0,0,0,0,0,0,2024,0.0,0.0,,,,,,,,,,,,,,,False
transvormatie.nl,before,control,1.154,abboscholen;agrifoodtrading;albertheijn;axerrio;claddingpoint;hbv;jewelconceptsinternational;mentalhealthcaribbean;nilmedia;petercv;siemenshealthcare;wijmakendewijk;zoetzout,craft,1,,0.44,1.0,0.5,,,,,,,,,,,,,,,,,,0,,13,13,,,0,5,1,2,0,0,0,2020,0.0,0.0,,0.6,1.0,0.5,,,,,"Grafisch ontwerp, drukwerk & print",Nederlandse stad of plaats,"Software, IT & telecom",,,,False
transvormatie.nl,after,control,1.154,abboscholen;agrifoodtrading;albertheijn;axerrio;claddingpoint;hbv;jewelconceptsinternational;mentalhealthcaribbean;nilmedia;petercv;siemenshealthcare;wijmakendewijk;zoetzout,craft,1,,0.44,1.0,0.5,,,,0,0,0,0,0,0,0,,,,,,,,0,13,22,13,0,0,0,5,1,2,0,0,0,2020,0.0,0.0,,0.6,1.0,0.5,,,,,"Grafisch ontwerp, drukwerk & print",Nederlandse stad of plaats,"Software, IT & telecom",,,,False
tres.nl,before,narrower,1.0,abvakwerk;bfnl;cjib;fritom;kpn;nrg;stokvisservice;susa;wierdenenborgen;windesheim,craft,1,,0.5,,,,,,,,,,,,,,,,,,,,0,,10,10,,,0,10,0,0,0,0,0,2023,0.0,0.0,,0.5,,,,,,,Website & webdesign,,,,,,False
pig.works,before,control,1.0,authenticgolf;innoseis;kurtainkall;universityofhawaii,,0,,1.0,,,,,,,,,,,,,,,,,,,,0,,4,4,,,0,2,0,0,0,0,0,2020,0.0,0.0,,1.0,,,,,,,Branding & huisstijl,,,,,,False
pig.works,after,control,1.0,authenticgolf;innoseis;kurtainkall;universityofhawaii,,0,,1.0,,,,,,0,0,0,0,0,0,0,,,,,,,,0,4,4,4,0,0,0,2,0,0,0,0,0,2020,0.0,0.0,,1.0,,,,,,,Branding & huisstijl,,,,,,False
pingwin.nl,before,control,1.154,academievoorcoachingencounselling;aronsonantiquairs;credifin;evertvanderlingen;fitnesskoerier;floaterlaseramsterdameyehospital;floaterlaservitreousfloaters;jrvingerling;meesterslijpers;renedjuricek;saccokoster;tinkerbelltoys;visusoogkliniek,craft+channel,2,1.0,0.406,,,,,,,,,,,,,,,,,,,,1,,14,13,,,7,8,0,0,0,0,0,2020,0.0,0.154,1.0,0.5,,,,,,SEO & organische vindbaarheid,SEO & vindbaarheid,,,,,,True
websitefreaks.nl,after,narrower,1.0,beefburgersnl;bodymindcentrum;cheerleads;entralegal;healinq;ibdnederland;jivalli;koopmanfarms;nimoush;vandonkadvocaten;waiomanakleinmassage;welovesand;zakariyabosmans,,0,,,,,,,,0,0,0,0,0,0,0,,,,,,,,0,0,17,13,0,13,0,0,0,0,0,0,0,2023,0.0,0.0,,,,,,,,,,,,,,,True
webton.nl,before,control,1.125,carlakamphuis;examenkamer;hatrans;partywinkelnl;pdncare;schuringnaaimachines;stichtinguitvoeringsregelingensavg;thuiscrche,craft+channel,2,0.556,0.429,,,,,,,,,,,,,,,,,,,,0,,8,8,,,3,7,0,0,0,0,0,2025,0.0,0.125,0.667,0.571,,,,,,Webshop & e-commerceplatform,Website & webdesign,,,,,,False
webton.nl,after,control,2.071,artific;asourceelectronics;bluelabel;borderlinetravel;boudriekachelsenhaarden;carlakamphuis;eshuisaccountantsenadviseurs;houtolienl;jacskoopman;mustangsafes;partywinkelnl;schuringnaaimachines;twinx;verhuisdozenloodsnl,craft+job,2,0.284,0.388,0.25,0.265,0.375,0.28,0.5,6,11,1,4,1,2,0,0.333,0.636,1.0,0.5,1.0,0.5,,0,3,17,14,5,11,9,14,4,7,4,5,2,2025,0.357,0.214,0.444,0.571,0.25,0.429,0.5,0.4,0.5,SEO & organische vindbaarheid,Website & webdesign,Internationaal / wereldwijd,Retail & e-commerce (general consumer goods),Website verouderd of nieuw nodig,Webshop consumenten (D2C),Klein / zelfstandig,True
antonkuijntjes,today,original340,1.0,basvangenderen;bepart;ddminternational;degroottechniek;dekockbetonbouw;deplataan;evelinaappel;foodrijk;hofstedemeerkerk;houtenhuizennu;huisartsencoperatiewestbrabant;janvanveen;kaashandeldammers;kempmachines;kievitmakelaardij;markongediertepreventieenbestrijding;nacon;nfo;npc;oranjeverenigingnederhemert;pgsafety;rivierenlandcorporatefinance;skroef;tiboveen;trekkertrekcromvoirt;vandernat;vandersomme;vdbasalarisverwerking;wejarumakelaardij;xeniaeurope;yarnyellow,,0,,0.278,,,,,,,,,,,,,,,,,,,,0,,38,31,,,0,6,0,0,0,0,0,,0.0,0.0,,0.333,,,,,,,"Online marketing, performance & CRO",,,,,,True
ara.nl_390,today,original340,1.1,bosch;dbwork;dehypotheker;grafischlyceumrotterdam;hallmark;hero;kpmg;philipshealthcare;walibi;zwitserleven,,0,1.0,0.333,,1.0,1.0,,,,,,,,,,,,,,,,,0,,20,10,,,1,3,0,1,1,0,0,,0.0,0.0,1.0,0.333,,1.0,1.0,,,Website & CMS,Branding & huisstijl,,Education & childcare,"Meer leads, aanvragen & verkoop",,,False
archanahaarnack,today,original340,1.0,brabantia;essenzahome;woonwinkelhappyhome,craft+channel,2,1.0,0.556,,,,,,,,,,,,,,,,,,,,0,,3,3,,,3,3,0,0,0,0,0,,0.0,0.0,1.0,0.667,,,,,,Social media organisch,Strategie & advies,,,,,,True
artdcom.com_432,today,original340,1.0,ministryforhealth,,0,1.0,1.0,,,,,,,,,,,,,,,,,,,,0,,1,1,,,1,1,0,0,0,0,0,,0.0,0.0,1.0,1.0,,,,,,Offline media & events,Strategie & advies,,,,,,False
tekstueel-communicatie.nl,after,narrower,1.333,bamgemeentewoerdencazaswonen;boonstoppeltruckservice;bouwacademiegroenehart;brasserieenwijnbargenieten;citybeatshuizebijdorp;citymarketingwaddinxveen;duurzaamheidsplatformwaddinxveen;duurzaamzuidplas;ebsbyboonstoppel;epsbyboonstoppel;gemeentegoudaspoorzone;gemeentegoudazuidelijkstationsgebied;gemeentewaddinxveen;gemeentezuidplas;hefraecobat;ondernemersplatformwaddinxveen;parktriangel;sleutelkwartier;sma;smitfunderingstechniek;stichtingzo;tennisenpadelverenigingbefair;tsuytraadmaasland;vba12;verenigingbedrijvenparkdoelwijk;vertelwaddinxveen;vinkontwikkeling;waddinxveenbeweegt;waylandrealestatedehegge;woningcorporatiemozaekwonen;woningcorporatieressortwonen;woonpartnersmiddenholland;wwwwaddinxveenevents,channel+geo,2,0.556,0.184,0.722,0.278,0.333,,1.0,0,1,0,1,1,0,0,,1.0,,1.0,1.0,,,0,17,46,33,5,16,3,7,6,6,3,0,1,2023,0.152,0.0,0.667,0.286,0.833,0.333,0.333,,1.0,Social media organisch,Strategie & advies,Nederlandse stad of plaats,"Construction, real estate & housing",Naamsbekendheid & zichtbaarheid,,Omvang in cijfers,True
vonc.nl,before,narrower,1.222,ctnet;duravermeer;gemeenteheerenveen;gemeentehethogeland;gemeentezwolle;ggdfrysln;groningenspoorzone;life;miedemabouwmaterialen;nationaalparkdealdefeanen;ovbureaugroningendrenthe;provinciegroningen;regiodealzuidoostfriesland;regionaleenergiestrategie;schuttebouwontwikkeling;sinnekinderopvang;waterschapvechtstromen;zorggroepmeander,,0,,0.28,0.5,0.25,,,,,,,,,,,,,,,,,,1,,25,18,,,0,10,2,4,0,0,0,2023,0.0,0.0,,0.4,0.5,0.25,,,,,Strategie & advies,Nederlandse stad of plaats,Education & childcare,,,,True
okapion.com,before,narrower,2.375,aimms;greenwheels;lvnl;qlonline;rwretailsolutions;samskip;tno;ultimo,industry+craft+job+geo,4,,0.333,0.556,0.375,1.0,1.0,1.0,,,,,,,,,,,,,,,0,,17,8,,,0,6,3,4,3,1,1,2024,0.75,0.125,,0.5,0.667,0.5,1.0,1.0,1.0,,UX/UI & interface design,Internationaal / wereldwijd,"Transport, logistics & automotive",Maatwerk software & efficiëntere processen,SaaS & software,Omvang in cijfers,True
billysantegoets,today,original340,1.0,action;blokker;caiway;canal;delta;eenvanons;finallyanagency;gemeentedenhaag;lucidmotors;philips;tvvlaanderen,craft+channel,2,0.375,1.0,0.333,,0.28,1.0,,,,,,,,,,,,,,,,0,,20,11,,,4,11,3,0,5,1,0,,0.0,0.0,0.5,1.0,0.333,,0.4,1.0,,Multi-channel & omnichannel,Campagnes & creatieve concepten,Nederland plus buurlanden,,Naamsbekendheid & zichtbaarheid,Consumentenmarkt offline,,True
blomwouter,today,original340,1.0,burobrand;debruidshoek;florablom;vanderveldenamstelveen,craft,1,,0.556,1.0,,,,,,,,,,,,,,,,,,,0,,5,4,,,0,3,1,0,0,0,0,,0.0,0.0,,0.667,1.0,,,,,,SEO & vindbaarheid,Regionaal (binnen Nederland),,,,,False
bobby-van-der-wijst-902717403,today,original340,1.943,advocatenkantoordebruyn;andcthebrandstudio;dinyvanschepen;foontelecom;fysioconsult;gooischgrut;harriebingo;hdbpartners;heteethuysje;iksmeubelstoffeerderij;innerhouseamsterdam;installatiebedrijfranzijn;itexpertsamsterdam;jacinthavanzwet;kgi;klijsenmakelaars;lauraevers;leukplekjenl;maartenworp;markbakkum;orthodontiemuseumplein;plekvoorteams;primestonedevelopment;scardola;schoolfruitnl;schuurmanskeukens;sellacapitalmanagement;shakekings;thehangout;thuisladen;vaev;wandgrimeurs;wendyvos;wijijncoaching;worpmakelaardij,craft+geo,2,,0.802,1.0,0.153,1.0,,,,,,,,,,,,,,,,,0,,39,35,,,0,9,18,28,1,0,0,,0.0,0.0,,0.889,1.0,0.214,1.0,,,,Website & webdesign,Nederlandse stad of plaats,"Construction, real estate & housing","Merk, huisstijl & verhaal",,,True
bobsimonsnl,today,original340,1.0,dotslashutrecht;forebel;futurizehospitality;gprsoftware;greentech;grootsverzekerd;intersettle;umcnl;vpsleegstandsbeheer;xipr,craft,1,,0.54,,,,,,,,,,,,,,,,,,,,0,,21,10,,,0,10,0,0,0,0,0,,0.0,0.0,,0.7,,,,,,,Branding & huisstijl,,,,,,False
bram-vermolen-05669825,today,original340,2.125,etailizecom;flooringcompany;nr1elektrischestep;nr1elektrischestepnl;vloerenbaas;vloerenbaasnl;watersports4funcom;zonnepanelenservicepuntnl,craft,1,,0.388,1.0,1.0,,,,,,,,,,,,,,,,,,0,,10,8,,,0,7,1,2,0,0,0,,0.0,1.0,,0.571,1.0,1.0,,,,,SEO & vindbaarheid,Heel Nederland (landelijk),"Construction, real estate & housing",,,,True
keenr.nl,before,control,1.0,cursusbureauphov;designa;ecostoof;erasmusacademie;style4walls,,0,1.0,0.333,,,,,,,,,,,,,,,,,,,,0,,5,5,,,1,3,0,0,0,0,0,2024,0.0,0.0,1.0,0.333,,,,,,"SEA, display & overige paid advertising",Employer branding & recruitment,,,,,,False
keenr.nl,after,control,1.0,creativelabamsterdam;kpn;mozartkliniek,craft,1,,0.556,,,,,,0,3,0,0,0,0,0,,0.667,,,,,,0,0,3,3,5,3,0,3,0,0,0,0,0,2024,0.0,0.0,,0.667,,,,,,,Website & webdesign,,,,,,False
maibru.com,after,control,3.0,foundedinfriesland;gemeentesdwestfrysln;hcscompany;merem;mirato;ontmoetelza;pharosadvocaten;sigbar;skulpt;skulptfitness,craft+job+channel+stage+geo,5,1.0,1.0,0.51,0.26,0.506,1.0,0.625,0,0,0,0,0,0,0,,,,,,,,0,10,18,10,2,0,5,9,7,10,9,1,4,2024,0.9,0.1,1.0,1.0,0.571,0.4,0.667,1.0,0.75,Website & CMS,Branding & huisstijl,Nederlandse stad of plaats,Healthcare & care,"Merk, huisstijl & verhaal","Overheid, zorg & onderwijs",Startup / jong / groeiend,False
yummygum.com,before,narrower,1.714,bizy;employes;fyngo;instantly;martingarrix;spiderstrategies;watermelon,,0,,0.306,1.0,0.333,1.0,0.5,,,,,,,,,,,,,,,,0,,7,7,,,0,7,1,3,1,2,0,2023,0.0,0.0,,0.429,1.0,0.333,1.0,0.5,,,Branding & huisstijl,Europa,"Media, culture & entertainment","Merk, huisstijl & verhaal",Gemengd,,False
houseofsocialmedia.nl,before,narrower,1.0,cluse,,0,1.0,1.0,,,,,,,,,,,,,,,,,,,,0,,1,1,,,1,1,0,0,0,0,0,2020,0.0,0.0,1.0,1.0,,,,,,Social media organisch,Social media content & beheer,,,,,,False
houseofsocialmedia.nl,after,narrower,1.0,canon;mars;raadvanstate;rtlz,channel,1,1.0,0.333,,,1.0,,,4,3,0,0,1,0,0,1.0,0.333,,,1.0,,,0,0,4,4,1,4,4,3,0,0,1,0,0,2020,0.0,0.0,1.0,0.333,,,1.0,,,Social media organisch,"Online marketing, performance & CRO",,,Personeel werven & werkgeversmerk,,,False
vormdestad.nl,today,narrower,1.091,100weeks;boonmagazine;centrumvoorjeugdengezin;gemeenteamersfoort;gemeenteamsterdam;ggdamsterdampartners;medifex;omgevingsdienstnoordzeekanaalgebied;provincieutrecht;waterschapamstelgooienvecht;zuiverekoffie,craft,1,,0.556,,1.0,,,,,,,,,,,,,,,,,,0,,28,11,,,0,3,0,1,0,0,0,2025,0.0,0.0,,0.667,,1.0,,,,,Branding & huisstijl,,Healthcare & care,,,,False
wadm.nl,today,narrower,1.5,aako;allianceautomotive;aroundrotterdam;cc7;ctac;cubecold;dct;excelsior;facetaccountants;fsrfcp;ifsultimo;keller;linkit;medigo;nautus;oceanco;partspoint;pecodouwes;pxl;rmc;softhouse;unica;vanbeest;yune,,0,,0.272,,0.18,,,1.0,,,,,,,,,,,,,,,0,,30,24,,,0,18,0,10,0,0,1,2024,0.0,0.0,,0.444,,0.3,,,1.0,,Branding & huisstijl,,"Transport, logistics & automotive",,,Groot / corporate / marktleider,False
webcrafter.nl,today,narrower,1.0,babsbonebroth;carecheck;nutribites;omega3innovations;skogen;walden,,0,1.0,0.5,,,,,,,,,,,,,,,,,,,,0,,7,6,,,2,2,0,0,0,0,0,2025,0.0,0.0,1.0,0.5,,,,,,SEO & organische vindbaarheid,Website & webdesign,,,,,,False
webelephant.nl,today,narrower,2.25,hobohifi;skiwebshop;tandwinkel;verbuntverlinden,craft,1,0.5,0.375,0.5,0.333,1.0,1.0,1.0,,,,,,,,,,,,,,,0,,11,4,,,2,4,2,3,1,1,1,2020,0.25,0.25,0.5,0.5,0.5,0.333,1.0,1.0,1.0,Multi-channel & omnichannel,Webshop & e-commerce,Heel Nederland (landelijk),"Food, beverage & agriculture",Naamsbekendheid & zichtbaarheid,Gemengd,Groot / corporate / marktleider,False
makemarketingmagic.com,after,narrower,2.333,1uurnu;2source4;appalti;dekoningvergouwenadvocaten;firm24;funke;iwell;microsoft;optimadata;psyned;roadmap;ruigroknetpanel;teampeak;ultimo;veritoinformatisering,industry+stage+geo,3,0.25,0.194,0.556,0.551,0.306,1.0,0.556,6,8,2,4,4,2,2,0.333,0.25,0.5,0.75,0.25,1.0,0.5,0,5,30,15,10,10,8,12,3,7,7,2,3,2024,0.467,0.4,0.375,0.333,0.667,0.714,0.429,1.0,0.667,Social media organisch,Strategie & advies,Internationaal / wereldwijd,"Software, IT & telecom",Naamsbekendheid & zichtbaarheid,Zakelijke afnemers (B2B),Omvang in cijfers,False
dwzo.nl,today,narrower,1.0,alonzi;archipelscholen;autoschadeteam;awnnederlandsearcheologieverenigingafdelingzeelandenwestbrabant;christenunieschouwenduiveland;citymarketingterneuzen;covra;deijsmankyssijs;dethon;elopak;euresscheldemond;evaregelt;gemeentereimerswaal;gemeentereimerswaalafdelinggemeentewerken;gemeenteschouwenduiveland;gemeenteterneuzen;ggzwnb;hydrauvision;kant;politiezeelandwestbrabant;provinciezeeland;provinciezeelandtractaatweg;respontscholengroep;scaldaprojectmit2030;smartdeltaresources;stadterneuzen;syndus;telecomsecurityzeeland;tonetime;tractaatweg;tragelzorg;uwveures;vvvzeeland;woongoedzeeuwsvlaanderen;zbplanbureauzeeland;zorggroepterweel;zorgstroom,,0,,0.197,,,,,,,,,,,,,,,,,,,,4,,45,37,,,0,34,0,0,0,0,0,2020,0.0,0.0,,0.324,,,,,,,"Grafisch ontwerp, drukwerk & print",,,,,,False
eigenz.nl,today,narrower,1.333,bronckhorst;gemeentedeventer;nationalepolitie,,0,,1.0,,,1.0,,,,,,,,,,,,,,,,,3,,8,3,,,0,2,0,0,1,0,0,2022,0.333,0.0,,1.0,,,1.0,,,,"Video, animatie & fotografie",,,Bewustwording & gedragsverandering,,,True
elevendigital.nl,today,narrower,1.855,42workspace;aircruisecollection;anywhere365;attentives;blauwhoed;boekvoormannen;burgernet;captains;code;collectioneursnl;crlia;cygnus;deburgemeesters;decoulissen;deltafibernederland;demarketingninja;designup;dezakelijkewebsite;dotbusiness;eastnomads;edendistrict;eelcosmit;eimerseiland;ekomenu;energyfloors;gerrardstreet;glazendouchedeurennl;heilijgers;interhome;internetapplications;inwork;jackbean;jobboostio;jobpromo;kameryck;kruiswijk;marketingguys;masccompany;mijnhoutenjaloezieennl;mijnraamdecoratienl;mogelijk;mogelijkvastgoedfinanciering;museumdepotshopnl;nextbuzz;ortec;pointofview;reclamebureau390;smaakschiedam;stackrotterdam;trustenl;vindability;vivaranl;webleaders;wijzeroverdebassischoolnl;zantman,craft,1,,0.375,,0.188,,,,,,,,,,,,,,,,,,0,,56,55,,,0,4,0,38,0,0,0,2024,0.0,0.0,,0.5,,0.316,,,,,Online adverteren (paid ads),,"Construction, real estate & housing",,,,False
flink.nl,today,narrower,1.222,amsta;arbeidsmarktfondsfcb;barkeuropa;eervolharding;europeanlotteries;eventsnl;fcb;goudappel;hanab;hendrickdekeysermonumenten;houseoftalents;madurodam;mijnwebwinkel;planbureauvoordeleefomgeving;prowareness;snp;staedion;thehaguepartners,craft,1,,0.355,,0.333,,,,,,,,,,,,,,,,,,29,,52,18,,,0,11,0,3,0,0,0,2024,0.0,0.0,,0.545,,0.333,,,,,Website & webdesign,,Government & public sector,,,,False
freshheads.com,today,narrower,1.158,achmea;actiefwerkt;akwaggz;appjection;becxverhuur;centraalbeheer;cocoroco;energiek;haskoning;ofed;quiet;quista;roancampingholidays;serviceapotheek;skilz;standbythuiszorg;stichtingquiet;tbi;youngones,craft,1,,0.578,0.5,,,,1.0,,,,,,,,,,,,,,,0,,23,19,,,0,16,2,0,0,0,1,2025,0.0,0.158,,0.75,0.5,,,,1.0,,Apps & maatwerk platforms,Regionaal (binnen Nederland),,,,Omvang in cijfers,True
vonc.nl,after,narrower,0.96,ctnet;defryskemarren;duravermeer;gemeentedefryskemarren;gemeenteheerenveen;gemeentehethogeland;gemeentepekela;gemeentezwolle;ggdfrysln;groningenspoorzone;life;miedemabouwmaterialen;nijestee;personeelhuurders;provinciefrysln;provinciegroningen;rdw;reales;regiodealzuidoostfriesland;regionaleenergiestrategie;schuttebouwontwikkeling;sinnekinderopvang;vanideenaarbladnaardeurmat;waterschapvechtstromen;zorggroepmeander,,0,,0.415,,,,,,0,9,0,0,0,0,0,,0.556,,,,,,1,16,40,25,2,9,0,21,0,0,0,0,0,2023,0.0,0.0,,0.476,,,,,,,Strategie & advies,,,,,,False
vormdestad.nl,before,narrower,1.0,100weeks;boonmagazine;bouwexpo;centrumvoorjeugdengezin;deopenbarebibliotheekamsterdam;fietsparkeren;gemeenteamsterdam;hopmagazine;kookboekamsterdamzuidoost;moraalmeesters;omgevingsdienstnoordzeekanaalgebied;openbarebibliotheekamsterdam;opwegnaarutrecht;participatiegemeenteamsterdam;provincieutrecht;vrijheidopdedam,craft,1,,0.455,,,,,,,,,,,,,,,,,,,,0,,25,16,,,0,11,0,0,0,0,0,2025,0.0,0.0,,0.636,,,,,,,Branding & huisstijl,,,,,,False
upside.nl,before,narrower,2.154,charcodique;eerstehulpbenjij;info;kinwell;lifely;nexler;remails;rtrn;stonecycling;theministryofcompliance;umon;veiligheidsregiogroningen;wolterinck,craft+job+geo,3,1.0,1.0,1.0,0.21,0.375,0.5,,,,,,,,,,,,,,,,5,,31,13,,,2,11,3,9,4,2,0,2024,0.231,0.154,1.0,1.0,1.0,0.333,0.5,0.5,,SEO & organische vindbaarheid,Website & webdesign,Regionaal (binnen Nederland),"Software, IT & telecom",Website verouderd of nieuw nodig,Webshop consumenten (D2C),,True
npncommunicatie.nl,before,narrower,1.333,neocare;sanofi;tramedico,,0,,,,1.0,,,,,,,,,,,,,,,,,,0,,3,3,,,0,0,0,1,0,0,0,2024,0.0,0.0,,,,1.0,,,,,,,Healthcare & care,,,,False
npncommunicatie.nl,after,narrower,1.0,gpssystems,,0,,,,,,,,0,0,0,0,0,0,0,,,,,,,,0,0,1,1,3,1,0,0,0,0,0,0,0,2024,0.0,0.0,,,,,,,,,,,,,,,False
rik.marketing,before,control,3.5,christenenvoorisral;hourofpower;isralproductencentrum;nederlandsdagblad,job+channel,2,0.556,0.25,,1.0,0.375,,,,,,,,,,,,,,,,,0,,4,4,,,3,4,0,1,4,0,0,2023,1.0,1.0,0.667,0.25,,1.0,0.5,,,"SEA, display & overige paid advertising",Campagnes & creatieve concepten,,"Media, culture & entertainment","Meer leads, aanvragen & verkoop",,,False
lvb.nl,after,control,1.0,abeos;dekindertelefoon;financialfocus;hotelcasa;mboamersfoort;philadelphia;royaalapeldoorn;skillslab;techgags;topicus;wehkamp,,0,1.0,0.219,,,,,,1,4,0,0,0,0,0,1.0,0.5,,,,,,57,7,76,11,5,4,2,8,0,0,0,0,0,2022,0.0,0.0,1.0,0.25,,,,,,Social media organisch,Social media content & beheer,,,,,,True
bente-van-de-plassche,today,original340,1.0,etos;tmofashionbusinessschool;yourneon,,0,1.0,0.333,,,,,,,,,,,,,,,,,,,,0,,3,3,,,1,3,0,0,0,0,0,,0.0,0.0,1.0,0.333,,,,,,"SEA, display & overige paid advertising",Online adverteren (paid ads),,,,,,False
benvanluttikhuizen,today,original340,1.667,bruko;drieklompmagazine;libraenergy,,0,0.333,0.333,,,,,,,,,,,,,,,,,,,,0,,3,3,,,3,3,0,0,0,0,0,,0.0,0.667,0.333,0.333,,,,,,"SEA, display & overige paid advertising",Online adverteren (paid ads),,,,,,True
bertjanvanrein,today,original340,2.0,rgotools,,0,1.0,1.0,,1.0,1.0,,,,,,,,,,,,,,,,,0,,2,1,,,1,1,0,1,1,0,0,,0.0,0.0,1.0,1.0,,1.0,1.0,,,"E-mail, CRM & marketing automation","E-mailmarketing, automation & funnels",,Retail & e-commerce (general consumer goods),Maatwerk software & efficiëntere processen,,,False
bertwisniewski,today,original340,1.429,bpdgebiedsontwikkeling;covebo;deloitte;groningen;houseofcovebo;legerdesheils;texels,job,1,,0.28,0.5,0.5,0.68,,,,,,,,,,,,,,,,,0,,12,7,,,0,5,2,2,5,0,0,,0.0,0.0,,0.4,0.5,0.5,0.8,,,,Branding & huisstijl,Regionaal (binnen Nederland),Healthcare & care,"Merk, huisstijl & verhaal",,,True
biancaroelandschap,today,original340,1.0,achmea,,0,,1.0,,,,,,,,,,,,,,,,,,,,0,,1,1,,,0,1,0,0,0,0,0,,0.0,0.0,,1.0,,,,,,,Strategie & advies,,,,,,False
accentinteractive.nl,today,narrower,1.55,aviapartner;diverseecommercepartijen;dochorse;drvanderhoog;gemeentemaashorst;groenehartscholen;invitaarbo;kidsrights;lumeco;marlieenfelice;marliefelice;ntrnpo3;outletkantoormeubels;schooltv;stichtingvolant;tanitaeurope;verfboetiek;vitaminesperpost;vmdkoster;vpro,channel,1,0.802,0.296,,0.273,0.5,,,,,,,,,,,,,,,,,0,,29,20,,,9,19,0,11,2,0,0,2025,0.0,0.05,0.889,0.421,,0.455,0.5,,,Webshop & e-commerceplatform,Webshop & e-commerce,,Retail & e-commerce (general consumer goods),Personeel werven & werkgeversmerk,,,True
astrolads.com,today,narrower,1.533,aantafel;bobkob;bouwverhalen;dealenmetdedood;endogirlies;liveabove;natuurlijkdeelmobiliteit;nederlandseschoolvooropenbaarbestuur;nklnederland;normalemensenbestaanniet;raadvoordeleefomgevingeninfrastructuur;rathenauinstituut;stichtingnadeoorlog;uitdeschool;verenigingelektrischerijders,craft+channel,2,1.0,1.0,1.0,0.188,,,,,,,,,,,,,,,,,,0,,24,15,,,7,7,2,8,0,0,0,2024,0.0,0.0,1.0,1.0,1.0,0.25,,,,"Content, video & PR","Video, animatie & fotografie",Heel Nederland (landelijk),Education & childcare,,,,True
barneymedia.nl,today,narrower,1.0,arcelormittalconstruction;hbnergiessen;heilig;intercabletools;johanneshbnergiessen;lantor;niverplast;sensorpartners;wemo;yonglieurope,craft+model,2,1.0,0.625,1.0,,,1.0,,,,,,,,,,,,,,,,0,,11,10,,,2,4,1,0,0,3,0,2021,0.0,0.0,1.0,0.75,1.0,,,1.0,,Multi-channel & omnichannel,"Online marketing, performance & CRO",Internationaal / wereldwijd,,,Zakelijke afnemers (B2B),,True
bbld.nl,today,narrower,1.75,crow;stichtingsamenwerkendepoisnederland;vaess;ziekenhuisstjansdal,craft,1,,1.0,,0.5,1.0,,,,,,,,,,,,,,,,,1,,6,4,,,0,4,0,2,1,0,0,2023,0.25,0.0,,1.0,,0.5,1.0,,,,Branding & huisstijl,,Healthcare & care,"Merk, huisstijl & verhaal",,,False
begradient.com,today,narrower,1.625,aelio;bamukireland;channable;hallo;hostnet;lismanforklifts;loyalis;theemployment,craft+job+channel,3,0.625,0.375,1.0,,0.388,,,,,,,,,,,,,,,,,7,,16,8,,,4,4,1,0,7,0,0,2023,0.0,0.625,0.75,0.5,1.0,,0.571,,,"E-mail, CRM & marketing automation","E-mailmarketing, automation & funnels",Specifiek buitenland,,Maatwerk software & efficiëntere processen,,,False
natwerk.nl,after,control,1.067,artis;asa;bitonic;caiway;crocs;dirkvandenbroek;febo;foxit;guidinc;mauritshuis;nationalevacaturebank;tikkie;vedett;younited;zilverenkruis,,0,,0.2,1.0,1.0,1.0,,,0,2,1,0,0,0,0,,0.5,1.0,,,,,0,7,15,15,10,8,0,5,2,1,1,0,0,2023,0.0,0.0,,0.2,1.0,1.0,1.0,,,,Strategie & advies,Nederlandse stad of plaats,"Media, culture & entertainment","Meer leads, aanvragen & verkoop",,,False
nedfinity.com,before,narrower,1.933,ambulanceijsselland;avogel;countus;ffwd;ggdnoordoostgelderland;neolac;nijlaircraftdocking;omnilabel;powned;slippersnl;sport050;totaalbed;wagenplan;wateronthardercom;williamscocktails,channel,1,0.375,0.339,0.36,0.112,0.5,1.0,0.333,,,,,,,,,,,,,,,0,,15,15,,,8,11,5,14,2,1,3,2023,0.0,0.0,0.5,0.364,0.4,0.143,0.5,1.0,0.333,Webshop & e-commerceplatform,Webshop & e-commerce,Regionaal (binnen Nederland),Manufacturing & industrial,Webshop & online verkoop,Zakelijke afnemers (B2B),Omvang in cijfers,True
huiscommunicatie.nl,after,narrower,1.412,alfrinkcollege;almeersescholen;askoscholen;buitenhoutcollege;buitenplaatsnassaupark;cbsdeark;daltonschooldebranding;debranding;deeinsteinschool;drjpheijeschool;expertisepuntlob;federatieopenbaaronderwijs;flevowijs;floreer;gemeenteamstelveen;goflowtechnology;ijwegschool;ikcdeark;ikcdelente;ikchetkristal;ikcwaterrijk;isendoorncollege;julianavanstolbergschool;katholiekebasisschooldeelzenhoek;kiesjeschoolinalmere;kindcentrumdevindplaats;kindcentrumo3;kindcentrumvroondaal;kindercampusmokum;klavertjevier;kopklasamsterdam;leidseschoolbesturen;levwn;maxxonderwijs;meerprimair;onderwijsgroepamstelland;onderwijsgroepoostbrabant;onderwijsstichtingdepeel;oosterlichtcollege;oosterlichtcollegenieuwegein;oosterlichtcollegevianen;opleidingsschooldedam;poraad;rgomiddelharnis;rijnlandslyceum;rijnlandslyceumsassenheim;scalacollege;scholengroepdelangstraat;scholengroepleonardodavinci;scodelft;stanislascollege;stichtingkopwerk;stichtingkopwerkschooltij;stichtingpcpocapellekrimpen;stichtingpeuterspeelzalenleiden;stichtingschoollelystad;stichtingzonova;svwam;swvam;talentprimair;tendercollege;trinitasgymnasium;versluisgroep;vvob;walewycmavo;wedenhertogschool;wereldkidz;werkplaatskindergemeenschap,industry+stage+geo,3,0.319,0.135,0.885,0.792,0.256,,0.5,7,41,39,12,8,0,4,0.571,0.293,0.923,0.917,0.5,,1.0,1,0,112,68,0,68,12,48,49,17,11,0,6,2020,0.103,0.044,0.417,0.229,0.939,0.882,0.364,,0.667,Offline media & events,"Grafisch ontwerp, drukwerk & print",Nederlandse stad of plaats,Education & childcare,"Leden, leerlingen & donateurs werven",,Omvang in cijfers,False
ilerimedia.nl,before,control,1.0,arkvannoach;atasnederland;nederlandseedelmetaalhandel;shopotheek,craft+channel,2,0.556,0.625,,,,,,,,,,,,,,,,,,,,0,,4,4,,,3,4,0,0,0,0,0,2020,0.0,0.0,0.667,0.75,,,,,,SEO & organische vindbaarheid,Website & webdesign,,,,,,False
helloitsme.online,after,control,3.0,cottondistrict;febo;unit4bedrijfssoftware,channel,1,1.0,0.333,,0.5,0.5,,1.0,1,1,0,0,0,0,0,1.0,1.0,,,,,,0,2,5,3,5,1,3,3,0,2,2,0,1,2020,0.667,0.667,1.0,0.333,,0.5,0.5,,1.0,"SEA, display & overige paid advertising",Campagnes & creatieve concepten,,"Fashion, beauty & personal goods",Advertenties & campagnes renderen niet,,Omvang in cijfers,False
sigmasolutions.nl,after,narrower,1.478,airportparkingnl;alkhamodes;art1nhn;beacheventcom;blijdesteijn;cafenoir;cbmprinting;chiquefashion;dehoogewaerder;delacruz;eethuismer;eriks;fastcardsnl;fifty8;friederichs;gerrutcamaro;girlsboys;groenmeesters;handicaretrapliften;hapjesaanhuis;helpid4kids;hetlangedijkerbed;intratuingroenprojecten;liefleukeneigennl;mijnzuidafrika;ontwikkelingsbedrijfnoordhollandnoord;oolegal;panisanitair;parfumerielabrune;patchmanager;purehaircareconcepts;qkachelsnl;rentadriver;ruitershopsuperstore;siliakuscom;smooff;televakcenters;tobesharednl;triumphmotorcyclesbenelux;triumphmotorsthomas;trodatbenelux;tsjipgeboortekaartjesnl;tuufsworld;youbegreen;youngart;zelfkaartjesnl,,0,0.28,0.33,0.256,0.198,1.0,0.5,,5,38,11,22,1,2,0,0.4,0.447,0.273,0.318,1.0,0.5,,0,0,46,46,0,46,5,38,11,22,1,2,0,2010,0.0,0.0,0.4,0.447,0.273,0.318,1.0,0.5,,Website & CMS,Website & webdesign,Specifiek buitenland,"Fashion, beauty & personal goods",Website verouderd of nieuw nodig,Webshop consumenten (D2C),,False
smaac.nl,before,narrower,3.333,danone;elvedes;frommars,,0,1.0,0.333,1.0,0.5,1.0,1.0,,,,,,,,,,,,,,,,0,,3,3,,,1,3,1,2,1,1,0,2023,1.0,0.333,1.0,0.333,1.0,0.5,1.0,1.0,,Website & CMS,Website & webdesign,Internationaal / wereldwijd,"Food, beverage & agriculture","Merk, huisstijl & verhaal",Zakelijke afnemers (B2B),,False
amandapolling,today,original340,1.0,deduinpan;interplanprojecten;jongerotten;life4hsp;loravie;mbidesteenmeesters;nieuwenhuisbuitenleven;osborneclarke;terschelling,,0,,,,,,,,,,,,,,,,,,,,,,0,,9,9,,,0,0,0,0,0,0,0,,0.0,0.0,,,,,,,,,,,,,,,True
ancovangeffen,today,original340,1.222,aedprofessionals;feddevertaalt;haevn;highimpactcoaching;mdp;movida;poviskassasystemen;technowacht;vanliercatering,job,1,0.28,0.222,1.0,,0.375,,,,,,,,,,,,,,,,,0,,14,9,,,5,6,1,0,4,0,0,,0.0,0.222,0.4,0.333,1.0,,0.5,,,SEO & organische vindbaarheid,Strategie & advies,Heel Nederland (landelijk),,"Meer leads, aanvragen & verkoop",,,True
annikarettig,today,original340,1.1,balanstri;cavalor;doderm;florispharma;grandprixsales;grasdrogerijhartog;kwpn;ldhoefverzorgingcentrumvoorhoefgezondheid;mphorses;thehorsupcompany,,0,0.25,0.14,0.5,,,,,,,,,,,,,,,,,,,4,,16,10,,,4,10,2,0,0,0,0,,0.0,0.0,0.25,0.2,0.5,,,,,Social media organisch,Social media content & beheer,Nederland plus buurlanden,,,,,True
anoir-bensalah-5a4a9477,today,original340,1.0,casaron;coteso;crowncasa;estesonic;europarfums;facetasticclinic;houseoffootwear;houseofstreetwear;merrachi;natuursteentafels;nounagency;rdshowcaseproductnature;reformdao;theluxurydoctor;thrivv;trinna;veloiregallery;verhuisservice24,,0,,0.179,,,,,,,,,,,,,,,,,,,,0,,28,18,,,0,18,0,0,0,0,0,,0.0,0.0,,0.222,,,,,,,Branding & huisstijl,,,,,,False
anthonyprokos,today,original340,1.083,action;alphatronmedical;bissell;brederbv;deevenaar;dokteronline;elysion;garnier;gpelite;kernbouw;kimberlyclark;krastase;larocheposay;loralparis;nespresso;pingproperties;porsche;tamoil;thehakokosbrood;vanquishyachts;vichy;wajer;wilgenhaege;yamaha,craft,1,,0.375,,0.5,,,,,,,,,,,,,,,,,,0,,42,24,,,0,4,0,2,0,0,0,,0.0,0.0,,0.5,,0.5,,,,,Branding & huisstijl,,Manufacturing & industrial,,,,False
digitaaldoen.nl,today,narrower,1.333,antipestcontrol;copywritingvoorondernemers;kotatsu,,0,1.0,1.0,,,,,,,,,,,,,,,,,,,,12,,18,3,,,1,1,0,0,0,0,0,2023,0.0,0.333,1.0,1.0,,,,,,"Branding, campagne & activatie",Campagnes & creatieve concepten,,,,,,False
digitalnatives.nl,today,narrower,1.556,amsterdamsmartcity;artezuniversityofthearts;digitaaltheater;europeanassociationofurology;gladwellacademy;hetnederlandsfilmfonds;hogeschoolderkunstendenhaag;hotelschoolthehague;joodscultureelkwartier;lawyerlinq;medpeers;npocultuurmasterclass;regiobank;stimuleringsfonds;thejuly;voordekunst;vriendvandeshow;wearepublic,craft+stage,2,0.5,0.358,0.306,0.28,,,0.625,,,,,,,,,,,,,,,0,,22,18,,,2,18,7,5,0,0,4,2020,0.0,0.278,0.5,0.556,0.429,0.4,,,0.75,Apps & custom platforms,Apps & maatwerk platforms,Heel Nederland (landelijk),Business & professional services,,,Omvang in cijfers,True
doelgroepbereikt.nl,today,narrower,1.0,basroering;dennisdewilde;hooikammer;maaikepraamstra;rienekedehaan;samjellegentner;stephaniedegoeijen,craft+channel,2,0.625,0.44,,,1.0,,,,,,,,,,,,,,,,,0,,7,7,,,4,5,0,0,1,0,0,2022,0.0,0.0,0.75,0.6,,,1.0,,,Social media organisch,Social media content & beheer,,,Beter vindbaar in Google,,,True
driebit.nl,today,narrower,1.0,atlasofmutualheritage;canonvannederland;collectiegelderland;designacademyeindhoven;joodsmonument;kenniscloud;nederlandsopenluchtmuseum;nieuwsbegrip;openresearchamsterdam,craft+geo,2,,0.375,0.556,,,,,,,,,,,,,,,,,,,0,,12,9,,,0,4,3,0,0,0,0,2020,0.0,0.0,,0.5,0.667,,,,,,Website & webdesign,Nederlandse stad of plaats,,,,,True
nofie.nl,before,control,1.025,abeelenbouwnl;addstringcom;administratiekantoorinbalans;alex;arganian;bagelsvillage;blinktfacilities;bonnklusdakonderhoud;bouguitetransport;bouwonderhoud;bozyelstukadoorsbedrijf;brandned;brasserieoostpleinnl;brosecurityenservices;byelena;carunion;centraalpromotiepunt;chickenvegancorner;cisstransportlogistics;cityhoesjenl;coloursschildersbedrijf;desalesadviseur;desieradenconcurrent;directwerkzorg;djtdejuistetoon;equusmo;essencehealinggouda;eunaturalstones;findyourtrainer;flexdriveautoverhuur;florinsdelicatesse;geriatandyoungpeople;glowmax;goudsetaxicentrale;goudsevis;gsmplus;hamberzorg;headspacestation;hetzwembadnl;hicham;hoogeveenenautosnl;ilonaevers;jouwautoinkopernl;kindouderleerlingbegeleiding;lavidaparfum;makaashandel;makeupbyou;milouda;mobilefashioncity;mobino;mondhyginistedongen;mounia;nllogistics;pomeraniandroom;ppfashion;ramoud;redouan;rijschoolmodulesslagenmaar;rijschoolwowa;rjbvservices;sandraschoonhagen;sipass;soccerlifestyleacademy;solutionlabnl;sportenbuitendelijnennl;staffmore;staffsupply;stichtingzwembadmidwoud;studentenstad;sweetsmarket;tatjanasbeautysalon;tebar;tom;toptafels;uitzendbureaublits;virgil;voedingscoachjg;xlearning;ydrinstallatietechnieknl,craft,1,1.0,0.429,,0.5,1.0,1.0,,,,,,,,,,,,,,,,0,,79,79,,,2,7,0,2,1,1,0,2025,0.0,0.0,1.0,0.571,,0.5,1.0,1.0,,Website & CMS,Website & webdesign,,"Staffing, recruitment & HR",Naamsbekendheid & zichtbaarheid,Webshop consumenten (D2C),,False
leadi.nl,before,narrower,2.6,certoprojectstoffering;corksol;forp;planeka;shadowart,craft,1,0.36,0.44,,0.5,1.0,,1.0,,,,,,,,,,,,,,,1,,12,5,,,5,5,0,2,2,0,1,2023,0.4,0.8,0.4,0.6,,0.5,1.0,,1.0,SEO & organische vindbaarheid,Online adverteren (paid ads),,"Staffing, recruitment & HR","Meer leads, aanvragen & verkoop",,Startup / jong / groeiend,True
geurtsniek,today,original340,1.0,bavaria;cltmetalservice;dinnissenprocesstechnology;dynamiekscholengroep;energiq;frankortkoning;gemeentehorstaandemaas;gildeopleidingen;jumbophicoop;komzorgendan;limgroup;regioplus;tgasthos;verhaag,,0,,0.174,,,1.0,,,,,,,,,,,,,,,,,0,,16,14,,,0,11,0,0,1,0,0,,0.0,0.0,,0.273,,,1.0,,,,Campagnes & creatieve concepten,,,"Merk, huisstijl & verhaal",,,True
gijsmoonen,today,original340,1.0,airbnb;eurostar;netflix;porsche;snapchat,,0,,,,,,,,,,,,,,,,,,,,,,0,,5,5,,,0,0,0,0,0,0,0,,0.0,0.0,,,,,,,,,,,,,,,True
hansboersma,today,original340,1.588,bunzlfoodservice;dewijnschuur;digitalcustomercare;fireservicerota;floorstyling;houthal15;houthandeldronten;juizs;kwekkeboom;mikasasports;mostdekens;motosinghelbrecht;rentnetcomputerverhuur;seapalace;sociaict;stoerhouthetgooi;womanizer,job+channel+model,3,0.57,0.26,0.5,0.5,0.625,0.52,,,,,,,,,,,,,,,,0,,40,17,,,11,17,2,2,4,5,0,,0.059,0.412,0.727,0.412,0.5,0.5,0.75,0.6,,SEO & organische vindbaarheid,Website & webdesign,Specifiek buitenland,"Software, IT & telecom",Beter vindbaar in Google,Webshop consumenten (D2C),,False
hansbuis,today,original340,1.0,amsteldental;beefoundation;drmelius;jannedevette;minc;ninacare;weneedit,channel,1,1.0,0.333,,,,,,,,,,,,,,,,,,,,7,,19,7,,,4,3,0,0,0,0,0,,0.0,0.0,1.0,0.333,,,,,,SEO & organische vindbaarheid,Content & copywriting,,,,,,True
mensch-amsterdam.com,before,narrower,1.0,bigbazar;bnpparibasobam;denationaleombudsman;editienl;ncc;pelsrijcken;prinsesbeatrixspierfonds;seedvalley,,0,,,,,,,,,,,,,,,,,,,,,,0,,8,8,,,0,0,0,0,0,0,0,2018,0.0,0.0,,,,,,,,,,,,,,,False
mensch-amsterdam.com,after,narrower,1.0,artis;bigbazar;denationaleombudsman;ecn;editienl;fwg;ggzdelfland;ltp;ncc;nep;nysingh;oxfamnovib;parknow;pelsrijcken;prinsbernhardcultuurfonds;progressionalpeople;regioplus;seedvalley;verus,,0,,1.0,,,,,,0,1,0,0,0,0,0,,1.0,,,,,,1,6,20,19,2,13,0,1,0,0,0,0,0,2018,0.0,0.0,,1.0,,,,,,,Campagnes & creatieve concepten,,,,,,False
metmotion.nl,before,control,2.235,antea;buckaroo;cycling4climate;dancecyborg;dewaard;dhlexpress;experiencedata;livera;marisprojects;spelenderwijsutrecht;sportlife;tecnoteam;tkiurbanenergy;umc;venco;volksgezondheidutrecht;yanmar,craft+channel,2,0.375,0.359,0.265,0.16,0.183,0.5,1.0,,,,,,,,,,,,,,,7,,31,17,,,4,16,7,9,13,2,1,2023,0.529,0.176,0.5,0.562,0.286,0.222,0.308,0.5,1.0,Multi-channel & omnichannel,"Video, animatie & fotografie",Nederland plus buurlanden,"Energy, utilities & environment",Content & creatieve productie,Gemengd,Groot / corporate / marktleider,True
lesupermarche.nl,before,control,1.0,bmw;marathonrotterdam;nudeal;osb;unievanwaterschappen;urbanarrow,craft,1,,0.722,,,,,,,,,,,,,,,,,,,,0,,6,6,,,0,6,0,0,0,0,0,2024,0.0,0.0,,0.833,,,,,,,"Grafisch ontwerp, drukwerk & print",,,,,,False
vdveer.nl,before,control,1.333,cercocaff;fitpiggy;stonedamsterdam,craft,1,0.5,0.556,,1.0,,1.0,,,,,,,,,,,,,,,,0,,6,3,,,2,3,0,1,0,2,0,2025,0.0,0.0,0.5,0.667,,1.0,,1.0,,Webshop & e-commerceplatform,Branding & huisstijl,,"Food, beverage & agriculture",,Webshop consumenten (D2C),,False
jairo-bisschop,today,original340,2.0,zomerspectakel,,0,,,,,,,,,,,,,,,,,,,,,,8,,11,1,,,0,0,0,0,0,0,0,,0.0,1.0,,,,,,,,,,,,,,,False
jarik-oosting,today,original340,1.273,arlafoods;autocircuit;cannacabana;goedkoopisolatiemateriaalnl;goudonline;goudonlinenl;homediq;ilovespeelgoednl;kurk24;loodsxl;monkeydonky;payt;peterprint;renson;simplicate;soundimports;springcastfm;supspace;thealphamen;vkameducation;wefact;yezzer,craft+job+model+geo,4,1.0,0.391,0.355,0.2,0.66,0.488,1.0,,,,,,,,,,,,,,,0,,44,22,,,1,19,11,5,10,11,1,,0.0,0.045,1.0,0.526,0.545,0.2,0.8,0.636,1.0,Webshop & e-commerceplatform,SEO & vindbaarheid,Nederland plus buurlanden,Education & childcare,Beter vindbaar in Google,Webshop consumenten (D2C),Omvang in cijfers,True
jasper-roks-b4819b15,today,original340,1.429,bouncebee;cappac;masterminds;ngarchitecten;nieuwegeneratiearchitecten;outofofficeteamtraining;spectrumvisie,craft,1,,0.556,1.0,1.0,1.0,,,,,,,,,,,,,,,,,0,,9,7,,,0,3,1,1,1,0,0,,0.143,0.0,,0.667,1.0,1.0,1.0,,,,Strategie & advies,Europa,"Software, IT & telecom","Merk, huisstijl & verhaal",,,True
jeanhouben,today,original340,2.0,etex;ietkliniek;nederlandsedatabankgezelschapsdieren;overgewichtnederland,channel,1,0.556,0.5,1.0,0.5,,,,,,,,,,,,,,,,,,1,,11,4,,,3,2,1,2,0,0,0,,0.0,0.5,0.667,0.5,1.0,0.5,,,,Social media organisch,Website & webdesign,Nederlandse stad of plaats,Healthcare & care,,,,True
jefderoode,today,original340,1.0,buurtcultuurfonds;commonground;energiesamen;gemeentecoevorden;gemeentezwolle;heijmans;libert;ltonoord;protoartdesignfestivalzwolle;rova;smaragd;spoorzonezwolle;stichtinglandschapsbeheergelderland;travers;vandercapellen;vogelbescherming;zwolsetheaters,geo,1,,0.333,0.68,,,,,,,,,,,,,,,,,,,0,,29,17,,,0,3,5,0,0,0,0,,0.0,0.0,,0.333,0.8,,,,,,"Online marketing, performance & CRO",Nederlandse stad of plaats,,,,,False
mattercontentagency.com,before,narrower,1.0,allerhande;aswatson;canonofthenetherlands;canonvannederland;delhaize;fnvyoungunited;gamma;mediamarkt;nationaleloterij;savory;vandenborre,craft,1,0.333,0.438,,,,,,,,,,,,,,,,,,,,3,,18,11,,,3,8,0,0,0,0,0,2025,0.0,0.0,0.333,0.625,,,,,,SEO & organische vindbaarheid,"Grafisch ontwerp, drukwerk & print",,,,,,True
mattercontentagency.com,after,narrower,1.25,allerhande;aswatson;delhaize;pfzw,,0,,0.5,,,,,1.0,0,1,0,0,0,0,0,,1.0,,,,,,0,3,4,4,8,1,0,2,0,0,0,0,1,2025,0.0,0.25,,0.5,,,,,1.0,,Apps & maatwerk platforms,,,,,Omvang in cijfers,True
mattmo.nl,before,narrower,1.217,abp;accell;azerion;basicfit;bme;brandtlevie;cartessutrecht;dezurestad;dutchcuisine;essent;fagron;forfarmers;kenniscentrumongelijkheid;koninklijkehaagschegolfcountryclub;northernwonder;nsi;ociglobal;ordina;postnl;rongastrobar;sro;uniwax;worldfoodcenter,craft,1,1.0,0.556,0.5,0.333,1.0,1.0,,,,,,,,,,,,,,,,1,,29,23,,,1,3,2,3,1,1,0,2024,0.043,0.043,1.0,0.667,0.5,0.333,1.0,1.0,,Social media organisch,"Grafisch ontwerp, drukwerk & print",Internationaal / wereldwijd,"Nonprofits, charities & associations",Naamsbekendheid & zichtbaarheid,Gemengd,,False
junnect.nl,after,control,1.524,39graden;anouksevents;autoservicehopman;avistaoil;cleijsen;cultuurverbindtroosendaalgemeenteroosendaalenanderen;deprinterstore;dwprefab;festivalopdegrens;flexfestival;gemeentevenlo;gspotfestival;hetwapenvanroosendaal;humansafetyalliance;hypoexpert;kunstbende;kunstbendenoordbrabant;lightinova;naampatch;stichtingcarnavalroosendaal;wubbenoil,industry+channel,2,0.344,0.14,0.333,0.625,0.5,1.0,,2,7,0,0,0,0,0,0.5,0.429,,,,,,0,13,42,21,1,8,8,20,3,4,2,1,0,2023,0.19,0.143,0.5,0.2,0.333,0.75,0.5,1.0,,Social media organisch,Website & webdesign,Heel Nederland (landelijk),"Media, culture & entertainment",Maatwerk software & efficiëntere processen,Dienstverleners,,True
webdesign-direct.nl,before,narrower,1.038,achrafh;bigline;brendam;dezeeuwtuinwerknl;dmsmedicaleunl;energievergelijkernet;familynutsnl;fietsdiscounternl;giftsnl;gordijnenenvloerenshopnl;h3cleaningnl;hetzonnedaknl;huisdierenverzekeringvergelijkernl;joukes;loopsandbarrelsnl;mastboschnl;neutralorganicnl;nickvandenb;ninstack;offerteaanvragennu;robins;rycetravelcom;sjoerdj;voedselbankz;witgoedr;witgoedrandstadnl,craft,1,0.5,0.722,,1.0,,,,,,,,,,,,,,,,,,0,,26,26,,,2,6,0,1,0,0,0,2025,0.0,0.0,0.5,0.833,,1.0,,,,Website & CMS,Website & webdesign,,"Construction, real estate & housing",,,,True
webdesign-direct.nl,after,narrower,1.167,giftsnl;mastboschnl;ninstack;offerteaanvragennu;techmatchers;witgoedrandstadnl,craft+channel,2,0.625,0.5,,1.0,,,,1,1,0,0,0,0,0,1.0,1.0,,,,,,0,5,6,6,21,1,4,6,0,1,0,0,0,2025,0.0,0.0,0.75,0.667,,1.0,,,,"SEA, display & overige paid advertising",Website & webdesign,,"Construction, real estate & housing",,,,False
strila.nl,before,narrower,1.087,apds;belangenverenigingpensioengerechtigden;burgerinitiatiefredzaam;decostonenatuursteen;degroeneflesrestaurant;denederlandschebank;dickhoffdesign;eenvistweevis;enterioramsterdam;freshlegend;happinezresearchamk;larissawiens;marthaase;martinpostma;pentainfrawebsite;sharivandenhout;starsstories;stefbais;stimio;syscomindustrialequipment;uitzendbureaugenuineflex;vintageaudiorepair;waterlandskrat,craft,1,1.0,1.0,,1.0,1.0,,,,,,,,,,,,,,,,,0,,30,23,,,1,3,0,1,1,0,0,2020,0.043,0.0,1.0,1.0,,1.0,1.0,,,SEO & organische vindbaarheid,Website & webdesign,,Retail & e-commerce (general consumer goods),Website verouderd of nieuw nodig,,,True
studiobold.nl,before,control,1.0,deleeuwfotografie;denatuurenmilieufederaties;fysiocompany;kantoorinbeweging;ncacampagne;redsquare;someone;stoopinstallatiebedrijf;sugar;vandesande,,0,,1.0,,,,,,,,,,,,,,,,,,,,0,,10,10,,,0,2,0,0,0,0,0,2023,0.0,0.0,,1.0,,,,,,,"Grafisch ontwerp, drukwerk & print",,,,,,False
studiobold.nl,after,control,1.0,deleeuwfotografie;denatuurenmilieufederaties;fysiocompany;kantoorinbeweging;ncacampagne;redsquare;someone;stoopinstallatiebedrijf;sugar;vandesande,craft,1,,0.556,,,,,,0,0,0,0,0,0,0,,,,,,,,0,10,10,10,0,0,0,3,0,0,0,0,0,2023,0.0,0.0,,0.667,,,,,,,"Grafisch ontwerp, drukwerk & print",,,,,,False
wrkt.nl,after,narrower,2.0,feraggio;pighen;veddervedder,industry,1,,,1.0,1.0,,,,0,0,1,3,0,0,0,,,1.0,1.0,,,,0,0,3,3,0,3,0,0,1,3,0,0,0,2020,0.0,0.0,,,1.0,1.0,,,,,,Internationaal / wereldwijd,"Fashion, beauty & personal goods",,,,False
pixoyo.nl,after,control,1.0,yoursafe,,0,,,,,,,,0,0,0,0,0,0,0,,,,,,,,0,0,1,1,7,1,0,0,0,0,0,0,0,2023,0.0,0.0,,,,,,,,,,,,,,,False
playforward.nl,after,control,1.143,aclairshop;ambrero;andreaferreira;creonkozijnen;deschakel;flexim;heinzjankowsky;janarentsz;jildert;koks;matthiashaalstra;mikebakker;puckblommers;remcokroonsberg;reneegroot;sandrajans;sorgente;tebulorobotics;topcats;variopool;wdeleeuw,craft+channel,2,0.375,0.889,1.0,1.0,1.0,1.0,,4,17,1,1,1,1,0,0.5,0.941,1.0,1.0,1.0,1.0,,0,0,21,21,0,21,4,17,1,1,1,1,0,2023,0.0,0.095,0.5,0.941,1.0,1.0,1.0,1.0,,Offline media & events,"Video, animatie & fotografie",Nederlandse stad of plaats,Education & childcare,Webshop & online verkoop,Webshop consumenten (D2C),,True
strangelove.nl,before,narrower,1.5,bunzl;guideid,,0,1.0,0.5,,1.0,,,,,,,,,,,,,,,,,,0,,2,2,,,1,2,0,1,0,0,0,2023,0.0,0.0,1.0,0.5,,1.0,,,,"Content, video & PR",Content & copywriting,,"Hospitality, tourism, sports & recreation",,,,False
strangelove.nl,after,narrower,1.0,gooddays;kienhuislegal;olympischstadion,craft+channel,2,0.556,0.556,,,,,,3,3,0,0,0,0,0,0.667,0.667,,,,,,1,0,4,3,2,3,3,3,0,0,0,0,0,2023,0.0,0.0,0.667,0.667,,,,,,Website & CMS,Branding & huisstijl,,,,,,False
kaliber.net,before,control,3.0,san;slachtofferhulpnederland,,0,1.0,0.5,1.0,1.0,0.5,,1.0,,,,,,,,,,,,,,,0,,2,2,,,1,2,1,2,2,0,1,2025,1.0,0.0,1.0,0.5,1.0,1.0,0.5,,1.0,Multi-channel & omnichannel,Apps & maatwerk platforms,Heel Nederland (landelijk),"Nonprofits, charities & associations",Maatwerk software & efficiëntere processen,,Omvang in cijfers,False
isellevanginkel,today,original340,1.0,brewpubtroost;danielvandenheuvel;firstservicebusinessevents;maudvalstar;nathanvanbeelen;zoembike,,0,1.0,0.5,,,,,,,,,,,,,,,,,,,,0,,6,6,,,2,2,0,0,0,0,0,,0.0,0.0,1.0,0.5,,,,,,Social media organisch,Content & copywriting,,,,,,True
israelvanbedijk,today,original340,1.2,basecone;goelstinternational;iqselect;janaccountants;nederlandsebrandwondenstichting,,0,1.0,0.333,,,1.0,,,,,,,,,,,,,,,,,0,,5,5,,,2,3,0,0,1,0,0,,0.0,0.2,1.0,0.333,,,1.0,,,Website & CMS,"Outcome-verkoop (leads, omzet, groei)",,,"Merk, huisstijl & verhaal",,,False
ivanarndts,today,original340,1.48,armulux;boxchainge;bruis;burovanrooijen;curfsfysio;desnelleontruimers;dvspecialist;evisieconsultancy;joannaswiniarska;kasteellimbricht;kevinvanrijt;klementrentmeesters;koenraads;kossonutrition;lestables;miekevanwersch;mikspelenderwijs;rijschoolkwaliteiteindhoven;rotinteriordesign;souldrive;sunshinesittard;talent;wijmakelaars;wycknotarissen;xtrnit,craft+channel+geo,3,0.792,0.413,0.5,0.18,0.5,,1.0,,,,,,,,,,,,,,,0,,36,25,,,17,24,6,10,2,0,1,,0.0,0.08,0.882,0.583,0.5,0.3,0.5,,1.0,SEO & organische vindbaarheid,Website & webdesign,Regionaal (binnen Nederland),"Hospitality, tourism, sports & recreation",Naamsbekendheid & zichtbaarheid,,Omvang in cijfers,True
jaap-wigbout,today,original340,1.333,bramhein;rubenalmar;unnamed,,0,,,,1.0,,,,,,,,,,,,,,,,,,6,,12,3,,,0,0,0,1,0,0,0,,0.0,0.0,,,,1.0,,,,,,,"Fashion, beauty & personal goods",,,,False
vertigo6.nl,before,narrower,1.0,logitechg;trekbikes,,0,1.0,0.5,,,,,,,,,,,,,,,,,,,,0,,3,2,,,1,2,0,0,0,0,0,2023,0.0,0.0,1.0,0.5,,,,,,Social media organisch,Campagnes & creatieve concepten,,,,,,False
vertigo6.nl,after,narrower,1.75,easports;electronicarts;friendlyfire;logitech;mga;mygames;oneplus;ottosimon,channel,1,0.375,0.5,1.0,,,,,1,2,0,0,0,0,0,1.0,0.5,,,,,,0,0,14,8,2,8,4,2,1,0,0,0,0,2023,0.0,0.75,0.5,0.5,1.0,,,,,Offline media & events,Campagnes & creatieve concepten,Nederland plus buurlanden,,,,,True
vizien.nl,before,narrower,1.176,abenahealthcare;bhbovernamesenadvies;caravanasibiza;connectrecruitment;deschilders;devoordeligstedeurwaarder;drukvandeketel;fusernetservices;gastvrijhorecauitzendbureau;marcvancreijmuziektheater;mariskadejong;merlijn;metdranknl;modulnovaflagshipstore;praktijkpietersen;restaurantlemridien;stateofexcellence,,0,0.5,0.333,,0.5,,,,,,,,,,,,,,,,,,0,,21,17,,,2,3,0,2,0,0,0,2023,0.0,0.059,0.5,0.333,,0.5,,,,SEO & organische vindbaarheid,Website & webdesign,,"Hospitality, tourism, sports & recreation",,,,True
labdigital.nl,after,narrower,1.091,agradi;danone;frasers;glendimplex;heijmans;knivestools;louwman;machalliance;slbdiensten;springgds;zeeman,,0,0.25,0.256,1.0,1.0,,1.0,,4,10,2,0,0,1,0,0.25,0.4,1.0,,,1.0,,0,1,16,11,1,10,4,11,2,1,0,1,0,2023,0.0,0.0,0.25,0.364,1.0,1.0,,1.0,,Multi-channel & omnichannel,Website & webdesign,Internationaal / wereldwijd,"Food, beverage & agriculture",,Zakelijke afnemers (B2B),,False
fransswarttouw,today,original340,1.0,nprc,,0,,,,,,,,,,,,,,,,,,,,,,0,,1,1,,,0,0,0,0,0,0,0,,0.0,0.0,,,,,,,,,,,,,,,False
friendsagency.com_405,today,original340,1.0,bij1;comensha;festivaloudemuziekutrecht;mondmaskerfabriek;pridejuice;queergym;sociaaladvocatenrotterdam;wsprijnmond,,0,,1.0,,,,,,,,,,,,,,,,,,,,4,,13,8,,,0,2,0,0,0,0,0,,0.0,0.0,,1.0,,,,,,,Campagnes & creatieve concepten,,,,,,False
gadgetbaas,today,original340,2.0,damtotdamloop;flevoziekenhuis;gemeentealmere;warnerbros,geo,1,,,0.556,0.333,,,,,,,,,,,,,,,,,,0,,4,4,,,0,0,3,3,0,0,0,,0.0,0.25,,,0.667,0.333,,,,,,Nederlandse stad of plaats,Government & public sector,,,,True
gbuskes,today,original340,1.333,deleistert;rotocoat;vanboxtel,,0,,1.0,,1.0,,,,,,,,,,,,,,,,,,0,,5,3,,,0,2,0,1,0,0,0,,0.0,0.0,,1.0,,1.0,,,,,Employer branding & recruitment,,"Hospitality, tourism, sports & recreation",,,,False
geertgroot,today,original340,1.0,072design,,0,1.0,,,,,,,,,,,,,,,,,,,,,0,,1,1,,,1,0,0,0,0,0,0,,0.0,0.0,1.0,,,,,,,"SEA, display & overige paid advertising",,,,,,,False
likehoney.nl,before,control,1.333,debijenkorf;detron;riksjatravel,craft,1,0.5,0.556,,,,,,,,,,,,,,,,,,,,0,,3,3,,,2,3,0,0,0,0,0,2022,0.0,0.333,0.5,0.667,,,,,,Social media organisch,"Outcome-verkoop (leads, omzet, groei)",,,,,,False
likehoney.nl,after,control,1.333,debijenkorf;detron;riksjatravel,craft,1,0.5,0.556,,,,,,0,0,0,0,0,0,0,,,,,,,,6,3,9,3,0,0,2,3,0,0,0,0,0,2022,0.0,0.333,0.5,0.667,,,,,,Social media organisch,"Outcome-verkoop (leads, omzet, groei)",,,,,,True
lime-c.nl,before,narrower,1.25,abbott;brainnet;mogelijkvastgoefinancieringen;proeducation,craft,1,,1.0,,1.0,1.0,,,,,,,,,,,,,,,,,0,,5,4,,,0,4,0,1,1,0,0,2025,0.0,0.0,,1.0,,1.0,1.0,,,,"Grafisch ontwerp, drukwerk & print",,Business & professional services,Bewustwording & gedragsverandering,,,False
nodefy.nl,after,control,1.0,displine;frankyamsterdam;stories;tourstickets;unityunits,model,1,,,,,,1.0,,0,0,0,0,0,3,0,,,,,,1.0,,0,0,10,5,0,5,0,0,0,0,0,3,0,2025,0.0,0.0,,,,,,1.0,,,,,,,Webshop consumenten (D2C),,True
thabasco.nl,after,control,2.8,biobizzworldwideorganics;janluppesinterieurs;provinciegroningen;reinadvocatenenadviseurs;ttcircuitassen,craft,1,,0.44,0.5,0.25,0.5,,,0,4,1,3,1,0,0,,0.5,1.0,0.333,1.0,,,0,1,5,5,3,4,0,5,2,4,2,0,0,2021,1.0,0.0,,0.6,0.5,0.25,0.5,,,,Branding & huisstijl,Specifiek buitenland,"Food, beverage & agriculture",Groei & nieuwe markten,,,False
cornerstones.nl,today,narrower,1.0,amusednext;barcolichttotaal;ces;cfkunststofprofielen;concurrent;desteiger;goedlicht;hak4t;hartighsoed;interrelatiegeschenken;ksh;kshkantoorartikelen;kshkantoorspecialisten;morizodesign;morrenhofjansen;olbaholland;peterrdevriesfoundation;plaggenmarsch;rickmeinenstudio;supremerelatiegeschenken,craft+channel,2,0.847,0.68,1.0,,,,,,,,,,,,,,,,,,,0,,20,20,,,12,16,1,0,0,0,0,2023,0.0,0.0,0.917,0.812,1.0,,,,,Webshop & e-commerceplatform,Webshop & e-commerce,Nederlandse stad of plaats,,,,,False
cotd.nl,today,narrower,2.429,gravelunion;impactloterij;kika;meewindkoers;moevevents;slowtriatlon;strongbabies,industry+craft+geo,3,1.0,0.52,0.556,0.5,0.5,,,,,,,,,,,,,,,,,0,,8,7,,,1,5,3,6,2,0,0,2025,0.0,0.571,1.0,0.6,0.667,0.5,0.5,,,"Branding, campagne & activatie",Campagnes & creatieve concepten,Heel Nederland (landelijk),"Nonprofits, charities & associations",Events & activaties,,,False
create-convert.nl,today,narrower,2.286,draisma;morgofolietechniek;ocdopleidingen;qdp;studioruigrok;wijverhurenprinters;yourdatacompany,channel,1,1.0,1.0,,0.5,,,,,,,,,,,,,,,,,,0,,13,7,,,4,1,0,2,0,0,0,2024,0.0,1.0,1.0,1.0,,0.5,,,,SEO & organische vindbaarheid,Campagnes & creatieve concepten,,"Construction, real estate & housing",,,,False
creatievecampagnes.nl,today,narrower,2.0,autoglans;noototheek;uwbloemenmannl,craft,1,,0.556,1.0,0.333,,,1.0,,,,,,,,,,,,,,,0,,3,3,,,0,3,1,3,0,0,1,2025,0.0,0.0,,0.667,1.0,0.333,,,1.0,,Social media content & beheer,Heel Nederland (landelijk),"Transport, logistics & automotive",,,Omvang in cijfers,False
dd-h.com,today,narrower,1.0,3mien;abben;aicalendar;andy;aura;bcaa;bestshot;bochkove2018;bochkove2020;bochkove2022;boncha;casamia;caviarvodka;chayka;citybrewing;citybrewingbeverage;citywebsite;colt45;craftbrewriots;docresearchinstitute;fahrenheitisotonic;fahrenheitstryker;fahrenheitvitamin;gorillabananas;gorillabubblegum;gorillaenergy;gorillaenergy2020;gorillaextra;gorillagummies;gorillajuice;gorillajuice2022;hoopfresh;idelia;ideliaketchup;impresto;kirton;kvartals;mastelli;mastercollection;maxjacks;mintberry;narach;obolon;oceanwest;pabst;perfectsmile;pershavarka;poetbardesign;poetbrewerypackaging;qurna2;reeva;revision5th;rollton;schlitz;sochniy;solignac;teteriv;udokancopperoxide;ukiecaptainwolf;vandal;vsevitamins;winerykrinica;zakarpatske;zakarpatskezero,,0,,1.0,,,1.0,,1.0,,,,,,,,,,,,,,,0,,73,64,,,0,2,0,0,1,0,1,2024,0.0,0.0,,1.0,,,1.0,,1.0,,Branding & huisstijl,,,"Merk, huisstijl & verhaal",,Startup / jong / groeiend,False
0to9.nl_388,today,original340,1.143,bam;beequip;gemeenterotterdam;hagaziekenhuis;mpowered;nederlandmaritiemland;rotterdamschoolofmanagement,,0,,,,1.0,,,,,,,,,,,,,,,,,,0,,8,7,,,0,0,0,1,0,0,0,,0.0,0.0,,,,1.0,,,,,,,Finance & insurance,,,,False
100procent.nl_389,today,original340,1.25,carglass;hansanders;justeattakeway;nrc,,0,1.0,0.333,,,0.5,,,,,,,,,,,,,,,,,0,,4,4,,,1,3,0,0,2,0,0,,0.0,0.25,1.0,0.333,,,0.5,,,"E-mail, CRM & marketing automation",UX/UI & interface design,,,Personeel werven & werkgeversmerk,,,True
alexander-van-der-kooij,today,original340,1.588,bedrijfsverlichtingnl;dannykortekaas;ecommerce;foryougifts;injectablesbookingnl;koffieservicebollenstreek;laurens;leonidasbonbons;lizaabdo;markpuik;muntstad;nicewarm;nikkisondag;sentinels;sonnygrimbergen;stephanievanamerongen;yonidebondt,industry+job+channel,3,0.34,0.333,1.0,0.556,0.556,,,,,,,,,,,,,,,,,1,,34,17,,,10,9,1,3,3,0,0,,0.0,0.471,0.5,0.444,1.0,0.667,0.667,,,SEO & organische vindbaarheid,SEO & vindbaarheid,Internationaal / wereldwijd,Retail & e-commerce (general consumer goods),Beter vindbaar in Google,,,False
aliciadupre,today,original340,1.8,bierbrouwerijwentersch;certificeringnieuwlab;dutchmasterroasters;dutchsmartindustries;hetweurden;internationaalverhuisbedrijf;internationalekledingwinkel;lokalekledingwinkel;prachtigzacht;prachtingzacht,craft+job+geo,3,0.28,0.3,0.625,0.25,0.556,1.0,,,,,,,,,,,,,,,,0,,12,10,,,5,10,4,8,3,2,0,,0.0,0.2,0.4,0.5,0.75,0.375,0.667,1.0,,"SEA, display & overige paid advertising",Branding & huisstijl,Internationaal / wereldwijd,"Fashion, beauty & personal goods",Naamsbekendheid & zichtbaarheid,Webshop consumenten (D2C),,False
hellosuperheroes.com,after,control,1.0,36daysoftype;asus;converse;diesel;distinguishedgentlemansride;drowned;energiedirectnl;kinki;lenovo;lgusa;madgrill;maxicosi;mtv;netflix;quinny;setapp;thinkforwardtips;unhcr;v2c;vans;zalando,,0,,0.5,,,,,,0,2,0,0,0,0,0,,0.5,,,,,,1,0,24,21,0,21,0,2,0,0,0,0,0,2018,0.0,0.0,,0.5,,,,,,,Online adverteren (paid ads),,,,,,True
hertoggrafimedia.nl,before,narrower,1.0,ferbouw;robbeadjust;roberine;venenpark,,0,,1.0,,,,,,,,,,,,,,,,,,,,0,,4,4,,,0,1,0,0,0,0,0,2020,0.0,0.0,,1.0,,,,,,,"Grafisch ontwerp, drukwerk & print",,,,,,True
natwerk.nl,before,control,1.0,basicfit;caiway;crocs;deruijter;desperados;febo;guidinc;kanzi;lebara;makelaarsland;mauritshuis;newyorkpizza;protest;splitt;vedett;younited;youseum,,0,,0.333,,,,,,,,,,,,,,,,,,,,0,,17,17,,,0,3,0,0,0,0,0,2023,0.0,0.0,,0.333,,,,,,,Apps & maatwerk platforms,,,,,,False
zalmpartners.nl,after,narrower,1.8,answrd;bikebaze;influentials;landtmetersmaritime;tjepkemamedicalproducts,,0,,,,0.333,,,,0,0,0,3,0,0,0,,,,0.333,,,,0,0,5,5,0,5,0,0,0,3,0,0,0,2025,0.0,0.0,,,,0.333,,,,,,,"Media, culture & entertainment",,,,False
acato.nl,today,narrower,1.029,adevinta;atlascopco;bijzonderplekje;bsl;campussea;csiservice;debuurtboer;dedienstnoardwestfrysln;denhaagnl;gemeentesittardgeleen;gemeentestichtsevecht;gvb;haagwonen;impactcity;inretail;iqip;isdatechtzo;justlease;kinderopvang2samen;matoketours;mijntmi;mylaps;ncj;pecunda;postnl;rccs;riksjatravel;sociaaleconomischeraad;sunway;toppoint;trabocca;vng;vrgz;vumc,,0,1.0,0.347,1.0,1.0,1.0,,,,,,,,,,,,,,,,,1,,41,34,,,1,22,1,1,1,0,0,2025,0.0,0.0,1.0,0.455,1.0,1.0,1.0,,,"Data, tracking & CRO",Apps & maatwerk platforms,Heel Nederland (landelijk),"Hospitality, tourism, sports & recreation",Maatwerk software & efficiëntere processen,,,True
basmarijnissen,today,original340,1.0,aannemersbedrijfceesvanderzande;boinfra;gemeenteemmen;gemeenteettenleur;hotekhospitality;kristelvandijk;nicodebonttbi;nomicopacking;ombee;seminautic;sks;vervelde,,0,,,,,,,,,,,,,,,,,,,,,,0,,50,12,,,0,0,0,0,0,0,0,,0.0,0.0,,,,,,,,,,,,,,,False
basscholteinthoff,today,original340,1.0,foodvalleymagazine;jenaxl;loonium,craft,1,,0.556,,,,,,,,,,,,,,,,,,,,0,,4,3,,,0,3,0,0,0,0,0,,0.0,0.0,,0.667,,,,,,,Branding & huisstijl,,,,,,False
bendeboer,today,original340,1.0,obdnoordwest;vanderiddermakelaars,,0,1.0,1.0,,,1.0,,,,,,,,,,,,,,,,,0,,2,2,,,1,1,0,0,1,0,0,,0.0,0.0,1.0,1.0,,,1.0,,,Multi-channel & omnichannel,Website & webdesign,,,"Meer leads, aanvragen & verkoop",,,True
benniebus,today,original340,1.077,anwb;autokan;balzy;cookinglife;easytoys;fbto;groningerairporteelde;hema;lefier;regeljeleasenl;remia;ttcircuitassen;vakgarage,craft,1,,0.408,,,,,,,,,,,,,,,,,,,,0,,21,13,,,0,13,0,0,0,0,0,,0.077,0.0,,0.538,,,,,,,Campagnes & creatieve concepten,,,,,,True
vormdestad.nl,after,narrower,1.833,100weeks;amsterdamsebos;boonmagazine;bouwexpo;centrumvoorjeugdengezin;deopenbarebibliotheekamsterdam;diverseklanten;gemeenteamsterdam;ggdamsterdam;hopmagazine;omgevingsdienstnoordzeekanaalgebied;provincieutrecht,industry+craft+job,3,,0.592,0.5,0.333,0.68,,,0,2,0,1,0,0,0,,0.5,,1.0,,,,0,9,35,12,7,3,0,7,2,6,5,0,0,2025,0.417,0.0,,0.714,0.5,0.5,0.8,,,,Branding & huisstijl,Regionaal (binnen Nederland),Government & public sector,"Merk, huisstijl & verhaal",,,False
netxz.nl,after,control,2.111,consulexservices;famebuilder;layersxr;matrixian;novaskinpro;pagewise;rijschoolgraduate;usenetdeal;zorgservices,craft+channel+geo,3,0.625,0.312,0.556,0.36,1.0,0.5,,2,2,2,1,2,1,0,0.5,0.5,1.0,1.0,1.0,1.0,,0,7,9,9,0,2,4,8,3,5,2,2,0,2025,0.0,0.556,0.75,0.5,0.667,0.4,1.0,0.5,,SEO & organische vindbaarheid,Website & webdesign,Nederlandse stad of plaats,Healthcare & care,Beter vindbaar in Google,Consumentenmarkt offline,,True
newrise.nl,before,narrower,1.7,alliantievrijwilligeschuldhulp;greijdanuscollege;hogeschoolviaa;moneyfit;nederlandseschuldhulproute;schuldhulpmaatje;stichtingsprank;totheildesvolks;voorelkaarzwolle;zorggroepsolis,industry+job+channel+stage+geo,5,0.556,0.28,0.52,0.551,0.375,,1.0,,,,,,,,,,,,,,,0,,10,10,,,3,5,5,7,4,0,3,2023,0.0,0.0,0.667,0.4,0.6,0.714,0.5,,1.0,"Content, video & PR",Strategie & advies,Heel Nederland (landelijk),"Nonprofits, charities & associations",Bewustwording & gedragsverandering,,Omvang in cijfers,True
newrise.nl,after,narrower,1.75,alliantievrijwilligeschuldhulp;greijdanuscollege;hogeschoolviaa;hondsrugcollege;nederlandseschuldhulproute;stichtingsprank;voorelkaarzwolle;vriendenvangreijdanus,industry+channel+stage+geo,4,0.556,0.25,0.52,0.722,1.0,,1.0,1,2,1,1,0,0,0,1.0,0.5,1.0,1.0,,,,0,6,8,8,4,2,3,4,5,6,1,0,3,2023,0.0,0.0,0.667,0.25,0.6,0.833,1.0,,1.0,"Content, video & PR",Branding & huisstijl,Heel Nederland (landelijk),"Nonprofits, charities & associations","Leden, leerlingen & donateurs werven",,Omvang in cijfers,True
dylan-swinkels,today,original340,1.273,bewindzonderoordeel;lionlasers;mastermindsecurity;natusac;projecthealthcheck;samautomation;steelworkprojects;storymaxmedia;tegendestroommee;vainquit;zewotherm,craft,1,1.0,0.686,,,1.0,,,,,,,,,,,,,,,,,0,,11,11,,,1,11,0,0,1,0,0,,0.0,0.273,1.0,0.818,,,1.0,,,SEO & organische vindbaarheid,Website & webdesign,,,Naamsbekendheid & zichtbaarheid,,,False
e-heroes.com_401,today,original340,2.0,funraisen;jarigejob;stichtingjarigejob,,0,,1.0,1.0,1.0,1.0,,,,,,,,,,,,,,,,,0,,3,3,,,0,1,1,1,1,0,0,,0.333,0.333,,1.0,1.0,1.0,1.0,,,,Branding & huisstijl,Heel Nederland (landelijk),"Nonprofits, charities & associations",Bewustwording & gedragsverandering,,,True
ebroeder,today,original340,1.25,annazorggroep;fluitendwerk;hollalegaltax;kinderopvangwerkt;mijzo;oro;topgroup;zowonen,craft,1,1.0,0.625,1.0,,1.0,,1.0,,,,,,,,,,,,,,,0,,9,8,,,1,4,1,0,1,0,1,,0.125,0.125,1.0,0.75,1.0,,1.0,,1.0,Multi-channel & omnichannel,Employer branding & recruitment,Regionaal (binnen Nederland),,Personeel werven & werkgeversmerk,,Klein / zelfstandig,False
eelkovandrongelen,today,original340,1.333,anvr;bomenbezorgd;devriestrappen;marketingoostvisitoost;marketingoostvisittwente;marketingoostweerribbenwieden;maxbadkamers;uitgekookt;vakantiebesparen;voskamp;weflycheap;zakelijkopdeheuvelrug,industry+channel+geo,3,0.375,0.278,0.556,0.375,1.0,,1.0,,,,,,,,,,,,,,,0,,18,12,,,4,6,3,4,1,0,1,,0.0,0.0,0.5,0.333,0.667,0.5,1.0,,1.0,SEO & organische vindbaarheid,Content & copywriting,Regionaal (binnen Nederland),"Hospitality, tourism, sports & recreation","Meer leads, aanvragen & verkoop",,Omvang in cijfers,True
emielzaandam,today,original340,2.039,adwaveagency;alcoholfreedrinks;anole;apoint;banenvooroekraners;barrelkings;beautetvogue;beliciocheats;benpieters;bigbazar;bijenkasten;blukeukens;calinz;citrus;citrusit;coastoffshore;conciergeprovider;conspectit;core29;customerhappinessteam;debestvanstaveren;devoetbalfabriek;didisstroopwafels;donza;echoecho;ecopackaging;elferinkmakelaardij;embeka;gaiyo;gamakelaars;gzworkspacecreators;hagebeveiliging;hardkoppie;heelnederlandrepareert;hermosainteriors;houseofhiring;inhousify;justpleasure;kleurincultuur;lagelandenmakelaardij;lighthouse;mbnutrition;meeuwisdevriestuinen;melrose;mycoolkitchen;nomejora;olyfia;ontherolly;orangehomes;pietboonpaintplaster;priocura;recoverymhc;ritospokbowls;rivermakelaardij;romeolugan;roomof;salsategusta;scholtenswerkplek;seeekers;siewemakelaars;staleroassemblage;stichtingcc;stichtingmetamandy;theauditcompany;ubevents;uitjesbureau;vanakker;vespucci;vesselperformancectr;villaabel;vitahue;voorjeoor;winkgames;woontexslaapcomfort;zandvoortmakelaars;zuidstadmakelaar,craft+model,2,0.5,0.43,,0.117,0.333,1.0,1.0,,,,,,,,,,,,,,,1,,87,76,,,2,74,0,72,3,3,1,,0.0,0.066,0.5,0.581,,0.236,0.333,1.0,1.0,SEO & organische vindbaarheid,Website & webdesign,,"Construction, real estate & housing",Personeel werven & werkgeversmerk,Zakelijke afnemers (B2B),Groot / corporate / marktleider,False
marketingshift.nl,before,narrower,1.579,advaluepmc;annet;bbhoevezonzicht;devriesremediesvoetreflex;famuntjewerf;hempclinic;jelmer;lemmensfysiotherapie;lmewatchesrolexen;maevtherapiecoaching;peter;popupborrelevents;ptrtraprenovatie;samwelstrafrechtblogs;securitywijs;stfushop;tmmdistribution;uvgrowlight;werner,craft+model,2,0.5,0.363,0.333,0.21,0.188,1.0,1.0,,,,,,,,,,,,,,,0,,24,19,,,2,19,3,9,8,5,1,2025,0.0,0.105,0.5,0.526,0.333,0.333,0.25,1.0,1.0,"SEA, display & overige paid advertising",Website & webdesign,Heel Nederland (landelijk),Business & professional services,"Merk, huisstijl & verhaal",Webshop consumenten (D2C),Familiebedrijf / gevestigd met historie,False
marketingshift.nl,after,narrower,2.333,friettruckhurennl;magicmovers;spects;stfushop;uitlaatservicemalo;zangervanhetvolk,craft+channel,2,0.556,0.375,0.5,0.333,0.5,,1.0,2,3,1,3,2,0,1,1.0,0.667,1.0,0.333,0.5,,1.0,3,1,10,6,18,5,3,4,2,3,2,0,1,2025,0.333,0.5,0.667,0.5,0.5,0.333,0.5,,1.0,"SEA, display & overige paid advertising",Website & webdesign,Heel Nederland (landelijk),"Food, beverage & agriculture",Website verouderd of nieuw nodig,,Startup / jong / groeiend,False
thebravenewnow.com,after,narrower,1.0,fevertree;maxicosi;tesla;zens,craft,1,,0.375,,,,,,0,4,0,0,0,0,0,,0.5,,,,,,0,0,4,4,0,4,0,4,0,0,0,0,0,2023,0.0,0.0,,0.5,,,,,,,Campagnes & creatieve concepten,,,,,,False
thisisqi.nl,before,narrower,2.0,gogreeneasy;rabobank;vistahypotheken,industry+craft,2,,0.556,,1.0,1.0,,1.0,,,,,,,,,,,,,,,0,,3,3,,,0,3,0,3,1,0,1,2023,0.0,0.0,,0.667,,1.0,1.0,,1.0,,Branding & huisstijl,,Finance & insurance,Groei & nieuwe markten,,Startup / jong / groeiend,False
partout.nl,before,narrower,1.857,abb;cbr;gielissen;hubsub;kindertelefoon;koopmans;mundialz;nhg;reef;salesquarters;toverland;vdlnextpole;volvo;vvn,industry+model,2,0.278,0.136,0.5,0.44,0.36,0.556,0.5,,,,,,,,,,,,,,,0,,21,14,,,6,9,2,5,5,6,2,2025,0.429,0.071,0.333,0.222,0.5,0.6,0.4,0.667,0.5,Social media organisch,Branding & huisstijl,Internationaal / wereldwijd,"Staffing, recruitment & HR","Merk, huisstijl & verhaal",Zakelijke afnemers (B2B),Familiebedrijf / gevestigd met historie,True
sausmakers.nl,before,narrower,1.0,altrechtggz;debuitenwereld;expeditiewetenschaptechniek;inspectievanhetonderwijs;mboutrecht;minkemacollege;nroonderwijsprijs;ocleijpark;onderwijscooperatie;passendonderwijs;pbt;stimuleringsfondskartonnageenflexibeleverpakkingen;vereniginggehandicaptenzorgnederland,craft,1,1.0,0.594,,,,,,,,,,,,,,,,,,,,0,,14,13,,,1,8,0,0,0,0,0,2020,0.0,0.0,1.0,0.75,,,,,,Social media organisch,"Video, animatie & fotografie",,,,,,True
sdgworks.nl,before,narrower,1.0,ksmedical;tigercfs;venturecapitalnl,,0,,,,,,,,,,,,,,,,,,,,,,0,,3,3,,,0,0,0,0,0,0,0,2023,0.0,0.0,,,,,,,,,,,,,,,True
sdgworks.nl,after,narrower,1.0,ksmedical;tigercfs;venturecapitalnl,,0,1.0,,,,,,,0,0,0,0,0,0,0,,,,,,,,0,3,3,3,0,0,2,0,0,0,0,0,0,2023,0.0,0.0,1.0,,,,,,,"E-mail, CRM & marketing automation",,,,,,,True
rubrix.nl,before,narrower,2.111,capturedbylars;carolusbewind;nabilsbarbershop;orvion;paspanelen;petersmanluijkmedia;profectus;roadjet;udetect,craft,1,0.333,0.551,1.0,0.222,0.25,1.0,1.0,,,,,,,,,,,,,,,1,,13,9,,,3,7,1,6,4,1,1,2023,0.444,0.0,0.333,0.714,1.0,0.333,0.25,1.0,1.0,"E-mail, CRM & marketing automation",Website & webdesign,Europa,Manufacturing & industrial,"Meer leads, aanvragen & verkoop",Webshop consumenten (D2C),Startup / jong / groeiend,False
marketingcollega.nl,before,narrower,2.5,larsweijers;verjaardagscadeauvrouwnl,,0,1.0,1.0,,1.0,1.0,1.0,,,,,,,,,,,,,,,,4,,7,2,,,1,1,0,1,1,1,0,2025,0.5,0.5,1.0,1.0,,1.0,1.0,1.0,,Webshop & e-commerceplatform,Website & webdesign,,Retail & e-commerce (general consumer goods),Beter vindbaar in Google,SaaS & software,,True
marketingcollega.nl,after,narrower,2.667,biminitopkopennl;larsweijers;thesuccesagency;tuinmeubelshop;verjaardagscadeauvrouwnl;zeuz,industry+channel,2,1.0,1.0,,0.389,1.0,1.0,,3,0,0,4,0,0,0,1.0,,,0.5,,,,3,2,10,6,0,4,4,1,0,6,1,1,0,2025,0.167,0.5,1.0,1.0,,0.5,1.0,1.0,,Webshop & e-commerceplatform,Website & webdesign,,Retail & e-commerce (general consumer goods),Beter vindbaar in Google,SaaS & software,,True
o2communicatie.nl,before,control,1.0,allerzorg;cnvvakmensen;dewaarden;entrealindenhout;estfloattech;generatiepactmetaaltechniek;jeugdzorgnederland;landelijknetwerkveiligthuis;madeirapromotionbureau;nwo;plus;reginacoeli;regioplus;salzburgerland;salzburgerlandtourismus;stichtingarbeidsmarktgehandicaptenzorg;stichtingizz;technieknederland;vastgoedpro,craft+geo,2,0.5,0.444,0.556,,,,,,,,,,,,,,,,,,,1,,20,19,,,2,13,3,0,0,0,0,2023,0.0,0.0,0.5,0.538,0.667,,,,,"Branding, campagne & activatie",Branding & huisstijl,Heel Nederland (landelijk),,,,,False
daimy-van-beeumen,today,original340,1.0,afbouwbedrijfrokvennl;brokenscreensformoneynl;bsfm;komnednl;lcdninja;lcdninjanl;partszonenl;qmlhfoundationnl;qmlhshopnl;rekenknobbelnl;thcrecordz;thcrecordznl,craft,1,,0.556,,,,,,,,,,,,,,,,,,,,0,,12,12,,,0,12,0,0,0,0,0,,0.0,0.0,,0.667,,,,,,,Website & webdesign,,,,,,True
dani-rijff,today,original340,1.2,alua;begolden;seagull1963;yuaiahaircare;zelesta,craft,1,1.0,0.44,,1.0,,,,,,,,,,,,,,,,,,0,,5,5,,,1,5,0,1,0,0,0,,0.0,0.0,1.0,0.6,,1.0,,,,Webshop & e-commerceplatform,"Online marketing, performance & CRO",,"Fashion, beauty & personal goods",,,,True
dapper.agency_396,today,original340,1.25,aexus;bluebird;channext;focuson;logitech;opp;sustainablecapital;uitimaker,,0,,0.333,,,,,,,,,,,,,,,,,,,,0,,8,8,,,0,3,0,0,0,0,0,,0.0,0.25,,0.333,,,,,,,"Outcome-verkoop (leads, omzet, groei)",,,,,,True
dasburo.nl_397,today,original340,1.5,luckofbirth;luxortheaterrotterdam;pinkpop;portlantis,craft,1,1.0,0.625,1.0,1.0,1.0,,,,,,,,,,,,,,,,,0,,8,4,,,1,4,1,1,1,0,0,,0.25,0.0,1.0,0.75,1.0,1.0,1.0,,,Social media organisch,Branding & huisstijl,Nederlandse stad of plaats,"Hospitality, tourism, sports & recreation","Merk, huisstijl & verhaal",,,True
turntwo.com,before,narrower,1.25,fashioncloud;newyorkpizza;postcodelottery;pricewise,craft,1,,0.556,1.0,1.0,,,,,,,,,,,,,,,,,,0,,4,4,,,0,3,2,1,0,0,0,2025,0.0,0.0,,0.667,1.0,1.0,,,,,Apps & maatwerk platforms,Internationaal / wereldwijd,"Fashion, beauty & personal goods",,,,True
kinsmen.tv,after,control,1.167,adyen;bim;bnnvara;dancom;dehaaien;dott;firely;gemeentedenbosch;huis73;iglyo;koleksiyon;konux;leadingcourses;methodem;methorst;nedap;nvm;payvision;preshot;salarise;urbanarrow;veesolar;viaoutlets;zlto,,0,,0.28,0.5,0.5,0.5,,1.0,0,2,0,0,0,0,0,,0.5,,,,,,2,5,42,24,27,19,0,5,2,2,2,0,1,2023,0.083,0.0,,0.4,0.5,0.5,0.5,,1.0,,"Video, animatie & fotografie",Internationaal / wereldwijd,Healthcare & care,Content & creatieve productie,,Groot / corporate / marktleider,True
searchlab.nl,today,narrower,1.25,marcliphart;robinzijlstra;stefheutink;tomrietveld,,0,1.0,,,,,,,,,,,,,,,,,,,,,0,,4,4,,,1,0,0,0,0,0,0,2025,0.0,0.25,1.0,,,,,,,Multi-channel & omnichannel,,,,,,,True
seoforyou.nl,today,narrower,1.857,aquascaperbe;despaansetaalclub;leicastoreamsterdam;marcboland;newsbit;newsbitnl;puurvoordieren,,0,,1.0,0.5,0.5,,,,,,,,,,,,,,,,,,0,,7,7,,,0,1,2,2,0,0,0,2022,0.0,0.571,,1.0,0.5,0.5,,,,,Strategie & advies,Heel Nederland (landelijk),Finance & insurance,,,,True
sherpagrafischontwerp.nl,today,narrower,1.444,bobsport;intermezzosolextoertocht;noordoostpolder;rockovercoaching;samonlandbouwtechniek;scholtensadvocatenadviseurs;uffelssupportadministratie;victorinox;waaqbeveiliging,industry+craft,2,,0.333,,0.625,,,,,,,,,,,,,,,,,,0,,9,9,,,0,6,0,4,0,0,0,2025,0.0,0.0,,0.5,,0.75,,,,,Website & webdesign,,Business & professional services,,,,False
sigmasolutions.nl,today,narrower,1.273,ahydraulics;aliancys;allrig;aoc;bkrscranesystems;borrelexperience;demonchyinternational;depostergigant;dmwheelsystems;elastomerresearchtesting;eriks;eriksnederland;erikssealingpolymertechnology;erikssustainability;fleurplastics;friederichs;goodallhoses;handicaretrapliften;hapjesaanhuis;heinenhopman;heinenhopmanengineering;highteabestellen;intermat;isolectra;leadergaskettechnologies;leoxx;manitoucenternederland;mitsubishiforklifttruckseurope;puntmakelaars;pyrasiedxtremeacrylic;sunbound;verduyn;vereijken,model+geo,2,,0.201,0.556,0.25,,1.0,,,,,,,,,,,,,,,,1,,58,33,,,0,29,3,8,0,5,0,2010,0.0,0.03,,0.379,0.667,0.375,,1.0,,,Website & webdesign,Internationaal / wereldwijd,Manufacturing & industrial,,Zakelijke afnemers (B2B),,True
smartmediamasters.nl,today,narrower,2.5,boldpeople;pactum,,0,1.0,1.0,,1.0,1.0,,,,,,,,,,,,,,,,,0,,3,2,,,1,1,0,1,1,0,0,2024,0.5,0.5,1.0,1.0,,1.0,1.0,,,"E-mail, CRM & marketing automation",Campagnes & creatieve concepten,,"Staffing, recruitment & HR",Personeel werven & werkgeversmerk,,,False
makemarketingmagic.com,today,narrower,1.333,1uurnu;2source4;appalti;concept2;dekoningvergouwenadvocaten;eredivisielive;exact;firm24;funke;iwell;microsoft;optimadata;psyned;roadmap;ruigroknetpanel;teampeak;thegrowthlab;ultimo;upc;veritoinformatisering;ziggo,channel+stage,2,0.375,0.2,,,1.0,1.0,0.5,,,,,,,,,,,,,,,0,,36,21,,,4,10,0,0,1,1,6,2024,0.0,0.333,0.5,0.3,,,1.0,1.0,0.667,Social media organisch,"Online marketing, performance & CRO",,,Naamsbekendheid & zichtbaarheid,Gemengd,Groot / corporate / marktleider,False
marketingcollega.nl,today,narrower,3.0,biminitopkopennl;verjaardagscadeauvrouwnl;zeuzfitness,channel,1,1.0,,,0.5,,1.0,,,,,,,,,,,,,,,,11,,14,3,,,3,0,0,2,0,1,0,2025,0.0,1.0,1.0,,,0.5,,1.0,,Webshop & e-commerceplatform,,,"Software, IT & telecom",,Webshop consumenten (D2C),,True
marketingguys.com,today,narrower,1.5,grantthornton;hitachi;northcdatacenters;tomtom,,0,1.0,0.333,,1.0,1.0,1.0,,,,,,,,,,,,,,,,0,,5,4,,,2,3,0,1,1,1,0,2022,0.25,0.0,1.0,0.333,,1.0,1.0,1.0,,"E-mail, CRM & marketing automation","E-mailmarketing, automation & funnels",,"Transport, logistics & automotive",Maatwerk software & efficiëntere processen,Zakelijke afnemers (B2B),,False
marketway.nl,today,narrower,1.3,companypass;escapethegym;inuvola;leefrestaurant;mikeovermatter;pitwijnen;rewindow;topgeleverd;vanderlubbeelektrotechniek;woltingcommercieeladvies,craft,1,,1.0,1.0,0.5,,,1.0,,,,,,,,,,,,,,,2,,17,10,,,0,8,2,2,0,0,1,2025,0.0,0.0,,1.0,1.0,0.5,,,1.0,,Website & webdesign,Nederlandse stad of plaats,"Software, IT & telecom",,,Startup / jong / groeiend,False
mattmo.nl,today,narrower,1.167,achmea;basicfit;brandtlevie;dedomijnen;europool;felison;frisokooijman;kenniscentrumongelijkheid;linksnacksemea;loyensloeff;melexis;mofad;mufgbank;museumoffoodanddrink;nexentbank;postnl;sif;thepickledcity;thesustainablelinkco;tudelftforlife;uniwax;vanwijnen;wintersbouwenontwikkeling;zoutwatermensen,craft,1,,0.583,1.0,0.333,1.0,,,,,,,,,,,,,,,,,0,,31,24,,,0,12,1,3,1,0,0,2024,0.0,0.0,,0.75,1.0,0.333,1.0,,,,"Grafisch ontwerp, drukwerk & print",Specifiek buitenland,"Media, culture & entertainment",Groei & nieuwe markten,,,True
jointlyheroes.nl,today,narrower,2.059,awa;dannyghosen;dreamcorals;finmatch;flevo;gam;heldstukadoors;honighuis;houseofbbq;leconnecteur;marcoterbeek;menkenorlando;mnbestratingen;paramourpursuits;serioussoap;shoq;vbaalmere,craft+job+model,3,0.333,0.377,0.5,0.111,0.375,0.556,1.0,,,,,,,,,,,,,,,0,,23,17,,,3,17,2,15,4,3,1,2025,0.059,0.059,0.333,0.588,0.5,0.2,0.5,0.667,1.0,Webshop & e-commerceplatform,Website & webdesign,Nederlandse stad of plaats,"Media, culture & entertainment",Website verouderd of nieuw nodig,Zakelijke afnemers (B2B),Groot / corporate / marktleider,True
klemtoonmedia.nl,today,narrower,1.5,adrz;citymarketingroosendaal;diervoedingtak;griffiegemeenteraadgemeenteroosendaal;hans;kienhuishoving;nvda;reswestbrabant;rozondernemerspunt;stichtingmentorschapwestbrabant,industry+craft+geo,3,1.0,0.469,0.556,0.5,0.333,,,,,,,,,,,,,,,,,0,,11,10,,,2,8,3,4,3,0,0,2020,0.0,0.0,1.0,0.625,0.667,0.5,0.333,,,"Content, video & PR","Video, animatie & fotografie",Nederlandse stad of plaats,"Nonprofits, charities & associations",Bewustwording & gedragsverandering,,,False
labdigital.nl,today,narrower,1.0,agradi;danone;frasers;glendimplex;hbmmachines;heijmans;heijmansapp;knivestools;louwman;machalliance;slbdiensten;springgds;zeeman,channel+geo,2,0.432,0.306,1.0,,,,,,,,,,,,,,,,,,,0,,16,13,,,9,11,4,0,0,0,0,2023,0.0,0.0,0.556,0.455,1.0,,,,,Website & CMS,Website & webdesign,Internationaal / wereldwijd,,,,,False
lemone.com,today,narrower,1.5,fitchef;hetfinancieeledagblad;nozem;rocksolid;toezine;vostransport,channel,1,0.52,0.36,,0.5,1.0,1.0,1.0,,,,,,,,,,,,,,,0,,6,6,,,5,5,0,2,1,1,1,2025,0.167,0.0,0.6,0.4,,0.5,1.0,1.0,1.0,Website & CMS,Apps & maatwerk platforms,,Finance & insurance,Website verouderd of nieuw nodig,Zakelijke afnemers (B2B),Familiebedrijf / gevestigd met historie,True
kinsmen.tv,before,control,1.062,24sessions;acapturegamescom;adyen;adyenautorescue;adyenchinajoy;adyenfootprint;adyengiving;adyenloyalty;adyenpayments101;adyenplugins;adyenunifiedcommerce;afp;bataviastad;broederliefdehelpt;broodjegezond;dott;jandebelastingman;klimaatneutraal;kvwkort;methodem;nederlandsespoorwegen;nvm;parkerendenbosch;payvisionculture;payvisionmarketing;payvisiononboarding;pdetachering;preshotgolf;rabobank;salarise;spoorzoneshertogenbosch;yasmins,craft,1,,0.556,,1.0,,1.0,,,,,,,,,,,,,,,,1,,33,32,,,0,3,0,1,0,1,0,2023,0.0,0.0,,0.667,,1.0,,1.0,,,"Video, animatie & fotografie",,Retail & e-commerce (general consumer goods),,Webshop consumenten (D2C),,True
opklopper.nl,today,narrower,1.885,bamboosa;butikalkmaar;casteleyn;cookx;dedriegraefjes;fashionspecs;gebruiktspeelgoednl;gpproducts;happyearth;hartbeach;heartessencesisters;heirloompantryclub;houthandelvlugenoud;jutkey;kerstpakketnl;loftymanner;mascolori;messageinabottle;moychay;ortoparisi;rumbaba;snackje;stylewoerden;thehendrikstasty;viveh;yamafoodshop,craft+channel+model,3,0.5,0.917,1.0,0.274,,0.606,1.0,,,,,,,,,,,,,,,0,,28,26,,,12,23,2,23,0,17,2,2023,0.0,0.0,0.667,0.957,1.0,0.391,,0.765,1.0,Webshop & e-commerceplatform,Webshop & e-commerce,Internationaal / wereldwijd,"Fashion, beauty & personal goods",,Webshop consumenten (D2C),Omvang in cijfers,True
oppepper.nl,today,narrower,1.0,arboz;brainial;fourtopict;nieuwnotariaat;noem;qwoater;scopisto;spirair;tocarezorgprofessionals,,0,1.0,0.306,,,,,,,,,,,,,,,,,,,,0,,9,9,,,1,7,0,0,0,0,0,2023,0.0,0.0,1.0,0.429,,,,,,"Branding, campagne & activatie",Strategie & advies,,,,,,False
partout.nl,today,narrower,1.188,abb;abbnederland;autarco;brainporteindhoven;cbr;datalane;henkelman;impactfoodsystems;koopmans;myownpowerplant;protix;salesquarters;sligro;specialops;vdl;zilliz,,0,0.333,0.219,1.0,0.5,1.0,,1.0,,,,,,,,,,,,,,,0,,18,16,,,3,13,1,2,1,0,1,2025,0.0,0.0,0.333,0.385,1.0,0.5,1.0,,1.0,Social media organisch,Branding & huisstijl,Internationaal / wereldwijd,"Transport, logistics & automotive","Merk, huisstijl & verhaal",,Startup / jong / groeiend,True
sausmakers.nl,today,narrower,2.0,actizvgn;amstelwijs;appo;arq;avem;boor;drachtsterlyceum;escience;gemeenteutrecht;healthri;hetelement;i4ph;koninklijkevisio;mboamersfoort;meerscholen;montessorilyceumrotterdam;muurhuizen;nwonwa;ocleijpark;omo;rolandholstcollege;sectorraadpraktijkonderwijs;sociaalwerkervanhetjaar;umcutrecht;universiteitutrecht;voedingscentrum;waterschapzuiderzeeland,industry,1,,,,0.401,,,,,,,,,,,,,,,,,,0,,27,27,,,0,0,0,22,0,0,0,2020,0.0,0.0,,,,0.5,,,,,,,Education & childcare,,,,False
sdgworks.nl,today,narrower,1.0,ksmedical;tigercfs;venturecapitalnl,,0,1.0,,,,,,,,,,,,,,,,,,,,,0,,3,3,,,2,0,0,0,0,0,0,2023,0.0,0.0,1.0,,,,,,,"E-mail, CRM & marketing automation",,,,,,,False
daan-vischschraper,today,original340,2.5,citadelspaans;masimo;plantery;studiozelden;thecopperbarn;windmillforwarding,,0,0.5,0.2,0.5,0.2,,1.0,,,,,,,,,,,,,,,,0,,12,6,,,2,5,2,5,0,2,0,,0.0,0.667,0.5,0.2,0.5,0.2,,1.0,,SEO & organische vindbaarheid,Webshop & e-commerce,Specifiek buitenland,Retail & e-commerce (general consumer goods),,Webshop consumenten (D2C),,False
daanmerkenhof,today,original340,1.375,atvsprings;benselcars;brothershoreca;dedakduif;derodewinkel;reloadpersonaltraining;slagerijdekroes;tafelbergadvies,craft,1,1.0,0.556,1.0,0.5,,,,,,,,,,,,,,,,,,0,,8,8,,,1,3,1,2,0,0,0,,0.0,0.125,1.0,0.667,1.0,0.5,,,,Social media organisch,"Video, animatie & fotografie",Nederlandse stad of plaats,Manufacturing & industrial,,,,False
daanvandevelde,today,original340,1.0,agripoppe;campingdepaardenwei;debruyneagro;dekunstwei;groengoudbiervliet;markiezenhof;moooisinveere;projectlichtzeeland;stoutenfourage;theonion;top;veiligheidsregiozeeland;wolphabier;zeeprof,geo,1,,,0.5,,,,,,,,,,,,,,,,,,,0,,18,14,,,0,0,4,0,0,0,0,,0.0,0.0,,,0.5,,,,,,,Regionaal (binnen Nederland),,,,,False
daanvanwoezik,today,original340,1.957,abovo;air;boorsmamode;can;degeldersemeubelspuiterij;essexamenservices;hsr;medcosskinsolutions;menuchacommunity;menuchafoundation;mindfulmovements;plene;praxis;prometheus;smo;specialistennet;tekstweb;theacrylicbox;toptotaal;tuinmeubelshop;velthuizenkeukens;velthuizenkeukensarchitectuur;zvv,model,1,,0.274,0.219,0.124,0.5,0.722,0.289,,,,,,,,,,,,,,,0,,33,23,,,0,23,8,22,2,6,11,,0.0,0.0,,0.391,0.375,0.227,0.5,0.833,0.455,,Branding & huisstijl,Heel Nederland (landelijk),"Construction, real estate & housing","Merk, huisstijl & verhaal",Zakelijke afnemers (B2B),Familiebedrijf / gevestigd met historie,False
daanveldmaat,today,original340,1.0,1865heerhugowaard;fiernijmegen;herbergierboskoop;kalkhof;leeuwepoort;sierlijkedameseindhoven;tenderkleinplaspoelpolder;westerhofwestergouwe;zuydpolder,geo,1,,,1.0,,,,,,,,,,,,,,,,,,,0,,9,9,,,0,0,4,0,0,0,0,,0.0,0.0,,,1.0,,,,,,,Nederlandse stad of plaats,,,,,True
ultrax.agency,after,control,2.125,citybeanz;curajob;emelisse;interborgkeukens;notenkraamslagboom;oesterproeverijpekaar;slotoostende;verwijskreeftenparken,job+channel,2,0.375,0.219,0.36,0.28,0.556,0.5,1.0,0,1,0,0,0,0,0,,1.0,,,,,,1,7,13,8,0,1,4,8,5,5,3,2,1,2025,0.5,0.0,0.5,0.375,0.4,0.4,0.667,0.5,1.0,Social media organisch,Website & webdesign,Regionaal (binnen Nederland),"Food, beverage & agriculture",Naamsbekendheid & zichtbaarheid,Gemengd,Familiebedrijf / gevestigd met historie,False
vrijdagonline.nl,before,narrower,1.143,dehypotheekmakelaar;fjordbenelux;hooghlandenmakelaars;mentorplus;neh;nestcoat;nilfiskshop;nlhousing;profileproject;ptbtransportmiddelen;sabelectro;smileaseprivateautolease;tptechnology;zwetsvastgoed,craft+channel,2,0.5,0.358,0.333,,1.0,,,,,,,,,,,,,,,,,0,,16,14,,,6,9,3,0,1,0,0,2023,0.0,0.143,0.5,0.556,0.333,,1.0,,,"SEA, display & overige paid advertising",Website & webdesign,Internationaal / wereldwijd,,"Meer leads, aanvragen & verkoop",,,False
vrijdagonline.nl,after,narrower,1.706,acodeq;aktoor;awillemsen;bamboek;basystemen;bodymind;bureauklantcontact;dbkeukens;depsychologengroep;duivelseiland;feliznovia;fjordbenelux;fkwadraat;forteggz;fulloption;groenewoudassurantin;icsvertex;kruger;landschapsbeheergroningen;letselschadepsycholoogonline;mentaalvrij;metesco;nestcoat;nvvp;ocrn;pdocmhf;polygoot;profileproject;sabelectro;smilease;stichtingpvp;studioreinderveenstra;tptechnology;youngconsultant,channel,1,0.556,0.328,,0.342,0.5,,,2,20,0,12,2,0,0,1.0,0.5,,0.583,0.5,,,0,5,48,34,9,29,3,25,0,15,2,0,0,2023,0.0,0.0,0.667,0.48,,0.467,0.5,,,Apps & custom platforms,Website & webdesign,,Healthcare & care,"Meer leads, aanvragen & verkoop",,,False
pubmarket.nl,before,narrower,1.1,boels;euromaster;glasgarage;hollandbarrett;jackscasino;jameshardie;kwikfit;lavenezia;tupperware;villaswinterberg,,0,,1.0,,,,,,,,,,,,,,,,,,,,0,,10,10,,,0,2,0,0,0,0,0,2024,0.0,0.1,,1.0,,,,,,,Campagnes & creatieve concepten,,,,,,True
pubmarket.nl,after,narrower,1.0,javafoodservice;unileverfoodsolutionsbelgium;unileverprofessional,craft,1,1.0,0.556,1.0,,0.5,1.0,,1,3,1,0,2,1,0,1.0,0.667,1.0,,0.5,1.0,,0,0,3,3,10,3,1,3,1,0,2,1,0,2024,0.0,0.0,1.0,0.667,1.0,,0.5,1.0,,Multi-channel & omnichannel,Campagnes & creatieve concepten,Nederland plus buurlanden,,Lancering nieuw product of concept,Zakelijke afnemers (B2B),,False
searchlab.nl,before,narrower,1.111,beccawhelan;chrishagens;dannydegraaf;fourniturennl;kenzodijkstra;nibostone;robinzijlstra;stefheutink;thomasclausen,,0,1.0,1.0,,,,,,,,,,,,,,,,,,,,10,,19,9,,,2,2,0,0,0,0,0,2025,0.0,0.111,1.0,1.0,,,,,,"SEA, display & overige paid advertising",Online adverteren (paid ads),,,,,,True
searchlab.nl,after,narrower,,,,0,,,,,,,,0,0,0,0,0,0,0,,,,,,,,3,0,3,0,9,0,0,0,0,0,0,0,0,2025,,,,,,,,,,,,,,,,,False
webcrafter.nl,before,narrower,1.143,brokertarieven;essenceinstitute;evaflipse;glazenwassersbedrijfbarre;innergids;tuinvanmaria;yourhealthconcept,craft,1,1.0,0.333,,1.0,,1.0,1.0,,,,,,,,,,,,,,,3,,10,7,,,2,6,0,1,0,1,1,2025,0.0,0.0,1.0,0.5,,1.0,,1.0,1.0,SEO & organische vindbaarheid,Website & webdesign,,Business & professional services,,Webshop consumenten (D2C),Klein / zelfstandig,False
webcrafter.nl,after,narrower,1.0,babsbonebroth;essenceinstitute;juicebrothers;nutribites;skogen;walden,,0,1.0,0.5,,,,,,1,1,0,0,0,0,0,1.0,1.0,,,,,,0,1,6,6,6,5,2,2,0,0,0,0,0,2025,0.0,0.0,1.0,0.5,,,,,,SEO & organische vindbaarheid,Content & copywriting,,,,,,False
lemone.com,before,narrower,1.0,catharinaziekenhuis;fitchef;hetccv;hetfinancieeledagblad,craft,1,,0.625,,,,,,,,,,,,,,,,,,,,0,,4,4,,,0,4,0,0,0,0,0,2025,0.0,0.0,,0.75,,,,,,,UX/UI & interface design,,,,,,True
lemone.com,after,narrower,1.0,catharinaziekenhuis;eurocollege;fitchef;hetccv;hetfinancieeledagblad;leukerecepten;pallasathenecollege;pvo;rocksolid;skippify,craft,1,,0.333,,,,,,0,2,0,0,0,0,0,,0.5,,,,,,0,4,10,10,0,6,0,6,0,0,0,0,0,2025,0.0,0.0,,0.5,,,,,,,UX/UI & interface design,,,,,,True
marketway.nl,before,narrower,1.286,brandwachtinside;desktoptowork;fireproductssolutionsnederland;hossafety;leefrestaurant;qhseinside;vksolar,craft+channel,2,0.722,1.0,,0.5,1.0,,,,,,,,,,,,,,,,,0,,11,7,,,6,6,0,2,1,0,0,2025,0.0,0.0,0.833,1.0,,0.5,1.0,,,Website & CMS,Website & webdesign,,"Construction, real estate & housing",Website verouderd of nieuw nodig,,,True
marketway.nl,after,narrower,1.2,alettedenextertekstadviesentraining;brandwachtinside;lghealthtraining;pitwijnen;svnootdorp,craft,1,1.0,0.556,,1.0,1.0,,,1,2,0,1,1,0,0,1.0,0.5,,1.0,1.0,,,0,1,5,5,6,4,1,3,0,1,1,0,0,2025,0.0,0.0,1.0,0.667,,1.0,1.0,,,Multi-channel & omnichannel,Website & webdesign,,Business & professional services,Website verouderd of nieuw nodig,,,False
djkranendonk,today,original340,2.0,struijkaudiciensonline;vanpeltrecycling,,0,1.0,,,,0.5,,,,,,,,,,,,,,,,,0,,2,2,,,2,0,0,0,2,0,0,,0.0,1.0,1.0,,,,0.5,,,Multi-channel & omnichannel,,,,"Meer leads, aanvragen & verkoop",,,False
dpdk.com_400,today,original340,1.538,atomico;blijdorprotterdamzoo;digitalcontainershippingassociation;dutchdigestivehealthfund;financeinmotion;firstleaf;goflex;grootrotterdam;nike;ortec;roscovision;unibailrodamcowestfield;wovencapital,job,1,1.0,0.224,1.0,0.28,1.0,,,,,,,,,,,,,,,,,0,,20,13,,,1,7,2,5,4,0,0,,0.0,0.077,1.0,0.286,1.0,0.4,1.0,,,"Content, video & PR",Branding & huisstijl,Internationaal / wereldwijd,"Transport, logistics & automotive","Merk, huisstijl & verhaal",,,True
dwaynedjontono,today,original340,1.044,beyourselfietour;biofutura;blijeboon;bombaaistrandbar;brugklasbox;calvinjongapin;ciaoamico;crazy500;crossfitnederland;davidtaylorandfriends;debokkedoorns;deemove;defrankrijkexpert;dejongensvan;detreeswijkhoeve;deyacosrestaurantbar;feyenoordbasketball;flickrings;frenchiehaarlem;fridaypropertymanagement;globalsportinggoods;gtec;hetbosch;huisterduin;ilyarotterdam;incaamsterdam;lacondesaamsterdam;lassie;lassiehaverrijstcampagne;laterrasse;lessenza;nationalerijschool;restaurantdetreeswijkhoeve;restaurantkenneh;restaurantlatour;restaurantmerlet;rufusamsterdam;specialistinreclame;steakbier;table10;teaserszaandam;tokobersama;treeswijkhoeve;ultimatecards;yourroofbox,,0,0.306,0.219,0.5,1.0,0.214,,,,,,,,,,,,,,,,,0,,50,45,,,7,8,2,2,23,0,0,,0.0,0.0,0.429,0.25,0.5,1.0,0.261,,,Social media organisch,Strategie & advies,Regionaal (binnen Nederland),"Hospitality, tourism, sports & recreation","Meer leads, aanvragen & verkoop",,,False
dylan-de-haas,today,original340,1.0,8octobervereeniging;arnouta;daveb;decoperatiepurmerend;jimk;jolandas;julienp;merijn,craft,1,1.0,0.44,1.0,,,,,,,,,,,,,,,,,,,0,,9,8,,,1,5,1,0,0,0,0,,0.0,0.0,1.0,0.6,1.0,,,,,"SEA, display & overige paid advertising",Website & webdesign,Nederlandse stad of plaats,,,,,False
netxz.nl,before,control,2.0,consulexservices;famebuilder;layersxr;matrixian;pagewise;usenetdeal;zorgservices,industry+craft,2,1.0,0.333,1.0,0.375,,1.0,,,,,,,,,,,,,,,,0,,10,7,,,2,6,1,4,0,1,0,2025,0.0,0.429,1.0,0.5,1.0,0.5,,1.0,,SEO & organische vindbaarheid,Website & webdesign,Internationaal / wereldwijd,"Software, IT & telecom",,Zakelijke afnemers (B2B),,True
laura-van-nieuwland-6a026a34,today,original340,1.0,0303fotografie;ackschilderwerken;afbouwnederland;angelopersonaltraining;annavoorzorg;aperfectjane;arianepodiumkunsten;babyspabreda;badkamermonteurgezocht;bagorecruitment;berkvens;bestezaal;boerkeverschuren;bouwogen;bouwwensen;buitendijkslaman;coldless;connectz;constantvastgoed;creatyves;cremersbouwgroep;cultuurconnect;deloverkoopverhuur;denationalekeukenzetter;doumaklusbedrijf;ecpa;ecpacopacking;eekwardo;elektroco;enotecabreda;etbnederland;evidensiaacademy;fietsaccu24;flamefactory;fnoobtechno;fortvuren;gener8staff;hairclinicwolf;histera;horsemania;hrpersoneel;inmeetapp;itcrowdsource;itspot;ivcevidensiaapp;keizerverhuizingen;keukenarena;keukenmonteurgezocht;kinderkookplein;kleinbreda;kozijnenmonteurgezocht;kuzon;kzvexcelsior;llnutrition;logistiekmedewerkergezocht;mancare;mandemakersdakdekkers;marispiper;markantindustrie;mediterraneanadventures;mibo;nederlandsezonnepanelenunie;northnoderecruitment;onderhoudsmonteurgezocht;onlineleren;operatorsgezocht;opticiengezocht;outletbodegraven;pabbreda;personeelgevonden;pita;pixeluniverse;productiemedewerkergezocht;proengineering;propainting;qnusdesign;questprivacy;resetdentalhero;restaurantbreda;safetypassportfinland;sakyanttattoo;shcn;shophaaropdehoek;silverlinde;sjgschilderwerken;solidsurfaces;sportverlichting;sterkemannen;sterkemannenapp;superskills;tattoobreda;tecwaverecruitment;thebreda;tophekwerken;trattoriabreda;utelisys;varenzeeland;veiligheidspaspoort;wiekedistillers;wordclasssys;workflowz;yourkitchen;zengofoodservice;zonnepaneelreinigers,craft,1,,0.588,,,,,,,,,,,,,,,,,,,,0,,115,104,,,0,94,0,0,0,0,0,,0.0,0.0,,0.745,,,,,,,Website & webdesign,,,,,,False
laurensoudeelberink,today,original340,1.333,aveleijn;bakkerijnollen;brandweertwente;fijnproeveninnederland;hotelvandervalkbreukelen;kijkopveiligheid;oldebolhaar;pentair;rdw;rocvantwente;simplylogic;twentseproat;universiteittwente;vredestein;waterschapvechtstromen,craft+job+stage+geo,4,,0.531,0.375,0.25,0.375,1.0,0.44,,,,,,,,,,,,,,,1,,17,15,,,0,14,4,4,4,1,5,,0.067,0.0,,0.714,0.5,0.25,0.5,1.0,0.6,,"Grafisch ontwerp, drukwerk & print",Nederlandse stad of plaats,Education & childcare,"Merk, huisstijl & verhaal","Overheid, zorg & onderwijs",Familiebedrijf / gevestigd met historie,True
leon-elders-3ab91112,today,original340,1.111,beek;bree;culemborg;grembergen;nijmegen;sintlievenshoutem;sparieper;steenbergen;woerden,geo,1,,0.333,1.0,,,,,,,,,,,,,,,,,,,0,,9,9,,,0,3,5,0,0,0,0,,0.0,0.111,,0.333,1.0,,,,,,Employer branding & recruitment,Nederlandse stad of plaats,,,,,False
leonwalvisch,today,original340,1.0,footballwebinars;gentlemensocks;spirotech;vangoghrembrandt,craft,1,0.5,0.375,1.0,,,,,,,,,,,,,,,,,,,0,,4,4,,,2,4,1,0,0,0,0,,0.0,0.0,0.5,0.5,1.0,,,,,"SEA, display & overige paid advertising",Branding & huisstijl,Nederlandse stad of plaats,,,,,False
aliens.nl,today,control,2.0,ambiance;cultilene;deloitte;eauitzendbureau;egeria;enpuls;hms;isahbusinesssoftware;jansmulderstriplex;koningstheateracademie;vvbhusan,model,1,,,1.0,0.124,,1.0,,,,,,,,,,,,,,,,0,,11,11,,,0,0,2,11,0,3,0,2021,0.0,0.0,,,1.0,0.182,,1.0,,,,Heel Nederland (landelijk),Retail & e-commerce (general consumer goods),,Zakelijke afnemers (B2B),,True
alientrick.com,today,control,1.0,2000bedrijfsfilm;apetito;arcamradia;axerobedrijfsfilm;axerodrivenbycars;climarad;crematoriatwente;crematoriatwentebouwenaaneenkenniscentrumvoorafscheid;csopleidingenrebranding;davinciacademie;davinciacademiehtgroteonderwijsfestijndenot;demonnikdranken;dumetaaangescherptemerkidentiteit;elovaninterfacenaarinzicht;emlagriepprikcampagne;emlaplakkenprikkenklaar;emlareisvaccinatiecampagne;fitrum;gemeentehengelo;groenestrijders;harmankardonactivatiecampagne;harmankardonaurastudio3;harmankardoncitation200;harmankardoncitationoasis;harmankardononyx7;harmankardonsoundsticks;hessaacoffertesysteem;hoteltvoplossingenvanphilips;huttenkloas;iamfluidics;ise24philipsprofessionaldisplays;jbl;jblambassadeurscampagne;jblclassicseries;jblendurancepeak3;jblendurancepeakii;jblhowtovideos;jblpersonalize;jblpersonalizedpartybox;jblquantum;jblquantumtwsair;jblreflectcontourfit;jeffreyspalburgmuziekvideo;kerstentechniek;lapaireautospanieuwewebsite;letstalkvaginas;lgheatingconfigurator;lilcloudkomttotleven;lindt;lindtchocoladein3dbijdealbertheijn;lindtexcellencecampagne;magistor;magistoronlinemarketing;magistoropdetechnishow;marklevinsonn5909headphones;metropool;osghengelo;philipshospitalitydisplaysai;philipsppdsvideosise2023;philipstlineproductvideo;philipsxlineise2020;ppdsonlinemarketing;ppdsoracleredbullracing;predia;productlanceringjblmarklevinson;qoffy;riwo;riwojubileumcampagne;riwowervingscampagne;rosencaverninspection;rosendigitalrobothostinteractievepresentatie;rosenecospeedservice;rosennima;rrreis;rrreisvanstrategienaaraanbesteding;sch;schbizcampagne;senzamobile;sizeupwithphilipstableaux;smarttalentgrid;spiteennieuwewebsite;striker;structuregroup;structuregroupnieuwewebsite;stygos;telecomvisieanimatie;twentspoppodium;vdmcarseenvirtuelereisvoordechteautoliefhebber;veldkoeltechniek;wittevanmoort,,0,,0.333,,,,,,,,,,,,,,,,,,,,0,,90,90,,,0,89,0,0,0,0,0,2020,0.0,0.0,,0.404,,,,,,,Strategie & advies,,,,,,False
alion.nl,today,control,1.3,edr;helin;llo;sns;spectralindustries;sping;styr;tjip;verve;woonnu,,0,1.0,0.265,,0.333,,,,,,,,,,,,,,,,,,0,,12,10,,,1,7,0,3,0,0,0,2023,0.0,0.0,1.0,0.429,,0.333,,,,Website & CMS,Website & webdesign,,Finance & insurance,,,,True
aliveandkicking.nl,today,control,1.1,bendingtherules;boerschappen;club9;fyner;haaglandenleertdoor;hoogdesign;jolinejolink;naturalheroes;nimbel;taptoe,,0,1.0,0.5,,1.0,,1.0,1.0,,,,,,,,,,,,,,,0,,17,10,,,2,2,0,1,0,1,1,2020,0.0,0.0,1.0,0.5,,1.0,,1.0,1.0,"SEA, display & overige paid advertising",Strategie & advies,,Retail & e-commerce (general consumer goods),,Webshop consumenten (D2C),Groot / corporate / marktleider,False
all-it.nl,today,control,2.0,a2bpremiumdelivery;atax;campingzonnehoek;congrescentrumede;danillemaas;dedoelen;dejaarbeurs;elitegastouderbureau;embouwservice;fysiotherapievolendam;garageharoen;hun;inholland;miedemapost;restaurantcastell;restaurantlemonleaf;saintmont;taxihun,craft+geo,2,,0.68,1.0,0.246,,,,,,,,,,,,,,,,,,1,,21,18,,,0,5,16,17,0,0,0,2025,0.0,0.0,,0.8,1.0,0.353,,,,,Apps & maatwerk platforms,Nederlandse stad of plaats,"Hospitality, tourism, sports & recreation",,,,False
sjoerd-schipaanboord-86141b6,today,original340,1.5,dkor;gaivota;gaivotaluxuryinteriors;kallenhard,,0,,1.0,1.0,1.0,,,,,,,,,,,,,,,,,,0,,4,4,,,0,1,1,1,0,0,0,,0.25,0.0,,1.0,1.0,1.0,,,,,Strategie & advies,Internationaal / wereldwijd,"Construction, real estate & housing",,,,True
sjorsvanhoof,today,original340,1.0,abnamro;gstar;hak;hospitalitypact;klm;magnum;natuurmonumenten;porsche;rijksmuseum;samsung;tedxamsterdamwomen;tonyschocolonely;underarmour;vodafone;wefashion;youngcapital;zonneplan,channel,1,0.556,1.0,,,,,,,,,,,,,,,,,,,,1,,28,17,,,3,1,0,0,0,0,0,,0.0,0.0,0.667,1.0,,,,,,"Content, video & PR",Employer branding & recruitment,,,,,,False
somention.com_422,today,original340,1.0,allianzdirect;aswatson;bauhaus;bepanthenxthedean;bolcom;cassis;chov;daf;dekuyper;dominos;driscolls;fleurop;grolsch;hetstation;hostcityrotterdam;lambweston;leenbakker;lotusbiscoff;mediamarkt;onderstebovenbier;rittersport;robey;staatsloterij;stedin;stoov;tui;vanoord;viper;vivera,channel,1,0.556,0.186,1.0,,,,,,,,,,,,,,,,,,,0,,90,29,,,15,22,1,0,0,0,0,,0.0,0.0,0.733,0.273,1.0,,,,,Social media organisch,Campagnes & creatieve concepten,Internationaal / wereldwijd,,,,,False
sonjavaneeghen,today,original340,1.111,abnamro;atradius;bnpparibas;cbre;libertyglobal;maxxiumnl;optiver;selecta;unilever,,0,,1.0,1.0,1.0,,,1.0,,,,,,,,,,,,,,,0,,9,9,,,0,2,1,1,0,0,1,,0.0,0.0,,1.0,1.0,1.0,,,1.0,,Strategie & advies,Internationaal / wereldwijd,Finance & insurance,,,Omvang in cijfers,False
stefanwildeboer,today,original340,2.0,fotolijsten;salodaknl,,0,1.0,1.0,,,,,,,,,,,,,,,,,,,,1,,3,2,,,1,1,0,0,0,0,0,,0.0,1.0,1.0,1.0,,,,,,Webshop & e-commerceplatform,Webshop & e-commerce,,,,,,False
buro19.nl,today,control,1.333,gs3legbordstellingen;heldenvanstaal;henrys;hirschmannmultimedia;hoornsestadsfeesten;meijernotarissenamsterdam;schadenberg;simonloos;werkenbijrabobank,,0,0.185,0.281,1.0,0.5,,,1.0,,,,,,,,,,,,,,,0,,10,9,,,9,8,2,2,0,0,1,2024,0.111,0.0,0.333,0.375,1.0,0.5,,,1.0,"Content, video & PR",Website & webdesign,Nederlandse stad of plaats,"Hospitality, tourism, sports & recreation",,,Familiebedrijf / gevestigd met historie,True
buro28.nl,today,narrower,1.028,dasandereholland;depressievereniging;deverbinding;dierenkliniekwestervoortduiven;erfgoedgelderland;erfgoedvrijwilliger;ermelobuitenleven;ermelohorselive;gelderlandlevertjemooiestreken;gelderselanddag;geuzenwaard;hengelsportfederatiemiddennederland;homefood;huisenerfgoedcollectief;jongerengilde;kleijbergecologie;krachtdoorkunst;landgoeddevlaminckhorst;limburgsepeel;marcelubbink;nationalewandelmonitor;ondernemingsraadpostnl;praktijkvoorseksuelegezondheidhaarlemnoord;provincieutrecht;rivierenland;routebureaubrabant;routebureauutrecht;sportvisserijoostnederland;svon;toerismeveluwearnhemnijmegen;tradekar;trimsaloncleanpaws;tvan;veluwsebuitenvoorstellingen;wandelnet;weddingbelles,craft,1,,0.472,,1.0,,,,,,,,,,,,,,,,,,11,,47,36,,,0,34,0,1,0,0,0,2020,0.0,0.0,,0.5,,1.0,,,,,"Grafisch ontwerp, drukwerk & print",,"Hospitality, tourism, sports & recreation",,,,False
buroboud.nl,today,narrower,1.148,apostelhoeve;basilicastellamaris;boelszandersadvocaten;buschmodes;claudyjongstra;danonenederland;frijnsgroup;frijnsindustrial;gemeentekerkrade;grouwelsvastgoed;harmoniesintrosa;ltcmaasvogels;mosatrajectum;mumcspierziektencentrum;nedlin;npo;provincielimburg;rabobank;rolfspectacles;sauterwijnen;sugrantradingagency;vaessengroenvoorziening;venneelectronics;vodafone;vojacekwijnen;zuyderland;zuyderlandmedischcentrum,craft,1,,0.333,1.0,0.25,,,,,,,,,,,,,,,,,,1,,29,27,,,0,6,2,4,0,0,0,2025,0.0,0.0,,0.5,1.0,0.25,,,,,"Video, animatie & fotografie",Nederlandse stad of plaats,"Hospitality, tourism, sports & recreation",,,,True
byron.nl,today,control,1.778,apotheekdeglimlach;barcompany;biobandits;denassau;ehub;mhb;mondialcollege;nyma;qii,craft+job+stage+geo,4,0.235,0.375,0.625,0.2,0.551,,1.0,,,,,,,,,,,,,,,0,,9,9,,,9,4,4,5,7,0,3,2020,0.0,0.0,0.333,0.5,0.75,0.2,0.714,,1.0,Multi-channel & omnichannel,Branding & huisstijl,Nederlandse stad of plaats,"Food, beverage & agriculture","Merk, huisstijl & verhaal",,Familiebedrijf / gevestigd met historie,True
daburo.nl,today,control,1.0,brightpremium;brugmankeukens;driveyou;keukenconcurrent;lesgo;mandemakerskeukens;rademakerskinsbergen;tuestories;tuestuderen;wintecc,craft,1,,0.38,,,,,,,,,,,,,,,,,,,,3,,17,10,,,0,10,0,0,0,0,0,2020,0.0,0.0,,0.5,,,,,,,UX/UI & interface design,,,,,,True
danki.com,today,control,1.133,cruxengineering;eqtlifesciences;excelsiorrecordings;fabfilter;gemeenteamsterdam;heijmansvastgoed;marubasportslifestyle;naturaco;oecd;parnassia;peaceresearchinstituteoslo;ring;somearchitects;stdalfour;whetston,,0,,1.0,1.0,1.0,1.0,,,,,,,,,,,,,,,,,0,,17,15,,,0,1,1,1,1,0,0,2023,0.067,0.0,,1.0,1.0,1.0,1.0,,,,Content & copywriting,Europa,Finance & insurance,Content & creatieve productie,,,False
daylinq.nl,today,control,1.333,lumetallix;provincieflevoland;stockwatch,,0,,1.0,,1.0,,,,,,,,,,,,,,,,,,0,,6,3,,,0,2,0,1,0,0,0,2020,0.0,0.0,,1.0,,1.0,,,,,Website & webdesign,,Finance & insurance,,,,False
dbk.nl,today,control,1.65,balinkglas;balinkglasaluminium;corendon;corendonhotels;dleenergy;dolfinarium;epictoursbonaire;flagshipbiketours;medprevent;padelclubfrl;spoedtest;spoedtestnl;stadscentrumosdorpplein;umcg;wafflesnbeer;westcordhotelarsenaal;westcordhoteljakarta;westcordhotels;westcordssrotterdam;xohotels,industry+craft+geo,3,1.0,0.883,0.66,0.708,1.0,1.0,1.0,,,,,,,,,,,,,,,0,,31,20,,,1,16,10,12,1,1,1,2023,0.0,0.05,1.0,0.938,0.8,0.833,1.0,1.0,1.0,"Content, video & PR",Website & webdesign,Nederlandse stad of plaats,"Hospitality, tourism, sports & recreation","Meer leads, aanvragen & verkoop",Consumentenmarkt offline,Omvang in cijfers,True
ramsesbraakman,today,original340,1.073,broodko;centrummanagementleiden;ciolato;creatingretailparks;debijenkorf;deluifelbaan;dica;dilorenzetto;diokrugby;dspiazza;dut;europeseschooldenhaag;gemeentedenhaag;gemeentemaastricht;haco;harriegoesten;hyperloop;jungheinrich;justlease;klpiereshoppingmalls;kvdk;leidenenpartners;leidsstimuleringsfonds;lotify;matchisstamceldonoren;poldar;proact;rijksmuseumvanoudheden;rijnekeboulevard;runexpected;safehouse;scotchwhiskyinternational;scotchwhiskyinvestments;somfy;stichtingnf;swexx;trademade;verheesnotarissen;villaarena;vosabb;zzuper,channel+geo,2,1.0,0.268,1.0,0.333,,,,,,,,,,,,,,,,,,0,,52,41,,,4,34,6,3,0,0,0,,0.0,0.0,1.0,0.353,1.0,0.333,,,,Website & CMS,Campagnes & creatieve concepten,Nederlandse stad of plaats,Business & professional services,,,,False
rauwcc.nl_417,today,original340,1.52,bibliotheekrotterdam;blauwhoed;bouwendnederland;chanekooleterminals;denhaagwerkt;denieuweingenieurs;dizzydata;duravermeer;dutchmediaweek;facilicom;gemeenterotterdam;handenvanhumanitasstichtinghumanitas;hjfadvocaten;lambweston;nationaalmsfonds;nederlandsekappersbranche;nedvang;philadelphia;plekmakelaars;schoolsport010;securelogistics;sportbedrijfrotterdam;stichtingmatrasrecyclingnederland;unnamed;woonstadrotterdam,geo,1,,0.18,0.484,0.148,0.286,,1.0,,,,,,,,,,,,,,,5,,36,25,,,0,16,15,13,14,0,1,,0.0,0.0,,0.25,0.667,0.231,0.429,,1.0,,Campagnes & creatieve concepten,Nederlandse stad of plaats,"Construction, real estate & housing",Bewustwording & gedragsverandering,,Omvang in cijfers,False
raymondveldkamp,today,original340,1.235,abreemer;bastiaandehaas;bigpennennl;davidvandenbrandt;esmedekking;hugonijssen;irisartnederland;jaapoostlander;jannauwelaertsdeag;jeroenvannetten;johannesgropp;lucindawals;roaldvanderheide;rudolphwilson;storyzoo;taxibedrijfabdi;tjeerddejong,industry+craft,2,0.235,0.344,1.0,0.375,1.0,1.0,1.0,,,,,,,,,,,,,,,3,,21,17,,,9,8,1,4,1,2,1,,0.0,0.0,0.333,0.5,1.0,0.5,1.0,1.0,1.0,Website & CMS,Website & webdesign,Regionaal (binnen Nederland),Business & professional services,Beter vindbaar in Google,Webshop consumenten (D2C),Klein / zelfstandig,False
redkiwi.com_418,today,original340,1.5,boland;bruynzeelkeukens;budgettrophy;ek88look;elho;esbjaerg;esbjaergvodka;eshuis;helloauto;hotbath;lifeoutdoorliving;multisafepay;netwerkfinancieelgezondmvs;nplw;pameijer;primelease;ret;suitical;touzani;verderliquids;voltaenergy;welovetheplanet,model+geo,2,0.264,0.241,0.625,0.222,,0.5,1.0,,,,,,,,,,,,,,,1,,26,22,,,22,18,4,6,0,4,1,,0.0,0.227,0.364,0.389,0.75,0.333,,0.5,1.0,"Branding, campagne & activatie",Branding & huisstijl,Internationaal / wereldwijd,"Energy, utilities & environment",,Webshop consumenten (D2C),Groot / corporate / marktleider,True
reijervankasteren,today,original340,1.083,barbellebreda;bbqexperiencecenter;bisonpolymax;bostikmamut;bredamaaktmijblij;cameretten;chasstheater;cookboon;dekuyperzero;deltaenergie;dominos;gemeentebreda;instaxfujifilm;jipfish;maasjacobs;massagenl;myfujifilm;nowastearmy;quietbreda;skod;spienederland;stichtingmetjehart;unieksportenbrabant;zuidlimburgbereikbaar,geo,1,1.0,0.351,0.429,0.5,,,,,,,,,,,,,,,,,,0,,33,24,,,2,22,7,2,0,0,0,,0.0,0.0,1.0,0.409,0.571,0.5,,,,"Content, video & PR",Branding & huisstijl,Nederlandse stad of plaats,"Energy, utilities & environment",,,,False
artdustries.com,today,control,1.0,adolftedsengmbhcokg;bstechnology;deilsdesign;dejongens13;netwerkstervenrouwzuidlimburg,craft,1,1.0,0.68,0.5,,,,,,,,,,,,,,,,,,,0,,7,5,,,1,5,2,0,0,0,0,2024,0.0,0.0,1.0,0.8,0.5,,,,,Webshop & e-commerceplatform,Website & webdesign,Regionaal (binnen Nederland),,,,,True
artitex.nl,today,control,1.667,megapointnl;nbvh;nvam;voetbalweddennl;wponderhoudnl;xdcooling,industry+craft+geo,3,,0.722,1.0,0.375,1.0,,1.0,,,,,,,,,,,,,,,0,,7,6,,,0,6,3,4,1,0,2,2023,0.0,0.0,,0.833,1.0,0.5,1.0,,1.0,,"Grafisch ontwerp, drukwerk & print",Heel Nederland (landelijk),"Nonprofits, charities & associations",Website verouderd of nieuw nodig,,Omvang in cijfers,False
artnic.nl,today,control,1.0,provincieoverijssel,,0,,1.0,1.0,,,,,,,,,,,,,,,,,,,0,,1,1,,,0,1,1,0,0,0,0,2023,0.0,0.0,,1.0,1.0,,,,,,Campagnes & creatieve concepten,Regionaal (binnen Nederland),,,,,False
artofadvertising.nl,today,control,2.125,dbtenergie;greatwaves;mitsubishiforklifttrucks;partnify;templaribenelux;vandervalkgroningenhoogkerk;vandervalkhotels;voys,industry+craft+job+model+geo,5,0.5,0.333,0.556,0.375,0.5,1.0,,,,,,,,,,,,,,,,0,,15,8,,,2,6,3,4,4,4,0,2023,0.375,0.25,0.5,0.5,0.667,0.5,0.5,1.0,,Social media organisch,"Outcome-verkoop (leads, omzet, groei)",Heel Nederland (landelijk),"Software, IT & telecom","Meer leads, aanvragen & verkoop",Zakelijke afnemers (B2B),,False
judithdegreef-admosfeer,today,original340,1.25,bloomsoutofthebox;cellics;diabolo;gemeentesonenbreugel;hartmann;smartsealclevercap;vangrooteladviesbureau;waterschapaaenmaas,craft,1,,0.5,,0.5,,,,,,,,,,,,,,,,,,0,,13,8,,,0,4,0,2,0,0,0,,0.0,0.0,,0.5,,0.5,,,,,Branding & huisstijl,,"Fashion, beauty & personal goods",,,,False
jules-nijssen-48448498,today,original340,1.0,aktienotarissen;basbeugelsdijkschilders;behangwebshop;bewyrd;bodywellnessbeauty;ecomax;ekozijn;gehlmax;holisticlife;ikigaieindhoven;keimwerken;kremersschilderwerken;leukecursus;mbs;nordbergoutdoor;oakoriginal;paymentsadvisory;pronkert;puntkomma;purelife;qanjer;schoonpand;schreursroermond;threewells;vlife;wear2;wellnesslabgroup;zonnebrillenopsterkte,,0,,0.339,,,,,,,,,,,,,,,,,,,,0,,28,28,,,0,28,0,0,0,0,0,,0.0,0.0,,0.393,,,,,,,Webshop & e-commerce,,,,,,False
jules-van-dongen-,today,original340,,,,0,,,,,,,,,,,,,,,,,,,,,,4,,4,0,,,0,0,0,0,0,0,0,,,,,,,,,,,,,,,,,,False
julianoudemaatman,today,original340,1.333,gillianbakker;humandesignsolutionsllc;lancestone,craft,1,,0.556,,,,,,,,,,,,,,,,,,,,1,,4,3,,,0,3,0,0,0,0,0,,0.0,0.333,,0.667,,,,,,,Strategie & advies,,,,,,False
julianstevense,today,original340,1.0,daelmansstroopwafels;eetgemak;frieslandcampina;greenwheels;mainenergie;ohra;praxis;randstadnederland;yakult;zigt,craft,1,,0.58,1.0,,,,,,,,,,,,,,,,,,,0,,11,10,,,0,10,1,0,0,0,0,,0.0,0.0,,0.7,1.0,,,,,,Branding & huisstijl,Internationaal / wereldwijd,,,,,False
marjolein-bal,today,original340,1.0,autobedrijfjderond;befitbreda;briacode;businesscenterblokstallen;fitcoachjolien;fysiomarly;holistischepraktijkpura;impershieldeurope;jcracing;leasebemiddelingnederland;praktijkademkracht;secmetaal;signsecuritysystems;spiritueelcentrumroosendaal;viacura;westbrabantbusinessplaza,craft,1,0.347,0.336,,,1.0,,,,,,,,,,,,,,,,,0,,16,16,,,7,16,0,0,2,0,0,,0.0,0.0,0.429,0.5,,,1.0,,,Webshop & e-commerceplatform,Website & webdesign,,,Website verouderd of nieuw nodig,,,False
markkokkelkoren,today,original340,1.333,bondis;ecogedacht;tennisvoordeel,,0,1.0,0.333,,,,,,,,,,,,,,,,,,,,0,,6,3,,,1,3,0,0,0,0,0,,0.0,0.333,1.0,0.333,,,,,,Webshop & e-commerceplatform,Website & webdesign,,,,,,False
marlonvantwillert,today,original340,1.429,afttechniek;autenamarine;draaijerturboservice;elinexpowersolutions;gelatocongioia;lengkeekstaalbouw;pokekingrestaurant,craft,1,,0.722,1.0,0.5,1.0,,,,,,,,,,,,,,,,,2,,12,7,,,0,6,2,2,1,0,0,,0.0,0.143,,0.833,1.0,0.5,1.0,,,,"Grafisch ontwerp, drukwerk & print",Nederlandse stad of plaats,"Energy, utilities & environment","Meer leads, aanvragen & verkoop",,,False
marnix-hendriks,today,original340,2.0,allesoverhuren;altenaad;alvasco;alvascosteenhouwerij;byanuwellness;carplakemaurik;containerverhuurkonings;erwin;fysiovanderheijden;hondersadvocaat;legendsbarbershop;legendsbouw;maxdegroot;oirriooldiensten;wraponly,craft+geo,2,1.0,1.0,0.469,0.188,,1.0,1.0,,,,,,,,,,,,,,,0,,20,15,,,1,10,8,8,0,1,1,,0.0,0.467,1.0,1.0,0.625,0.25,,1.0,1.0,SEO & organische vindbaarheid,Website & webdesign,Nederlandse stad of plaats,"Hospitality, tourism, sports & recreation",,Zakelijke afnemers (B2B),Omvang in cijfers,False
marthijn-de-vries-1a93a962,today,original340,1.5,boschcarservicebouwman;campercontact;clb;deloitte;droomie;examenoverzicht;houseofdeeprelax;inshared;join;klik;nouslib;routenl,channel,1,1.0,0.333,,,,,,,,,,,,,,,,,,,,3,,15,12,,,3,3,0,0,0,0,0,,0.0,0.417,1.0,0.333,,,,,,Apps & custom platforms,SEO & vindbaarheid,,,,,,True
act.agency,today,control,1.0,lgbenelux;odido;schiphol;studiewinkel;wereldouders,craft,1,,0.68,,,,,,,,,,,,,,,,,,,,0,,10,5,,,0,5,0,0,0,0,0,2023,0.0,0.0,,0.8,,,,,,,Campagnes & creatieve concepten,,,,,,True
addix.nl,today,control,1.164,aaaschipholkualalumpur;agc;agcnederland;andremeester;arjandonkersteeg;autorijschoolzone073;baci;bakkerijgoedbrood;cafdegravenvanleuven;denboschinternationaltournament;duketattoo;endologix;extrapeekaa;famschimmel;fokkermro;fokkermuseum;garagefixem;gemeenteshertogenbosch;geriatriemedischcentrum;gibas;glasplein;hoeveelstaathetnu;jari;jbhnascholing;jeroenboschhuisartsen;koninklijkbouwendnederlandvakgroepglas;loslaatacademie;medicadusseldorf2021;ministerievanjeugdzaken;mondzorgclinics;munch;musconceptstore;myjewellery;nag;nagfideachili;orangeriedenbosch;orthowalburg;persoonsvastgoed;powerunlimited;restaurantloff;richa;rickysbarbershop;sannefeiner;scholenprojectoeteldonk;smartrobotics;spacetechexpobremen2021;stjosephkerk;suusksystemischcoaching;svengevers;tandartsenpraktijkdekooiker;taste;textielframebosschedraakdhldenbosch;ttedecuve;unilin;unilininsulation;vanesautomotive;verwersstraat;vvecentrumshertogenbosch;wijnbarbijdirk;zodiacaerospace;zodiacinflightentertainment,geo,1,,0.318,0.59,0.22,,1.0,,,,,,,,,,,,,,,,2,,91,61,,,0,37,20,10,0,2,0,2020,0.0,0.0,,0.405,0.75,0.4,,1.0,,,Branding & huisstijl,Nederlandse stad of plaats,"Hospitality, tourism, sports & recreation",,Webshop consumenten (D2C),,True
addvision.nl,today,control,1.667,baden;betonstaalnl;cavallofloors;jandor;labapp;lastechniekrijnmond;nidecnetherlands;pooltrading;zwaanmetaal,industry+craft+model,3,1.0,0.388,1.0,0.556,0.2,0.625,,,,,,,,,,,,,,,,2,,20,9,,,1,7,1,3,5,4,0,2023,0.0,0.333,1.0,0.571,1.0,0.667,0.2,0.75,,"SEA, display & overige paid advertising",Webshop & e-commerce,Regionaal (binnen Nederland),Manufacturing & industrial,Website verouderd of nieuw nodig,Webshop consumenten (D2C),,True
nofie.nl,today,control,1.026,abeelenbouwnl;addstringcom;administratiekantoorinbalans;alex;arganian;bagelsvillage;blinktfacilities;bonnklusdakonderhoud;bouguitetransport;bouwonderhoud;bozyelstukadoorsbedrijf;brandned;brasserieoostpleinnl;brosecurityenservices;byelena;carunion;centraalpromotiepunt;chickenvegancorner;cisstransportlogistics;cityhoesjenl;coloursschildersbedrijf;desieradenconcurrent;directwerkzorg;djtdejuistetoon;equusmo;essencehealinggouda;eunaturalstones;flexdriveautoverhuur;florinsdelicatesse;geriatandyoungpeople;glowmax;goudsetaxicentrale;goudsevis;gsmplus;hamberzorg;headspacestation;hetzwembadnl;hicham;hoogeveenenautosnl;ilonaevers;jouwautoinkopernl;kindouderleerlingbegeleiding;lavidaparfum;makaashandel;makeupbyou;milouda;mobilefashioncity;mobino;mondhyginistedongen;mounia;nllogistics;pomeraniandroom;ppfashion;ramoudfindyourtrainer;redouan;rijschoolmodulesslagen;rijschoolwowa;rjbvservices;sandraschoonhagendesalesadviseur;sipass;soccerlifestyleacademy;solutionlabnl;sportenbuitendelijnennl;staffmore;staffsupply;stichtingzwembadmidwoud;studentenstad;sweetsmarket;tatjanasbeautysalon;tebar;tom;toptafels;uitzendbureaublits;virgil;voedingscoachjg;xlearning;ydrinstallatietechnieknl,craft,1,1.0,0.506,,0.5,1.0,1.0,,,,,,,,,,,,,,,,0,,77,77,,,1,9,0,2,1,1,0,2025,0.0,0.0,1.0,0.667,,0.5,1.0,1.0,,SEO & organische vindbaarheid,Website & webdesign,,"Staffing, recruitment & HR",Naamsbekendheid & zichtbaarheid,Webshop consumenten (D2C),,False
nohaucreative.nl,today,control,1.0,asml;brothersandsons;cb12;google;hetwittehuis;ing;lebaradk;parapaard;philips;prioderm;satman;soaaidsnederland;westkop,,0,,0.278,,,,,,,,,,,,,,,,,,,,1,,18,13,,,0,6,0,0,0,0,0,2024,0.0,0.0,,0.333,,,,,,,"Video, animatie & fotografie",,,,,,False
nordique.nl,today,control,1.667,amysoft;floer;sefactory,,0,,0.5,1.0,1.0,1.0,,,,,,,,,,,,,,,,,0,,4,3,,,0,2,1,1,1,0,0,2023,0.0,0.333,,0.5,1.0,1.0,1.0,,,,Apps & maatwerk platforms,Regionaal (binnen Nederland),"Construction, real estate & housing",Maatwerk software & efficiëntere processen,,,True
nubisonline.com,today,control,1.0,fashionchick;leavyco,,0,,1.0,,,,,,,,,,,,,,,,,,,,0,,2,2,,,0,1,0,0,0,0,0,2024,0.0,0.0,,1.0,,,,,,,"Online marketing, performance & CRO",,,,,,True
o2communicatie.nl,today,control,1.222,aswatson;gemeenteutrecht;intergamma;kiwa;kruidvat;provincieutrecht;raadvanoverlegmetalektro;salzburgerland;waterschaphollandsedelta,craft,1,1.0,0.506,,,1.0,,1.0,,,,,,,,,,,,,,,0,,10,9,,,1,9,0,0,1,0,1,2023,0.111,0.111,1.0,0.667,,,1.0,,1.0,"E-mail, CRM & marketing automation",Campagnes & creatieve concepten,,,Events & activaties,,Omvang in cijfers,True
goldfizh.nl,today,control,1.375,acmetric;artsenzorg;asr;asrvitality;bmc;careerpilots;degoedenieuwetijd;exalate;froot;hogeschoolutrecht;impressivegreenapple;janamericanpancakes;jellinek;knb;ministerievandefensie;nationaalmsfonds;naturafoundation;nldigital;nutricia;parteon;pedals;randstad;rso;stichtinghartekind;susa;tempoteam;thecookwarecompany;trimbos;triodosbank;wiplay;yacht;zoover,channel+model+geo,3,0.457,0.168,0.556,0.153,,1.0,0.5,,,,,,,,,,,,,,,0,,41,32,,,19,25,3,12,0,4,2,2023,0.0,0.0,0.526,0.32,0.667,0.25,,1.0,0.5,"Branding, campagne & activatie",Campagnes & creatieve concepten,Heel Nederland (landelijk),"Staffing, recruitment & HR",,Zakelijke afnemers (B2B),Familiebedrijf / gevestigd met historie,False
greencreatives.nl,today,control,1.348,anna;balanceofzero;basisschooloscarcarr;biocryptology;bloomon;bluecircle;bondadvocatenamsterdam;cassatiestrafrechtjeugdmeijerscanatan;comforda;depits;devroedtenthierry;florisvalent;fransekamervankoophandel;fridaymascara;harrysangha;hizihair;horatiovastgoed;ivy;kinkikappers;legalgamingattorneys;leonleon;lerendeambtenaar;loptimize;mavim;moembly;monumentenbezit;mosselmakelaars;nasseralkamouchi;porsche;reppido;sabineberkouwer;sandermurray;seegerslebouille;sergedesousa;simlab;stichtinglifegoals;stokedcrossfit;stox;sylvievandenmeerendonk;tinyriot;vanessenadvocaten;vryvanfintessa;wackersacademie;webbtraders;whello;willowandcoconut,craft+channel+stage+geo,4,0.733,0.605,0.625,0.109,,,1.0,,,,,,,,,,,,,,,3,,51,46,,,39,43,4,16,0,0,3,2024,0.0,0.0,0.846,0.767,0.75,0.188,,,1.0,"Branding, campagne & activatie",Branding & huisstijl,Nederlandse stad of plaats,Business & professional services,,,Startup / jong / groeiend,False
gripoponline.nl,today,control,1.375,archipel;banbouw;bangroep;crossfitduketown;dereigercatering;marbategels;vanwaardetherapie;walra,channel,1,0.755,0.219,1.0,1.0,1.0,,,,,,,,,,,,,,,,,0,,12,8,,,7,8,1,2,1,0,0,2025,0.0,0.0,0.857,0.25,1.0,1.0,1.0,,,SEO & organische vindbaarheid,Employer branding & recruitment,Regionaal (binnen Nederland),"Hospitality, tourism, sports & recreation",Personeel werven & werkgeversmerk,,,False
grizzlymarketing.nl,today,narrower,1.091,brokxprojectinrichting;emielspong;frankhoeben;margawispels;martijnbraat;myriamensamanthavrijland;pambatextielreiniging;robcorduwener;studio206fotografie;supershine;techforceinnovations,channel,1,0.625,1.0,,1.0,,,1.0,,,,,,,,,,,,,,,0,,11,11,,,4,2,0,1,0,0,1,2020,0.0,0.0,0.75,1.0,,1.0,,,1.0,SEO & organische vindbaarheid,Campagnes & creatieve concepten,,"Media, culture & entertainment",,,Klein / zelfstandig,True
groovedigital.agency,today,control,1.684,absstuurapparaten;ambiancewellness;amillionmiles;boostix;castaneabedrijfsmakelaars;convoschool;courtesymasters;credomarketing;cybercapital;dameaandekade;equilin;filamentz;ghoagency;gremindex;health30;ilceurope;keepmovingtheagency;laanbuildingsolutions;malvaamsterdam;mijnracketnl;mosamsterdam;netpack;neuroo;nimani;noordcoffeeroasters;promptwatch;restaurantshun;skiraarte;sneppies;spectrumperformance;studieklus;synderellaoffices;theswimhatco;trustmarketing;vsnzevents;winand;winclove;yaenasolutions,channel+model+geo,3,0.392,0.23,0.722,0.123,1.0,0.57,0.281,,,,,,,,,,,,,,,0,,56,38,,,24,20,25,25,1,11,8,2024,0.0,0.026,0.583,0.4,0.84,0.2,1.0,0.727,0.375,Website & CMS,Website & webdesign,Nederlandse stad of plaats,"Hospitality, tourism, sports & recreation",Beter vindbaar in Google,Zakelijke afnemers (B2B),Familiebedrijf / gevestigd met historie,True
contentxperience.nl,today,narrower,1.545,axians;bechtle;cegeka;cisco;ciscoglobal;copaco;ecs;eplansoftwareservice;flexyz;flxsolutions;fujitsu;infradax;itb2;simac;solutionhouse;swarco;techdata;tectrade;telindus;unit4;valid;vhp2,industry+job,2,1.0,0.179,1.0,0.708,0.625,,,,,,,,,,,,,,,,,3,,32,22,,,1,21,1,12,4,0,0,2020,0.0,0.0,1.0,0.286,1.0,0.833,0.75,,,Social media organisch,Campagnes & creatieve concepten,Internationaal / wereldwijd,"Software, IT & telecom",Naamsbekendheid & zichtbaarheid,,,False
converzo.nl,today,narrower,1.68,4x4center;anbopcob;blikhr;cope;dementieregioutrecht;detoestroom;dewitteoss;dierenartsenmiddenbrabant;districtsocial;dolcevillas;drageninschagen;droomtuynen;ecozo;ellesnijkamp;euregiojeugdorkest;europost;flexrex;fongers;gate2;goedgepickt;heerbeeckcollege;hetpontelos;highcarecleanrooms;horseflex;kempenhaeghe;konux;lococlassics;lycogel;mooovfilmdistribution;natec;onbattery;praktijkup;qmonkeys;raintanks;seccinterieur;seenfoundation;spirello;stadmettoekomst;stercollege;studiopott;swinkelsfamilybrewers;taalkracht;uniqueexterior;vandriel;veemeevisuals;wanderinterieur;waterprof;witgoedservicecc;yoopie;yoopienl,channel,1,0.594,0.29,0.28,0.089,1.0,1.0,1.0,,,,,,,,,,,,,,,1,,58,50,,,8,20,10,33,1,1,1,2023,0.0,0.0,0.75,0.45,0.3,0.152,1.0,1.0,1.0,Webshop & e-commerceplatform,Website & webdesign,Internationaal / wereldwijd,"Construction, real estate & housing",Maatwerk software & efficiëntere processen,Webshop consumenten (D2C),Startup / jong / groeiend,True
convident.nl,today,control,1.25,ankercrewinsurance;bumahandel;dehaanspecialequipment;dekloostertuinhoveniers;devriesxltuinmeubelen;erfgoedpartners;hondendagopvangdegabber;labouquetterie;lode;sidijk;tinyeye;ventilex,,0,0.333,0.24,1.0,0.5,,,,,,,,,,,,,,,,,,0,,16,12,,,3,10,2,2,0,0,0,2022,0.0,0.083,0.333,0.4,1.0,0.5,,,,Social media paid,Website & webdesign,Internationaal / wereldwijd,"Transport, logistics & automotive",,,,True
cop-y.nl,today,control,1.0,fysiofit;gemeentebrummen;gemeentezutphen;jacowiegersmamakelaar;rabobank;stichtingtimeus,craft,1,,0.5,,,,,,,,,,,,,,,,,,,,0,,6,6,,,0,6,0,0,0,0,0,2020,0.0,0.0,,0.667,,,,,,,Content & copywriting,,,,,,False
crcl.nl,today,control,1.0,360;certarental;festumeventsupplies;hmlbedding;plasticrecyclingcompany;streamwise;theperformance,craft,1,,0.44,,,,,,,,,,,,,,,,,,,,0,,30,7,,,0,5,0,0,0,0,0,2020,0.0,0.0,,0.6,,,,,,,Branding & huisstijl,,,,,,True
iosono.nl,today,control,1.159,allsolutions;altrannetherlands;anderstrainen;brainportindustriescollege;bruersschilderwerken;citrussoftware;cocomo;connexie;countingbusiness;ensior;ezcompany;flow;inergyanalyticalsolutions;inloophuismiddenbrabant;kermisfm;lanonnatrattoria;lawtonadvocaten;medtronic;micralautomatisering;microsoftdynamicsuser;microstrategy;pdcare;personale;puurnl;radio8fm;raxcosoftware;reframeadviestraining;remcoclaassen;salesimprovement;samsung;sapnederland;sevenmatches;stichtingtypischtilburg;stichtingverbeetenfonds;tilburginnovationcenter;tilburgspint;tmobile;toincrease;tsystems;ultimit;vanboekelvastgoed;vianuova;zilverzon;zorga,,0,0.5,0.19,1.0,0.28,0.222,,,,,,,,,,,,,,,,,0,,45,44,,,2,11,1,5,6,0,0,2023,0.0,0.023,0.5,0.273,1.0,0.4,0.333,,,Multi-channel & omnichannel,"Video, animatie & fotografie",Nederlandse stad of plaats,"Software, IT & telecom","Meer leads, aanvragen & verkoop",,,False
ismotion.nl,today,control,2.0,bedrijfspandenmiddennederland;kippenhuis,,0,1.0,1.0,1.0,1.0,1.0,,,,,,,,,,,,,,,,,0,,4,2,,,1,1,1,1,1,0,0,2023,0.5,0.0,1.0,1.0,1.0,1.0,1.0,,,"Content, video & PR","Video, animatie & fotografie",Heel Nederland (landelijk),Retail & e-commerce (general consumer goods),"Meer leads, aanvragen & verkoop",,,False
jakdesign.nl,today,control,1.0,akwartier;alpacasenzo;aluxlichtstraten;apollopraktijk;artin;ayaenergysolutions4u;baanbrekendperspectief;basicverhuur;bba;belieff;bhvgereed;bintbouw;boksshop;boxfox;bureaubijma;bureaumaatwerk;camperplaatsveendam;curaxl;degrootpolyesterwerken;deklaver;devastgoedschilder;dutchwineapprentice;enpron;epanext;epublic;feelnordix;flexbeweging;gforce;goumavastgoed;greenbusinesschallenge;griporganizing;gritcore;hejij;jmtrucking;kdw;kikireizen;kwiekenergie;ldhbuitenprojecten;leersaam;liefleukenhip;lorelconsultancy;lyrawms;meerkerkinfra;niekhuizenga;ordetraining;protexxsport;ps5kopen;rioolvrij;robertkeuringen;schildersbedrijfklaverblad;scrumcoach;seastar;shirtprintshop;sinnetechniek;smelltest;suik;targetlasergame;techzeker;thewoodpacker;ticom;tmhrspecialist;twentyfourflow;uniekgezond;updateict;verbruiksoverzicht;verhuisbedrijfkoot;vipkids;vvnieuwroden;yumy,,0,,1.0,,,,,,,,,,,,,,,,,,,,0,,78,69,,,0,1,0,0,0,0,0,2023,0.0,0.0,,1.0,,,,,,,Website & webdesign,,,,,,True
jam16.nl,today,control,1.214,aflatounfoundation;cadillac;evangelicalworkassociation;evangelischwerkverband;grolsch;nokia;pepsimax;philips;plussupermarkt;presentsalvationarmyfoundation;renault;sns;tmobile;vogelbeschermingnl,industry,1,,,,1.0,,,,,,,,,,,,,,,,,,1,,15,14,,,0,0,0,3,0,0,0,2025,0.0,0.0,,,,1.0,,,,,,,"Nonprofits, charities & associations",,,,True
jmr-digital.com,today,control,1.16,atw;bbquality;cadi;compoundgymrotterdam;conceptsdigital;deployteq;feriadelmuebledeyecla;flexizone;heardthat;istani;istanillc;kaeserportugal;knab;kramp;namibianhardwood;pinterestmastery;progresslab;schiphol;schoonenberg;sennheiser;singularhearing;transavia;wickes;workin;worldmerit,channel+geo,2,0.625,0.306,0.5,,,,,,,,,,,,,,,,,,,8,,40,25,,,4,11,4,0,0,0,0,2025,0.0,0.12,0.75,0.364,0.5,,,,,"E-mail, CRM & marketing automation","E-mailmarketing, automation & funnels",Nederlandse stad of plaats,,,,,False
ruben-machiels-037783196,today,original340,2.0,amaarchitectenbureau;apply;ghislaincordeel;i3exclusive;msmedia;soupbros;vluggeverspreiding;wolfshoveniers,craft,1,,1.0,,0.265,,,,,,,,,,,,,,,,,,0,,10,8,,,0,8,0,7,0,0,0,,0.0,0.0,,1.0,,0.429,,,,,Branding & huisstijl,,Business & professional services,,,,False
ruudbergen,today,original340,1.0,catchajet;mallardpetfoods;rootscarrots;wavesshaveice,craft,1,,0.625,,,,,,,,,,,,,,,,,,,,0,,4,4,,,0,4,0,0,0,0,0,,0.0,0.0,,0.75,,,,,,,Branding & huisstijl,,,,,,False
rwildschut,today,original340,1.0,4pmentertainment;aldaevents;capripare;christianiaalsmeer;crocodileagency;d2dprojects;dontsaynothing;festifoort;gogotours;housequake;joyxflowfestival;noart;onefit;oranjeroesfestival;primapersoneel;provvebeheer;singhabeer;tiarosaamsterdam,,0,,0.284,,,,,,,,,,,,,,,,,,,,0,,39,18,,,0,18,0,0,0,0,0,,0.0,0.0,,0.389,,,,,,,"Grafisch ontwerp, drukwerk & print",,,,,,False
ryan-van-donkelaar-09829715b,today,original340,1.0,arendadviesenadministratie;autiomationfirst;royallook;shortformsocials,,0,,,,,,,,,,,,,,,,,,,,,,0,,4,4,,,0,0,0,0,0,0,0,,0.0,0.0,,,,,,,,,,,,,,,False
sabine-van-hoven-steenbergen-18442720,today,original340,1.8,beautygifts;obslinq;senzo;tmconstruction;tmcpersoneelsdiensten,craft,1,1.0,0.556,1.0,0.333,0.5,0.5,,,,,,,,,,,,,,,,0,,15,5,,,1,3,1,3,2,2,0,,0.0,0.0,1.0,0.667,1.0,0.333,0.5,0.5,,SEO & organische vindbaarheid,"Online marketing, performance & CRO",Internationaal / wereldwijd,"Fashion, beauty & personal goods",Beter vindbaar in Google,Webshop consumenten (D2C),,False
sabineroex,today,original340,1.353,amsterdammuseum;balr;combitools;drykorn;fillingpieces;leclercbaby;mastersofhardcore;matchwornshirt;notyd;nxtlevel;nxtmuseum;ourhousemuseum;parookaville;schuurmanschoenen;sensationwhite;spinninrecords;strongviking,industry+channel+geo,3,0.556,0.333,0.68,0.52,1.0,1.0,,,,,,,,,,,,,,,,0,,21,17,,,3,6,5,5,1,1,0,,0.0,0.059,0.667,0.333,0.8,0.6,1.0,1.0,,Offline media & events,"Video, animatie & fotografie",Internationaal / wereldwijd,"Fashion, beauty & personal goods",Naamsbekendheid & zichtbaarheid,Zakelijke afnemers (B2B),,False
sadriaanse,today,original340,1.188,annelottevandestreek;arcobakker;behaav;btslogistics;damenscheldemarineservices;dnaunitedforwarders;ericvanveen;frameoffices;jorisjonkman;karsvanlaarhoven;nielsolthuis;rudyspinola;specialcargo;thanqs;tonnyheijink;vantilburgbastianen,craft+channel,2,0.755,0.592,,1.0,,,,,,,,,,,,,,,,,,18,,43,16,,,7,7,0,1,0,0,0,,0.062,0.062,0.857,0.714,,1.0,,,,"E-mail, CRM & marketing automation","E-mailmarketing, automation & funnels",,"Food, beverage & agriculture",,,,True
sakevandenbrule,today,original340,1.917,belastingdienst;dupho;firan;hallmark;koninklijkconcertgebouworkest;kwfkankerbestrijding;leenbakker;omroepwnl;pomms;rijksoverheid;staatsbosbeheer;startpagecom,geo,1,,0.5,0.556,0.184,1.0,,1.0,,,,,,,,,,,,,,,0,,13,12,,,0,2,3,7,1,0,1,,0.083,0.0,,0.5,0.667,0.286,1.0,,1.0,,Branding & huisstijl,Heel Nederland (landelijk),"Construction, real estate & housing","Merk, huisstijl & verhaal",,Omvang in cijfers,False
joepublic.nl,today,control,1.1,aldi;alsnederland;buut;doeslief;genai;kika;msd;ohra;simyo;sire,,0,,0.5,,1.0,,,,,,,,,,,,,,,,,,0,,18,10,,,0,2,0,1,0,0,0,2025,0.0,0.0,,0.5,,1.0,,,,,Campagnes & creatieve concepten,,Finance & insurance,,,,False
jungleminds.nl,today,narrower,1.2,abnamro;apg;axeco;bamhomestudios;ectrotterdam;leaseplan;royalswinkels;shvenergy;tno;unilever,model,1,,0.224,,1.0,0.5,0.5,,,,,,,,,,,,,,,,0,,11,10,,,0,7,0,1,2,4,0,2025,0.1,0.0,,0.286,,1.0,0.5,0.5,,,Apps & maatwerk platforms,,"Transport, logistics & automotive",Maatwerk software & efficiëntere processen,Consumentenmarkt offline,,True
junnect.nl,today,control,1.08,39graden;anouksevents;autoservicehopman;avistaoil;cleijsen;cultuurverbindtroosendaalgemeenteroosendaalenanderen;cys;deprinterstore;dwprefab;festivalopdegrens;flexfestival;gemeentevenlo;gspotfestival;hetwapenvanroosendaal;humansafetyalliance;hypoexpert;korpershoekfreshfood;kunstbende;kunstbendenoordbrabant;lightinova;naampatch;onlyhuman;stichtingcarnavalroosendaal;transmuralewerkgroepstuitligging;wubbenoil,,0,1.0,0.172,1.0,1.0,1.0,,,,,,,,,,,,,,,,,0,,32,25,,,1,23,1,1,1,0,0,2023,0.04,0.0,1.0,0.261,1.0,1.0,1.0,,,Social media organisch,Website & webdesign,Heel Nederland (landelijk),Education & childcare,"Merk, huisstijl & verhaal",,,False
kaliber.net,today,control,1.72,albron;alliander;ampere;ariston;asito;aumc;bavaria;bnnvara;bol;demolen;icm;jumbo;klm;knb;latrappe;nijntjemuseum;rabobank;rituals;rodenbach;san;slachtofferhulp;spoorwegmuseum;swinckels;teameiffel;vodafoneziggo,geo,1,1.0,0.248,1.0,0.142,1.0,1.0,,,,,,,,,,,,,,,,0,,46,25,,,1,25,3,18,1,1,0,2025,0.0,0.0,1.0,0.36,1.0,0.222,1.0,1.0,,Apps & custom platforms,Campagnes & creatieve concepten,Heel Nederland (landelijk),"Food, beverage & agriculture",Personeel werven & werkgeversmerk,Zakelijke afnemers (B2B),,False
keenr.nl,today,control,1.333,creativelabamsterdam;kpn;mozartkliniek,craft,1,0.5,0.556,,1.0,,,,,,,,,,,,,,,,,,0,,3,3,,,2,3,0,1,0,0,0,2024,0.0,0.0,0.5,0.667,,1.0,,,,Social media paid,Website & webdesign,,Healthcare & care,,,,False
hammerfest.co,today,control,1.0,cityofamsterdam;debijenkorf;frieslandcampina;gstarraw;omroepzwart;oxfamnovib;rituals;rookvrij;sire;tommyjeans;videoland;zalando,,0,0.5,0.5,,,,,,,,,,,,,,,,,,,,0,,12,12,,,2,2,0,0,0,0,0,2024,0.0,0.0,0.5,0.5,,,,,,Offline media & events,Campagnes & creatieve concepten,,,,,,False
happiness-anywhere.com,today,control,1.0,albertheijn;bebat;burgerking;dedruglijn;kennemerhart;lotto;marktplaats;ovk;promaz;quick;soubry;verisure,craft,1,1.0,0.375,,,,,,,,,,,,,,,,,,,,0,,27,12,,,1,4,0,0,0,0,0,2024,0.0,0.0,1.0,0.5,,,,,,Social media organisch,Campagnes & creatieve concepten,,,,,,False
helloitsme.online,today,control,1.0,autotelex;berghoff;cottondistrict;febo;fouramsterdam;ing;judithvandenengel;khanautomotive;ledlichtdiscounternl;michellescheenhart;nlson;pluukz;practicalexcellenceinfinance;rfolkers;rickvandenbarselaar;thiememeulenhoff;tongroot;violettatawfik,,0,1.0,0.258,,,0.5,,,,,,,,,,,,,,,,,0,,29,18,,,2,16,0,0,2,0,0,2020,0.0,0.0,1.0,0.375,,,0.5,,,"SEA, display & overige paid advertising","Online marketing, performance & CRO",,,Advertenties & campagnes renderen niet,,,True
communicatieteam.nl,today,narrower,1.0,stichtingweeshuisjes;voedselbankdenboschenomstreken,,0,,1.0,,,,,,,,,,,,,,,,,,,,1,,3,2,,,0,2,0,0,0,0,0,2023,0.0,0.0,,1.0,,,,,,,Branding & huisstijl,,,,,,True
contentcoalitie.nl,today,control,1.0,agoratheaterlelystad;astcartechnics;aviodrome;bmodesto;broodenbanketbakkerijprins;byzz;gabrilschoolputten;gemeenteharderwijk;nationaalsinterklaasmuseum;profendum;royalfence;sbpe;takeoffmarine;toptop;vakmanspaltman;voortekst,,0,,0.209,,,,,,,,,,,,,,,,,,,,0,,24,16,,,0,15,0,0,0,0,0,2023,0.0,0.0,,0.267,,,,,,,Content & copywriting,,,,,,False
contentkunstenaar.nl,today,control,1.0,eva;flexforcemonkey;geo4nrg;hipselect;kloosterkerk;lessgrey;mercell;renses;revalidatieplanners;solmate;theaterbabel;train2work;vanedepartners,,0,0.222,0.207,,,,,,,,,,,,,,,,,,,,0,,34,13,,,6,11,0,0,0,0,0,2025,0.0,0.0,0.333,0.273,,,,,,SEO & organische vindbaarheid,Content & copywriting,,,,,,True
contentvorm.nl,today,control,1.0,algemeennederlandspersbureau;carglass;degroteclubactie;gemeentebreda;leidingenstraatnederland;lenovo;midzuid;portofmoerdijk,channel,1,1.0,0.265,,,,,,,,,,,,,,,,,,,,16,,42,8,,,3,7,0,0,0,0,0,2025,0.0,0.0,1.0,0.286,,,,,,"Content, video & PR","Video, animatie & fotografie",,,,,,False
8ontwerp.nl,today,control,1.0,assetmanagementawareness;basf;bertplantagie;daan;igepa1010;igepamailings;imagile;kwbn;prointensafrica;safetygo;scrumbld;simpuls;simwall,craft,1,,0.556,,,,,,,,,,,,,,,,,,,,0,,13,13,,,0,3,0,0,0,0,0,2023,0.0,0.0,,0.667,,,,,,,"Grafisch ontwerp, drukwerk & print",,,,,,False
90graden.com,today,control,1.571,aafje;centrop;gemeenteamstelveen;gemeentekrimpen;gemeentewaddinxveen;magiccare;sophiakinderziekenhuis,industry,1,,0.278,1.0,0.375,0.5,,1.0,,,,,,,,,,,,,,,0,,10,7,,,0,6,1,4,2,0,2,2023,0.0,0.0,,0.333,1.0,0.5,0.5,,1.0,,Branding & huisstijl,Nederlandse stad of plaats,"Nonprofits, charities & associations",Bewustwording & gedragsverandering,,Omvang in cijfers,False
aandagt.nl,today,control,1.333,alldra;heerlijkalmelo;stopel,,0,,0.5,,1.0,1.0,,,,,,,,,,,,,,,,,0,,3,3,,,0,2,0,1,1,0,0,2023,0.0,0.0,,0.5,,1.0,1.0,,,,"Online marketing, performance & CRO",,Government & public sector,"Merk, huisstijl & verhaal",,,False
achieve.nl,today,control,2.049,adirectcarparts;beddenenzo;bionippy;bouwvergunningdirect;buruconstruction;cabby;careerrebels;cherries;cryptoarchitect;denizkaradirekkibaroglu;frootie;greenteam;gromotion;horlogewinkel;huisartsenspoedpostdelimes;jimdavids;jskonings;kevinhermans;kortingcentrum;logoslegal;markvanzijp;melikecagan;minimastersplayground;moustafanasr;muratbolat;planles;qartago;ronvandam;ronvandamart;rpu;sequoiaclinic;shaquillejarmohamed;sharkysgym;surprisecompany;thecavezanzibar;turnedgovernmentinternational;wfeng;winkwing;wrppn;zlemsara;zorggroephaarlemmermeer,craft+model+geo,3,0.178,0.446,0.333,0.09,0.219,1.0,1.0,,,,,,,,,,,,,,,0,,63,41,,,25,22,6,36,8,4,1,2023,0.122,0.0,0.24,0.636,0.5,0.139,0.25,1.0,1.0,"SEA, display & overige paid advertising",Website & webdesign,Nederlandse stad of plaats,"Construction, real estate & housing",Webshop & online verkoop,Webshop consumenten (D2C),Familiebedrijf / gevestigd met historie,True
odiv.nl,today,control,2.8,bernarduswine;contentkalender;golfparkspandersbosch;simpleanalytics;sthree,industry+craft,2,0.36,0.44,1.0,0.375,1.0,1.0,,,,,,,,,,,,,,,,0,,8,5,,,5,5,1,4,1,1,0,2020,0.0,1.0,0.4,0.6,1.0,0.5,1.0,1.0,,Multi-channel & omnichannel,Social media content & beheer,Internationaal / wereldwijd,"Software, IT & telecom","Meer leads, aanvragen & verkoop",Webshop consumenten (D2C),,True
ogilvy.nl,today,control,1.0,akzonobel;aquarius;asics;centerparcs;cocacola;dela;fanta;ford;kfc;mattel;milka;panenka;philips;philipshue;prorail;seashepherd;sennheiser;southafricantourism;vodafone;volleyballworld;volvo;yubo;ziggo,,0,,0.5,,,,,,,,,,,,,,,,,,,,4,,42,23,,,0,2,0,0,0,0,0,2025,0.0,0.0,,0.5,,,,,,,Branding & huisstijl,,,,,,False
onlineperformance.agency,today,control,1.722,bankenbazaar;bonappio;bookedoogroepsaccommodaties;boonstrawijnen;miuraceramics;nachtrust;okeanos;planjeuitje;rable;ramatours;ripstar;ripstartravel;rotary;smitfloor;studiobureauarlan;tollvignettes;tollvignettescom;vineavakanties,craft,1,0.289,0.351,,1.0,,,,,,,,,,,,,,,,,,0,,31,18,,,15,15,0,1,0,0,0,2020,0.0,0.667,0.467,0.533,,1.0,,,,SEO & organische vindbaarheid,SEO & vindbaarheid,,Education & childcare,,,,False
panbranding.nl,today,narrower,1.5,bambouwtechniek;bamwonen;budlr;grondg;h2storage;logville;logvillevlaanderen;nowherdays;powergirlz;redsaam;redwired;soeplr,craft+channel,2,1.0,0.54,,0.25,1.0,1.0,,,,,,,,,,,,,,,,0,,13,12,,,6,10,0,4,1,1,0,2025,0.083,0.0,1.0,0.7,,0.25,1.0,1.0,,"Branding, campagne & activatie",Branding & huisstijl,,"Construction, real estate & housing",Maatwerk software & efficiëntere processen,Gemengd,,True
pangaea.nl,today,narrower,1.842,aikibudo;aircologic;aircovent;bancostacruise;birthbear;bobasupply;bodyshapestore;brinkscoffeeroasters;brutejeeps;carltonhotelcollection;deensupermarkt;duifinternational;fredimare;good2move;happyeyesclub;happyhairservice;heetwaterexpert;hotelamsterdam;hotelarena;hoteldesindes;hotelkarelv;hotelnavarra;hotelvanoranje;hsclimatesolutions;icedelite;lydis;mediceuticals;opdemastnl;paal8hotelaanzee;remeha;salora;spaansen;terpstramuziek;themadison;therebyl;vandijk;vanlier;yielder,,0,,1.0,,0.242,,0.5,,,,,,,,,,,,,,,,0,,47,38,,,0,1,0,28,0,2,0,2020,0.0,0.0,,1.0,,0.357,,0.5,,,Strategie & advies,,"Hospitality, tourism, sports & recreation",,Webshop consumenten (D2C),,True
martijnberns,today,original340,1.0,appical;expatfile;hely;moderndentaleurope;pinkweb;polidirect;studiopietboon;tjip;younited,craft+channel,2,1.0,1.0,1.0,,,,,,,,,,,,,,,,,,,0,,17,9,,,9,9,1,0,0,0,0,,0.0,0.0,1.0,1.0,1.0,,,,,"E-mail, CRM & marketing automation","E-mailmarketing, automation & funnels",Internationaal / wereldwijd,,,,,False
martijnboeser,today,original340,1.0,boomspecialistdelangstraat;coendamen;dynochiptuningfiles,,0,,,,,,,,,,,,,,,,,,,,,,8,,12,3,,,0,0,0,0,0,0,0,,0.0,0.0,,,,,,,,,,,,,,,False
martijngillijns,today,original340,1.533,atlant;aventus;beexact;bluestallionfarm;buroschuite;deventerziekenhuis;elicitonline;gemeenteraalte;huisartspraktijkzandweerd;invictaracing;invictawatch;landstedembo;phantom;solidpartners;studiokirstenreith,craft+job,2,,0.361,1.0,0.25,0.44,,1.0,,,,,,,,,,,,,,,0,,25,15,,,0,13,1,8,5,0,1,,0.0,0.0,,0.538,1.0,0.375,0.6,,1.0,,Branding & huisstijl,Specifiek buitenland,Healthcare & care,"Merk, huisstijl & verhaal",,Startup / jong / groeiend,False
martin-verspeek,today,original340,1.25,betaalvereniging;dudokwonen;fairtradeoriginal;gemeentenieuwegein;ideal;idealqr;ieder;koopmans;provincieutrecht;sociaalsecretariaatvleessector;svpb;vgokeur,job+geo,2,,,0.556,0.5,0.375,,1.0,,,,,,,,,,,,,,,20,,44,12,,,0,0,3,2,4,0,1,,0.0,0.0,,,0.667,0.5,0.5,,1.0,,,Nederlandse stad of plaats,Finance & insurance,Bewustwording & gedragsverandering,,Groot / corporate / marktleider,False
martinneuteboom,today,original340,1.333,hygienesupply;interplate;veldhoenverhuizingen,,0,,1.0,,,,,,,,,,,,,,,,,,,,0,,6,3,,,0,1,0,0,0,0,0,,0.0,0.333,,1.0,,,,,,,"Online marketing, performance & CRO",,,,,,True
julien-lacunes-b7aa0715,today,original340,1.133,atnsecurity;aviavollenhoven;careerfair;carespectrum;dirkzwager;edsn;elisevanbeek;goedhartbakery;gokinderdagverblijf;jochemleemans;martinouderkerken;municipalityofoldebroek;ogd;strukton;twanrelouw,craft,1,,0.625,,0.5,,,,,,,,,,,,,,,,,,0,,26,15,,,0,4,0,2,0,0,0,,0.0,0.0,,0.75,,0.5,,,,,"Video, animatie & fotografie",,"Software, IT & telecom",,,,False
justinhuijmans,today,original340,1.0,allincarwash,,0,,,,,,,,,,,,,,,,,,,,,,0,,1,1,,,0,0,0,0,0,0,0,,0.0,0.0,,,,,,,,,,,,,,,False
karelgeenen,today,original340,1.0,blokkenhurennl;footlogics;markaerts,,0,,,,,,,,,,,,,,,,,,,,,,6,,9,3,,,0,0,0,0,0,0,0,,0.0,0.0,,,,,,,,,,,,,,,False
karshoving,today,original340,1.0,certoo;chiorotterdam;corebyedelwonen;element61;excelsiorrotterdam;hubresorts;plantaflag;roetz;sognoresorts;stichtingroparun;testamentbe;verloningnl;worldtradecenter;wtjtrading,channel,1,0.802,0.256,,,,1.0,,,,,,,,,,,,,,,,0,,14,14,,,9,11,0,0,0,1,0,,0.0,0.0,0.889,0.364,,,,1.0,,"SEA, display & overige paid advertising",Online adverteren (paid ads),,,,Webshop consumenten (D2C),,True
karstenvanetten,today,original340,1.273,airback;editflow;hangeleven;icetubs;kcycle;nomodels;schwartzvonhalen;studiomoda;thephonelab;tubclub;welvaere,channel,1,0.556,,0.333,,,,1.0,,,,,,,,,,,,,,,0,,18,11,,,3,0,3,0,0,0,1,,0.0,0.273,0.667,,0.333,,,,1.0,Social media paid,,Nederland plus buurlanden,,,,Groot / corporate / marktleider,False
annabel.nl,today,narrower,1.0,cleantechregio;drutenenwijchen;erpopen;gemeentenijmegen;ggnet;gloedcommunicatie;imcweekendschool;prorail;rijkswaterstaat;tuincentrumnl;unitedeconomy;volkshuisvestingarnhem;zevenaar,craft,1,,1.0,,,,,,,,,,,,,,,,,,,,0,,13,13,,,0,13,0,0,0,0,0,2025,0.0,0.0,,1.0,,,,,,,"Video, animatie & fotografie",,,,,,False
anyscreensize.com,today,narrower,1.0,afera;fluidwell;sunconnect;supergarant;supergarantverzekeringen;trotsemamas,craft+job,2,,1.0,1.0,,0.556,,,,,,,,,,,,,,,,,0,,6,6,,,0,6,1,0,3,0,0,2020,0.0,0.0,,1.0,1.0,,0.667,,,,Website & webdesign,Internationaal / wereldwijd,,Maatwerk software & efficiëntere processen,,,True
remco-mir-candela-75164517,today,original340,1.13,adspotting;astrid;dierenlot;dominique;eneco;fixedfinance;hallostroom;hellofresh;hyundai;icon;intereno;mez;mitsubishi;mojo;picnic;remco;rob;robrecht;roger;spareribexpress;tom;vattenfall;verisure,craft,1,,0.686,,0.5,0.5,,,,,,,,,,,,,,,,,0,,30,23,,,0,11,0,2,2,0,0,,0.0,0.043,,0.818,,0.5,0.5,,,,"Outcome-verkoop (leads, omzet, groei)",,Business & professional services,Personeel werven & werkgeversmerk,,,False
remikuchler,today,original340,1.556,adc;anwb;centric;digitaltrustcenter;ennatuurlijk;gigastorage;hoffmann;mkbnederland;mywheels;nedscaper;oxfamnovib;quinyx;rocmondriaan;shuttel;thesharing;unsnoozed;vlirdens;watermelon,craft+model,2,0.333,0.883,0.5,0.28,0.333,1.0,1.0,,,,,,,,,,,,,,,0,,23,18,,,3,16,2,5,3,3,1,,0.0,0.278,0.333,0.938,0.5,0.4,0.333,1.0,1.0,Offline media & events,PR & influencer marketing,Nederlandse stad of plaats,"Transport, logistics & automotive",Naamsbekendheid & zichtbaarheid,Zakelijke afnemers (B2B),Startup / jong / groeiend,True
reneepping,today,original340,1.025,anwb;apenheul;blueumbrella;bochane;btgbioliquids;capitalid;centrop;cito;cultuuroost;draismabouw;everybodyfrank;gemeenteapeldoorn;gemeenteduiven;hollandia;huidvit;itt;ittinc;kishaircare;kleingeluk;lanza;lazersport;looox;lugarde;meyn;meynpoultryprocessing;ministryofbeauty;nedap;nexans;partou;randzaak;ruitenbergingredints;shimano;studioocan;superstay;timing;trendhopper;unica;vegainsiders;vidar;wila,,0,,,,1.0,,,,,,,,,,,,,,,,,,0,,54,40,,,0,0,0,1,0,0,0,,0.0,0.0,,,,1.0,,,,,,,"Food, beverage & agriculture",,,,False
rickkwakkel,today,original340,1.303,1key;24uurszorgloket;abstrading;acture;bierbusiness;blisss;desociaaleconomischeraad;eki;elvedes;empbrandkeepers;fastlanesolutions;flexineb;forallit;gereedschappelijk;heuvelrijkbergendal;jaguarlandroverjacobschaap;jaguarlandroverkroymans;jaguarlandrovernederland;jaguarlandroverterlouw;jaguarlandrovertheadventure;lipsgroen;lunenburg;nibostone;perfectviewwindows;projectvloerennederland;rioned;schreudersbloemen;smartindustrialsolutions;solar4all;stebomaventilatietechniek;toolsvoordelignl;vikawinkelinrichtingen;zwedak,channel,1,0.333,0.163,,0.5,,,1.0,,,,,,,,,,,,,,,4,,40,33,,,6,29,0,2,0,0,1,,0.0,0.242,0.5,0.31,,0.5,,,1.0,Social media organisch,Branding & huisstijl,,"Construction, real estate & housing",,,Groot / corporate / marktleider,True
rickmaarssen,today,original340,1.333,myhomedecoration;nico;pagro,,0,1.0,1.0,,1.0,,,,,,,,,,,,,,,,,,0,,3,3,,,1,2,0,1,0,0,0,,0.0,0.0,1.0,1.0,,1.0,,,,Social media organisch,Website & webdesign,,"Construction, real estate & housing",,,,False
ctwee.nl,today,control,1.0,dll;hcoranjerood;hlbwitloxvandenboomen;jeroenboschziekenhuis;longkankernet;nemohealthcare;parkhilaria;royalsmitzoon;sportservicenoordbrabant,,0,,1.0,,,,,,,,,,,,,,,,,,,,0,,9,9,,,0,1,0,0,0,0,0,2025,0.0,0.0,,1.0,,,,,,,Apps & maatwerk platforms,,,,,,False
cubicmill.com,today,control,1.0,airarabia;blck;friendshipbakeries;jumper;mayamoish;roofer;sifr;theblockcoffee;verhoeven,,0,,0.333,,,,,,,,,,,,,,,,,,,,0,,9,9,,,0,3,0,0,0,0,0,2020,0.0,0.0,,0.333,,,,,,,Branding & huisstijl,,,,,,True
customwebsite.nl,today,control,1.789,dejonghenduijn;eewenergyfromwaste;epicyouth;futuretennisenpadel;kasteelovernachtingennl;knolskoek;levharen;lichtpuntnl;lifttex;obsbrinkschool;peacesleepersnl;pronkergowoon;stroomkragt;tandartspraktijkperez;usportcom;wilpstratechniek;wintersportlive;witteveendakrendement;wolanl,craft+job+model,3,,0.645,0.28,0.129,0.383,0.625,,,,,,,,,,,,,,,,0,,20,19,,,0,19,5,15,9,4,0,2022,0.0,0.0,,0.789,0.4,0.2,0.556,0.75,,,Website & webdesign,Nederlandse stad of plaats,Retail & e-commerce (general consumer goods),Website verouderd of nieuw nodig,Zakelijke afnemers (B2B),,False
cuttheweb.nl,today,control,1.083,amsterdamcricketacademy;bijhoogies;bluebaycuraaogolfbeachresort;bodelcampus;hetbroodthuis;infopuntzorg;kikid;rdgkompagne;saakeshop;sietskekoenemode;stichtingijproducties;voustenmode,,0,1.0,0.36,,1.0,,,1.0,,,,,,,,,,,,,,,0,,12,12,,,1,5,0,1,0,0,1,2025,0.0,0.0,1.0,0.4,,1.0,,,1.0,SEO & organische vindbaarheid,"Online marketing, performance & CRO",,Retail & e-commerce (general consumer goods),,,MKB / middelgroot,True
bu3.nl,today,control,2.333,d2parket;tripleimpactcoaching;vitamentalis,,0,1.0,0.333,,0.5,,,,,,,,,,,,,,,,,,0,,3,3,,,2,3,0,2,0,0,0,2020,0.0,0.333,1.0,0.333,,0.5,,,,Website & CMS,Strategie & advies,,Healthcare & care,,,,False
buenaparte.nl,today,narrower,1.0,duurzaamgroningen;founded;gemeentegroningen;ggznoord;groningenbereikbaar;hacksclusive;hetnoordenwerktdoor;lentis;mxtconference;natuurmonumenten;nom;noordelijkfilmfestival;onlineveilingmeesternl;payt;score;senseofplace;sweco;topdutch;umcg;univ;uwv;visitwadden;vnn,,0,,1.0,,,,,,,,,,,,,,,,,,,,0,,47,23,,,0,1,0,0,0,0,0,2024,0.0,0.0,,1.0,,,,,,,Campagnes & creatieve concepten,,,,,,False
bureaudrp.nl,today,control,1.583,actium;duurzaamheidscentrum;interzorg;mikkelhorst;stadsmarketingassen;sterktechniekonderwijs;tomtechniekrouteopmaat;ttcityrun;vincentvangoghcollege;wolfsbos;woonwensfabriek;wpda,craft,1,1.0,0.556,,0.28,1.0,,,,,,,,,,,,,,,,,0,,13,12,,,1,3,0,5,1,0,0,2023,0.083,0.0,1.0,0.667,,0.4,1.0,,,Social media organisch,Branding & huisstijl,,Education & childcare,"Merk, huisstijl & verhaal",,,False
bureaugigengack.nl,today,control,1.0,hengelomagazine,,0,,1.0,,,,,,,,,,,,,,,,,,,,0,,1,1,,,0,1,0,0,0,0,0,2020,0.0,0.0,,1.0,,,,,,,"Grafisch ontwerp, drukwerk & print",,,,,,False
bureauimago.nl,today,control,2.2,amadozorg;floreo;koningaankoopmakelaars;opreisnl;werfadvocaten,craft,1,1.0,0.625,1.0,0.333,1.0,,,,,,,,,,,,,,,,,0,,10,5,,,2,4,2,3,1,0,0,2024,0.2,0.4,1.0,0.75,1.0,0.333,1.0,,,SEO & organische vindbaarheid,Website & webdesign,Nederlandse stad of plaats,Business & professional services,"Merk, huisstijl & verhaal",,,True
stijn-buijsrogge-9b7058118,today,original340,1.222,ebovanweel;elon;fydeevitae;iwaarden;kloosterman;newmotion;vanderschelde;vervaet;vitaalpodotherapie,,0,0.5,0.222,1.0,1.0,1.0,,,,,,,,,,,,,,,,,1,,10,9,,,2,6,1,1,2,0,0,,0.0,0.111,0.5,0.333,1.0,1.0,1.0,,,Social media organisch,Employer branding & recruitment,Regionaal (binnen Nederland),Healthcare & care,Personeel werven & werkgeversmerk,,,False
stijnalink,today,original340,1.25,autoafleverennl;brokinterieurbouw;busschersmeubelstoffering;djwipneuspim;elastolith;factuurportal;foqusmakelaardij;hofr;huusnl;knaken;mkbedrijfskleding;opjebest;prostheticart;swb;swbhengelo;xanderczaikowski,industry+craft,2,1.0,0.781,,0.625,,,,,,,,,,,,,,,,,,0,,21,16,,,2,16,0,4,0,0,0,,0.0,0.0,1.0,0.875,,0.75,,,,Social media organisch,Social media content & beheer,,"Construction, real estate & housing",,,,False
stijndevaan,today,original340,1.5,backtothedisco;bontgenotenfestival;foutefeestje;hollandsetoppers;inonscaf;justdanceoutdoor;lieffestival;pouwvervoer;rebirthevents;reset;stereosunday;technischekontaktdagen;thezooeventslieffestival;waylonstop1000,craft,1,,0.702,,1.0,,,,,,,,,,,,,,,,,,0,,14,14,,,0,11,0,1,0,0,0,,0.0,0.429,,0.818,,1.0,,,,,"Online marketing, performance & CRO",,"Transport, logistics & automotive",,,,False
studio10am.nl_423,today,original340,1.0,berrybrilliant;bureaucarolien;colourfulmaximalist;lisabastiaansen;loketvanjanet;moniquebastinck;noboringdentist;paranormaalbusinessschool;road2b,craft,1,,1.0,,,,,,,,,,,,,,,,,,,,0,,9,9,,,0,8,0,0,0,0,0,,0.0,0.0,,1.0,,,,,,,Branding & huisstijl,,,,,,False
aim.nu,today,control,1.0,123makelaar;123vastgoed;amsterdamdinerfoundation;amsterdamumc;arslanlit;bedrijfsfestivals;bernafon;bmo;cafehoppe;cafepieper;churchhouse;denederlandsedebatclub;deraad;directbusiness;dtkvastgoed;eigenwijs;elanmakelaars;faircom;floreat;gezondheidsfondsenvoorrookvrij;heerenmakelaars;hollandnovochem;hteam;icecream;ipp;jacobsvandermeij;jeeko;kgyou;kite4lifefoundation;knapexpatbroker;knapmakelaardij;krijtberg;lowland;maakmijbeter;meerbusiness;meerbusinesshaarlemmermeer;nvhb;pmprojecten;poofparty;rffls;searay;sjeunoptiekbyfloris;sloos;stichtingcancercenteramsterdam;stichtinghelpzethuiskomen;superfeet;theblacklabel;thebrickclub;vaneijk,craft,1,,0.434,,,,,,,,,,,,,,,,,,,,0,,66,49,,,0,22,0,0,0,0,0,2020,0.0,0.0,,0.591,,,,,,,Website & webdesign,,,,,,False
akqa.com,today,control,1.065,alaa;baladesejo;bethesdasoftworks;brlo;deltaairlines;dior;google;lemaire;miamidesigndistrict;montblanc;museumfortheunitednationsunlive;nestl;nestlegoodnes;netflix;nike;porschemotorsport;proximus;rtl;samsung;skims;soundsright;starbucks;tennisaustralia;tiktok;uber;unwomen;unwomennl;ups;virtualdonors;volvo;wwf,,0,,0.265,,1.0,1.0,,,,,,,,,,,,,,,,,1,,41,31,,,0,7,0,1,1,0,0,2025,0.032,0.0,,0.429,,1.0,1.0,,,,Apps & maatwerk platforms,,"Fashion, beauty & personal goods","Merk, huisstijl & verhaal",,,False
alexxdesign.nl,today,control,2.0,tallshipsrlandet,,0,,1.0,,1.0,,,,,,,,,,,,,,,,,,4,,5,1,,,0,1,0,1,0,0,0,2023,0.0,0.0,,1.0,,1.0,,,,,Website & webdesign,,"Transport, logistics & automotive",,,,False
level-level.com_409,today,original340,1.348,almerekavelwinkel;brusselsairport;businessinsiderduitsland;cordaid;discriminatienl;erasmusmagazine;fietsersbond;ictu;iffr;internationalfilmfestivalrotterdam;kitnl;koninklijkinstituutvoordetropen;landalmakelaardij;landelijkmeldpuntdiscriminatievoorjongeren;museumrotterdam;nlfiscaal;sbgsportiefbesteed;somo;stichtingboor;sunwebblogs;versbeton;wehkamp;zichtbaarinwerk,craft+geo,2,1.0,0.52,0.429,0.306,1.0,,,,,,,,,,,,,,,,,1,,30,23,,,2,5,7,7,1,0,0,,0.043,0.0,1.0,0.6,0.571,0.429,1.0,,,Website & CMS,Website & webdesign,Nederlandse stad of plaats,"Media, culture & entertainment",Maatwerk software & efficiëntere processen,,,False
lienekedewolf,today,original340,2.25,agrisnellaad;certisbenelux;hallspars;kinderopvangzeeuwsvlaanderen;outokumpu;pvned;rotaryhulst;zorggroepterweel,industry+channel,2,0.5,0.2,1.0,0.375,,,,,,,,,,,,,,,,,,8,,20,8,,,6,5,1,4,0,0,0,,0.0,0.25,0.667,0.2,1.0,0.5,,,,Social media organisch,"Online marketing, performance & CRO",Nederland plus buurlanden,Healthcare & care,,,,True
luc-visser1,today,original340,1.667,amslod;autoproff;intersites;smienktrapliften;velderhof;verbruggenpalletizingsolutions,industry+craft+channel+geo,4,0.375,0.375,0.556,0.556,,1.0,,,,,,,,,,,,,,,,0,,10,6,,,4,4,3,3,0,2,0,,0.0,0.0,0.5,0.5,0.667,0.667,,1.0,,Multi-channel & omnichannel,"Online marketing, performance & CRO",Nederlandse stad of plaats,Retail & e-commerce (general consumer goods),,Zakelijke afnemers (B2B),,True
lucsmeetsmarketing,today,original340,1.0,activitree;berixconsultancy;byspeld;cptly;dooracceleratingyourbusiness;lovenbeheer;martijnkozijn;trafficchart,craft,1,1.0,0.375,,,,,,,,,,,,,,,,,,,,0,,8,8,,,1,4,0,0,0,0,0,,0.0,0.0,1.0,0.5,,,,,,"Branding, campagne & activatie","Online marketing, performance & CRO",,,,,,False
luuk-kelderman-1a125926,today,original340,1.0,ookkampen;prikkelprofiel;thepeacockbar;vechtdalwonen;wadinko;zwolsetheaters,craft,1,,0.5,,,,,,,,,,,,,,,,,,,,0,,9,6,,,0,6,0,0,0,0,0,,0.0,0.0,,0.667,,,,,,,Branding & huisstijl,,,,,,False
avancecommunicatie.nl,today,control,1.227,alliantieenvoedingindezorg;appelendejong;baggerdepothollandschdiepcombinatiedeboerenvanderkamp;budstolhuis;daat;deltachesterfield;dijkgraaf;dijkhofbouw;dominicanenkloosterhuissen;josbeereswijnkoperij;ketenstandaardbouweninstallatie;mijnjaarplannen;mocia;mvhsolutionsforparts;orthofytovnig;primesolutions;qbuz;skbg;smitjefit;snaaksestreken;stichtingsportkompas;woab,craft+channel,2,0.556,0.413,1.0,0.333,0.5,,,,,,,,,,,,,,,,,1,,57,22,,,3,19,1,3,2,0,0,2025,0.045,0.0,0.667,0.579,1.0,0.333,0.5,,,Website & CMS,Website & webdesign,Nederlandse stad of plaats,"Hospitality, tourism, sports & recreation",Personeel werven & werkgeversmerk,,,True
avantlalettre.nl,today,control,1.0,acteursbureaukapok;agora;almerehavenfestival;ambitionit;blackware;bureaucontekst;coc;cocmiddennederland;cogem;cogemcommissiegenetischemodificatie;cwm;cwmcommissiewelstandenmonumentenutrecht;dagjelesgeven;dansvoormeifestival;degalanschoolvoortraining;dekleineprins;delettersvanutrecht;ehrmvision;erasmusmc;expertisecentrumnederlands;franzlisztpianoconcours;gemeenteutrecht;ggzutrecht;groenlinks;houktrainingcoaching;huiselijkgeweld;humanitasdmh;immo;immobeheereffectenvastgoed;knovkoninklijkenederlandseorganisatievanverloskundigen;kranenburgpraktijkonderwijs;lettersvanutrecht;mantelzorgsamenwerkingsverband;moviera;movisie;nationaalepilepsiefonds;oogfonds;oostrom;oostromarbeidsconsultancy;overdewereldreisblad;pandora;razecrectenggg;sbwustichtingbeschermendewoonvormenutrecht;schoolvoorbeeld;stichtingvriendschapsbandutrechtlen;stratecservices;stuttheater;tekstadviesenprojectmanagementannemarievandenhoven;tekstbureauannekevanbostelen;theaterkikker;ucentraal;universiteitutrecht;viejautrechtadviesensteunpunthuiselijkgeweld;wecanendallviolenceagainstwomen;wfzwaarborgfondsvoordezorgsector,,0,,,,,,,,,,,,,,,,,,,,,,0,,107,55,,,0,0,0,0,0,0,0,2023,0.0,0.0,,,,,,,,,,,,,,,True
axioma.nl,today,control,1.0,apostolischgenootschap;avroachmea;centraalbeheer;dealliantie;menken;miccys;nrc;oomt;orthospecialist;provincieutrecht;santpartners;sogeti;triade;wijtechniek;zorgapotheek;zorghulp,craft,1,,0.556,,,,,,,,,,,,,,,,,,,,0,,19,16,,,0,3,0,0,0,0,0,2024,0.0,0.0,,0.667,,,,,,,"Grafisch ontwerp, drukwerk & print",,,,,,True
baakbeeld.nl,today,control,1.0,carenvanherwaarden;damarbewind;moonenautoschades;organizingpower;samenwijz,,0,,0.28,,,,,,,,,,,,,,,,,,,,0,,5,5,,,0,5,0,0,0,0,0,2023,0.0,0.0,,0.4,,,,,,,"Video, animatie & fotografie",,,,,,True
baasenbaas.nl,today,control,1.237,550gallery;actief65;alpacaloca;alysfinestaccommodations;amberhanning;andheart;anfora;antonianamsterdam;area77;avalonconnect;bakersbananas;bamboobasics;becis;besteveganproducten;bigenhoyu;c2b;cafewijs;cantinedecaron;clinevanhaareninteriors;corporatewise;culinairetonen;curaloe;danilchristiaan;dappermaentje;dgtlhealth;dialooglaatstelevensfase;dijkslaginstallatietechniek;dleenergy;droomboter;drwevers;energieadviesnederland;enify;eurvin;evarecruitment;eventcare;funkyvinyl;hedgehogcompany;hemelsafbouw;henriwillig;hetancker;hmknotarissen;iltocco;ismclubhousewest;iwnet;iwt;janszon;kaartenatlassen;klaartjequirijns;koningwillemkring;kroonluchter;kuin;landgoedvalkenhorst;latelierondersteuning;lezenopschool;maggiesway;martijndewit;mellola;miisha;mimamsterdam;mogambo;motoshare;mrkitchens;mybrand;neeve;noorderbloemen;noubased;ouiloveit;pancakesamsterdam;potterypots;qsbdiensten;reginafloralfeelings;restaurantcomer;restaurantelysianne;restaurantfloreyn;ret;royalmotimahal;rubenphilipsephotography;smplskin;sophiefalkena;staanfinance;stellapower;streetartmuseumamsterdam;studionoos;studiopainted;sunnyminds;supsupclub;theocpcharityfoundation;thesourcingpartners;thesunnyburgerco;tkloosterinterieurmakers;valueblue;vanloman;vedfit;verbeterhaar;vesperadvocaten;vondelgym;yogisha,craft+channel,2,0.554,0.323,1.0,,,1.0,,,,,,,,,,,,,,,,0,,136,97,,,47,97,1,0,0,1,0,2023,0.0,0.237,0.723,0.536,1.0,,,1.0,,Website & CMS,Website & webdesign,Internationaal / wereldwijd,,,Gemengd,,True
websitefreaks.nl,today,narrower,1.0,addvalorem;beefburgersnl;blonknu;bodymindcentrum;brandknights;cheerleads;entralegal;healinq;ibdnederland;jivalli;kleinmassage;koopmanfarms;mammoetgroenteenfruit;mediacoachlaura;nimoush;stroomsimpel;sturenopstrategie;waiomana;welovesand;yogair;zakariyabosmans,,0,,,,,,,,,,,,,,,,,,,,,,0,,26,21,,,0,0,0,0,0,0,0,2023,0.0,0.0,,,,,,,,,,,,,,,False
webton.nl,today,control,1.154,asourceelectronics;bluelabel;bordertravel;carlakamphuis;decokerije;eshuis;jacskoopman;mustangsafes;schuringnaaimachines;thuiscrche;toyotamaterialhandling;twinx;verhuisdozenloods,craft+channel,2,0.625,0.645,,,,,,,,,,,,,,,,,,,,0,,18,13,,,4,13,0,0,0,0,0,2025,0.0,0.154,0.75,0.769,,,,,,SEO & organische vindbaarheid,Website & webdesign,,,,,,False
z-studio.nl,today,control,1.0,beeincontrol;horecaimprovement;ijcoon;medialab;mployee;rawworks;rouwituitvaarten;sociallearninglab;splitbrain;thestaffingrecops;xces,channel,1,0.625,0.18,,,,,1.0,,,,,,,,,,,,,,,0,,21,11,,,4,10,0,0,0,0,1,2023,0.0,0.0,0.75,0.2,,,,,1.0,Social media organisch,SEO & vindbaarheid,,,,,MKB / middelgroot,False
zalmpartners.nl,today,narrower,2.231,answrd;bikebaze;cellarinvestmentpartners;cellarpurchasingpartners;current;dakwerkenroofit;enduracoaching;grond;hogedrukbe;influentials;landtmetersnavalstores;tjepkemamedicalproducts;uitgeverijwildeharen,job,1,1.0,0.5,1.0,0.136,1.0,1.0,1.0,,,,,,,,,,,,,,,1,,27,13,,,2,2,1,9,3,1,1,2025,0.0,0.462,1.0,0.5,1.0,0.222,1.0,1.0,1.0,SEO & organische vindbaarheid,Branding & huisstijl,Europa,"Construction, real estate & housing",Website verouderd of nieuw nodig,Zakelijke afnemers (B2B),Omvang in cijfers,True
john-van-der-kroon-65a0396,today,original340,1.0,adresults;bookingcom;boosth;eurochild;game;girlsgogreen;hamlet;hersenstichting;jogg;producthero;royalfloraholland;solarzero;spaarnelanden;squla;triplep;triplepuk;viessmann;visserchocolade;yourlittleblackbook;yumeko,,0,,0.24,,,0.224,,,,,,,,,,,,,,,,,0,,26,20,,,0,10,0,0,7,0,0,,0.0,0.0,,0.3,,,0.286,,,,Campagnes & creatieve concepten,,,Bewustwording & gedragsverandering,,,True
joost-zengers-71277160,today,original340,1.0,reducd,,0,1.0,,,,,,,,,,,,,,,,,,,,,3,,5,1,,,1,0,0,0,0,0,0,,0.0,0.0,1.0,,,,,,,"SEA, display & overige paid advertising",,,,,,,False
jordihagedoorn,today,original340,1.625,24uomo;abnetten;aerofilm;aldautomotive;allianzdirect;bubbelkoning;bybar;dasmakkelijk;deslaapfabriek;ecorus;flexotels;focalmeditech;haartsenletselschade;happibox;johannesfontanuscollege;keukenglas;labela;lakedance;malelions;mooiparfumerie;novashops;parfumswinkel;printabout;saunakoning;sewan;shortlease123;soccerfanshop;socialadanalyzer;techwood;timcovoordeelmarkt;tuinvisie;viveare,,0,0.163,0.245,1.0,0.333,1.0,,,,,,,,,,,,,,,,,3,,46,32,,,31,31,2,3,1,0,0,,0.0,0.531,0.323,0.452,1.0,0.333,1.0,,,"SEA, display & overige paid advertising","Outcome-verkoop (leads, omzet, groei)",Internationaal / wereldwijd,"Hospitality, tourism, sports & recreation","Meer leads, aanvragen & verkoop",,,False
jordilingen,today,original340,1.0,alloq;aptic;biqql;blueroadacademy;bmconsultants;calvi;conscia;digitalrealty;exclusivenetworks;mrgreen;rackmountit;sovitas;tcog;truefullstaq;vicompany;wwwcodeintelligencecom;wwwvaacom,,0,,0.225,,,,,,,,,,,,,,,,,,,,0,,17,17,,,0,17,0,0,0,0,0,,0.0,0.0,,0.353,,,,,,,Content & copywriting,,,,,,True
jordisloots,today,original340,1.45,alpacafarmvorstenbosch;buteophotogear;cocacola;codecommerceclub;daelmansstroopwafels;eindhoven365;hoppenbrouwers;houtabouw;jannekelommen;latoscana;mooieboules;myprotein;opuspod;renemller;seyskyr;shopify;skechersxstevenberghuis;technogym;thymparkzicht;worldskillsnl,industry+craft+channel,3,0.375,0.484,0.5,0.375,1.0,1.0,1.0,,,,,,,,,,,,,,,0,,23,20,,,4,15,2,4,1,1,1,,0.05,0.2,0.5,0.667,0.5,0.5,1.0,1.0,1.0,"SEA, display & overige paid advertising","Video, animatie & fotografie",Regionaal (binnen Nederland),"Food, beverage & agriculture","Meer leads, aanvragen & verkoop",Webshop consumenten (D2C),Omvang in cijfers,False
matthijskloezeman,today,original340,1.0,packfeed;vivazorggroep,,0,,0.5,1.0,,,,,,,,,,,,,,,,,,,0,,2,2,,,0,2,1,0,0,0,0,,0.0,0.0,,0.5,1.0,,,,,,"Online marketing, performance & CRO",Regionaal (binnen Nederland),,,,,False
maurice-stam,today,original340,1.857,deontmoeting;groenxtra;hollandfestival;kinderpostzegels;mockingbird;rutgers;watthub,industry,1,,0.5,,0.5,0.333,,,,,,,,,,,,,,,,,0,,9,7,,,0,2,0,4,6,0,0,,0.0,0.0,,0.5,,0.5,0.333,,,,"Outcome-verkoop (leads, omzet, groei)",,"Nonprofits, charities & associations","Leden, leerlingen & donateurs werven",,,True
maxvaneeghen,today,original340,1.667,debinnenstad;hethumanistischverbond;ymlproductions,,0,1.0,1.0,,,1.0,,,,,,,,,,,,,,,,,2,,5,3,,,1,1,0,0,1,0,0,,0.0,0.667,1.0,1.0,,,1.0,,,Social media paid,Online adverteren (paid ads),,,Naamsbekendheid & zichtbaarheid,,,True
mdmpieterse,today,original340,1.0,den;ease;eervolharding;greenportwestholland;nationalenederlanden;psonederland;techniekcollegerotterdam;vgz;voorgoedagency,craft,1,1.0,0.556,,,,,,,,,,,,,,,,,,,,0,,9,9,,,2,3,0,0,0,0,0,,0.0,0.0,1.0,0.667,,,,,,SEO & organische vindbaarheid,Content & copywriting,,,,,,False
menno-schreven,today,original340,1.75,bikkelbikes;bixbi;clement;cottona;debomenshop;enterthewave;gastvrijweert;gemeenteweert;hillbillymoonshiners;ivexperts;level2;level2traprenovatie;lybrae;moodzfotografie;oakfieldchampignons;risse;ronald;skillstown;tourdetietema;worldeconomicforum,craft+channel,2,0.44,0.398,0.28,0.12,,,,,,,,,,,,,,,,,,0,,24,20,,,5,17,10,15,0,0,0,,0.0,0.0,0.6,0.588,0.4,0.2,,,,"SEA, display & overige paid advertising","Video, animatie & fotografie",Nederlandse stad of plaats,"Media, culture & entertainment",,,,True
3wmedia.nl,today,control,1.167,beeksebergen;boerenkuijpers;deezekeukens;efemverzekeringen;eindhovenschegolf;golflcubameland;gosolar;oostappen;panglobal;raaijmakers;restaurantwiesen;rnwverandas;rubix;smartdentals;totaaltuinlicht;vandeneijnde;vanhoorneentertainment;vdo,industry,1,1.0,0.28,1.0,0.556,1.0,,1.0,,,,,,,,,,,,,,,0,,18,18,,,1,5,2,3,1,0,1,2024,0.0,0.0,1.0,0.4,1.0,0.667,1.0,,1.0,Website & CMS,Website & webdesign,Nederlandse stad of plaats,"Hospitality, tourism, sports & recreation","Merk, huisstijl & verhaal",,Startup / jong / groeiend,False
4foot8.nl,today,control,1.0,happyvellum;hawebdesign;medtronic;mosa;pvdamaastricht,craft,1,,0.625,1.0,,,,,,,,,,,,,,,,,,,3,,10,5,,,0,4,1,0,0,0,0,2024,0.0,0.0,,0.75,1.0,,,,,,"Video, animatie & fotografie",Nederlandse stad of plaats,,,,,True
4ksproductions.com,today,control,1.13,adv;avh;bycz;byjames;canisiuscollege;efs;goa;hansdemakelaar;ingriddenboer;juniortechnovium;lernendeeuregio;protempo;rocnijmegen;schoor;simpledcard;skillsheroes;stresslessdogs;trh;tripfluencer;trw;yourbrightsmile;zinenzijn;zorginbalans,,0,1.0,0.316,1.0,0.5,1.0,,,,,,,,,,,,,,,,,4,,53,23,,,1,14,1,2,1,0,0,2022,0.0,0.0,1.0,0.429,1.0,0.5,1.0,,,"Content, video & PR","Video, animatie & fotografie",Nederlandse stad of plaats,Retail & e-commerce (general consumer goods),"Meer leads, aanvragen & verkoop",,,False
53gradennoord.nl,today,control,1.05,abtexel;bartelderenbosch;baumemercier;bruuzerribexperience;devrijheidrondvaarten;gerbrandzoetelief;hoteltexel;jaaptuitman;johnsmit;jumbotexel;koogerrestaurant;kooppleinnl;martijneelman;nioz;peekaanzee;renskevanderloo;robstapersma;roestverfshop;vanderhulst;wimpool,,0,,0.302,1.0,1.0,1.0,,,,,,,,,,,,,,,,,0,,20,20,,,0,13,1,1,1,0,0,2025,0.0,0.0,,0.385,1.0,1.0,1.0,,,,Branding & huisstijl,Nederlandse stad of plaats,Retail & e-commerce (general consumer goods),Website verouderd of nieuw nodig,,,True
7w-internetmarketing.nl,today,control,1.1,aankoophuis;beverwijksebazaar;intersafe;onnevandestadtrecycling;parrwonen;porsche;royalmandarin;schonevloerennl;shirtsupplier;topkoeriers,craft,1,,1.0,1.0,1.0,,,1.0,,,,,,,,,,,,,,,0,,18,10,,,0,8,1,1,0,0,1,2023,0.0,0.0,,1.0,1.0,1.0,,,1.0,,"Online marketing, performance & CRO",Nederlandse stad of plaats,Retail & e-commerce (general consumer goods),,,Familiebedrijf / gevestigd met historie,True
statement.nl,today,control,1.029,adviseringenvlogworkshopaswa;ambassadefilminnovatiesnoordnederland;bekendmakingsfilmdegroenegroninger;campagne100jaardeploeg;chemieparkdelfzijl;dijkverbeteringeemshavendelfzijl;drentseondernemingvanhetjaar;duurzameinzetbaarheidnoord;excursieenfilmwaterfrontdrachten;filmgemeenteassen;gemeentegroningen;gouduitgroningen;gouduitgroningen2025;gouduitgroningen2026;groningerondernemingsprijs;hetdrentselandschap;humanitas;jubileumboek25trotsewinnaars;jubileumboek50jaarofichem;kremerzandengrind;landelijkcongresvitalevakantieparken;magazinegrootsingroningen;missievisiefilmdrajacobscollege;nieuwjaarsfilmgemeentegroningen;ofichem;onlinestartwerkinstructies;provinciegroningen;reframehetverhaalvanvoedsel;sernoordnederland;stichtinghetdrentselandschap;veiligheidoosterhorn;vitalevakantieparkendrenthe;voorbereidinglaatstelevensfase;voorwiezorgjij;zorgadviesgroningen,craft+geo,2,1.0,0.344,1.0,1.0,1.0,,,,,,,,,,,,,,,,,1,,41,35,,,1,8,3,1,1,0,0,2021,0.0,0.0,1.0,0.5,1.0,1.0,1.0,,,Multi-channel & omnichannel,"Video, animatie & fotografie",Nederlandse stad of plaats,"Construction, real estate & housing",Bewustwording & gedragsverandering,,,True
studiobold.nl,today,control,1.0,abacustranslation;deleeuwfotografie;denatuurenmilieufederaties;fysiocompany;kantoorinbeweging;nca;redsquare;someone;stoopinstallatiebedrijf;sugar;unilever;vandesande,craft,1,,0.375,,,,,,,,,,,,,,,,,,,,0,,22,12,,,0,4,0,0,0,0,0,2023,0.0,0.0,,0.5,,,,,,,"Grafisch ontwerp, drukwerk & print",,,,,,False
studiorbee.nl,today,control,1.062,atami;aurixnederland;bijvollemaan;brandloyalty;camfactormedia;cannabisenergydrink;dreizen;festivalsnoordbrabant;geosquarenederland;gloudemansoptiek;greenstyling;greenyourday;guicerealenergy;hdbnederland;heroesdenbosch;holmatrorescueequipment;intratuin;koninklijkebam;noroboebusco;pollewopmonturen;prijsvrijvakanties;purefoods;qconcepts;ruimteschepper;schoenexpertsnl;struktonworkspherespie;taxperience;twinsport;usacarsnederland;vantolconveniencefood;verelacer;woodandstone,craft+channel+model+geo,4,0.867,0.611,0.5,1.0,,1.0,,,,,,,,,,,,,,,,0,,33,32,,,14,32,6,1,0,12,0,2020,0.031,0.0,0.929,0.75,0.667,1.0,,1.0,,Social media organisch,Branding & huisstijl,Heel Nederland (landelijk),"Hospitality, tourism, sports & recreation",,Webshop consumenten (D2C),,False
takties.nl,today,narrower,1.0,berendstandprothetiek;boszichthooghalen;elepress;endlessstyles;gezondheidscentrumkloosterveen;schoonmaakbedrijfmeppel;smidtkennisprovider;sommerschilderwerken;taxiassen;vitalevakantieparkendrenthe;vsoptiek;zedzeedyclassicbarber,,0,,,,,,,,,,,,,,,,,,,,,,0,,13,12,,,0,0,0,0,0,0,0,2016,0.0,0.0,,,,,,,,,,,,,,,False
vincentvvliet,today,original340,1.6,actievandedag;barthorstman;bol;dopper;fietsenwinkelnl;janwilllempustjens;marloesbeltman;quatt;tameson;vakantieveilingen,craft,1,0.388,0.312,1.0,1.0,0.333,0.5,1.0,,,,,,,,,,,,,,,0,,13,10,,,7,8,1,1,3,2,1,,0.1,0.3,0.429,0.5,1.0,1.0,0.333,0.5,1.0,"SEA, display & overige paid advertising","Online marketing, performance & CRO",Internationaal / wereldwijd,"Construction, real estate & housing",Bewustwording & gedragsverandering,Consumentenmarkt offline,Startup / jong / groeiend,True
wibo-van-der-heide-a717512,today,original340,2.645,24kae;24kaenl;aosmith;aosmithinternationalcom;audaxnl;butcherofblue;cocosebas;commitnl;dgmoutlet;financialleasenl;fixfastde;glashandelonlinenl;houseofk;houseofkcom;humanoid;mkcmotonl;monfootnl;navivakraamzorg;plusparts;rkdnl;rogon;simonlvelt;sioo;surfspot;thomasstofzuigers;vertbaudetnl;viavacnl;visgraatshopnl;warmteservice;warmteservicenl;wematijdelijkeruimte,,0,0.315,0.253,1.0,0.207,,1.0,,,,,,,,,,,,,,,,3,,55,31,,,17,17,1,31,0,2,0,,0.0,0.645,0.412,0.353,1.0,0.387,,1.0,,Multi-channel & omnichannel,Website & webdesign,Regionaal (binnen Nederland),Retail & e-commerce (general consumer goods),,Zakelijke afnemers (B2B),,False
wiljan-pannekoek,today,original340,1.5,kloosterman;sandaysport;swbouwkundigingenieurs;vitaalpodotheapie,,0,1.0,0.5,1.0,1.0,,,1.0,,,,,,,,,,,,,,,2,,9,4,,,2,2,1,1,0,0,1,,0.0,0.25,1.0,0.5,1.0,1.0,,,1.0,Social media organisch,Branding & huisstijl,Regionaal (binnen Nederland),Business & professional services,,,Startup / jong / groeiend,True
dunepebbler.nl,today,control,1.077,abu;bierenwijnfestival;droomstudio;faas;faasassurantin;feestweeklisse;goodnightslaapkamersbaas;hoekstrahoekstrabouwbedrijf;hoogvlietbeheer;ouwehandvis;soundtogo;tuliphousing;vanwijnen,,0,,0.281,1.0,1.0,,,,,,,,,,,,,,,,,,1,,15,13,,,0,8,1,1,0,0,0,2023,0.0,0.0,,0.375,1.0,1.0,,,,,"Online marketing, performance & CRO",Nederlandse stad of plaats,Healthcare & care,,,,True
dutchblue.nl,today,control,1.357,autostradaroosendaal;baggagedeepblue;fmtc;fznparts;gemeentelansingerland;goosevpn;grmexpertises;o2factoring;oazsubsidieadvies;rondomwerk;rooseveltkliniek;safety;schuitemakersvishandel;soacare,,0,,,1.0,0.25,,,,,,,,,,,,,,,,,,2,,17,14,,,0,0,1,4,0,0,0,2020,0.0,0.0,,,1.0,0.25,,,,,,Nederlandse stad of plaats,Finance & insurance,,,,False
dutchwebdesign.nl,today,control,1.211,123zakelijk;baselogistics;brabo;cadran;eszet;halfords;hobrand;mattisson;officecentre;pcpomiddenbrabant;pharmascout;sealgo;sealtrace;skil;skileuropa;stichtingdehoekscheschool;twinespressotechniek;verloskundigenopzuid;zemiceurope,industry+channel,2,0.585,0.368,1.0,0.375,0.184,1.0,,,,,,,,,,,,,,,,4,,31,19,,,17,19,2,4,7,1,0,2025,0.0,0.0,0.706,0.474,1.0,0.5,0.286,1.0,,Webshop & e-commerceplatform,Webshop & e-commerce,Regionaal (binnen Nederland),Education & childcare,"Merk, huisstijl & verhaal",Webshop B2B,,True
maibru.com,today,control,1.833,amstellandzorg;foundedinfriesland;gemeentesdwestfrysln;hcscompany;janheinmeerburg;merem;mirato;ontmoetelza;pharosadvocaten;sigbar;skulpt;skulptfitness,,0,,0.5,1.0,0.22,,,1.0,,,,,,,,,,,,,,,0,,16,12,,,0,2,1,10,0,0,1,2024,0.0,0.0,,0.5,1.0,0.3,,,1.0,,Apps & maatwerk platforms,Regionaal (binnen Nederland),Healthcare & care,,,Groot / corporate / marktleider,False
manifyagency.com,today,control,1.0,ablifestyle;aurus;botarelli;capitalc;chargeblock;devinita;dogmahotdogs;freshaddictsclub;fugazzi;goanime;ibizamode;jumbo;kis;kroonvastgoed;labareau;lila;littleroastery;magnusyachts;mrmrswatson;perrocollection;schuurmanbadkamers;shimanogearshop;vandrielautomotive;zipster,craft+channel+model+geo,4,0.844,0.639,0.5,,,0.708,,,,,,,,,,,,,,,,2,,26,24,,,24,24,24,0,0,24,0,2023,0.0,0.0,0.917,0.792,0.5,,,0.833,,Multi-channel & omnichannel,"Online marketing, performance & CRO",Internationaal / wereldwijd,,,Consumentenmarkt offline,,False
markaching.nl,today,control,1.5,activeants;solarwatt,,0,,1.0,1.0,1.0,,,1.0,,,,,,,,,,,,,,,0,,4,2,,,0,1,1,1,0,0,1,2024,0.0,0.0,,1.0,1.0,1.0,,,1.0,,Branding & huisstijl,Europa,"Energy, utilities & environment",,,Groot / corporate / marktleider,False
dmarc.nl,today,control,1.0,aaprotec;adrienzoon;autopoppe;brushedhairbeauty;capturetech;capturetechklantvideo;delscher;eurekabreda;havenzichtkortgene;interscaldes;jtweekokenbaden;lacorriooltechniek;maashagoort;meliefste;ninety;parktrianon;sinkekomejan;vivace;zijzeeuws,,0,,0.296,,,,,,,,,,,,,,,,,,,,0,,19,19,,,0,14,0,0,0,0,0,2024,0.0,0.0,,0.429,,,,,,,"Grafisch ontwerp, drukwerk & print",,,,,,True
dominomedia.nl,today,control,1.0,chrisvanrossum;johnruskauff;lutechluchttechniek;nienkebronkhorst;readytogoloopbaancoachingadvies;rotonliftseurope,craft,1,1.0,0.556,,,,,,,,,,,,,,,,,,,,0,,6,6,,,1,3,0,0,0,0,0,2024,0.0,0.0,1.0,0.667,,,,,,Social media organisch,"Grafisch ontwerp, drukwerk & print",,,,,,False
dotverbindt.nl,today,control,1.0,dagvandeondernemerdelft2025;musicalwillemvanoranje;theotherdogs,,0,,,,,,,,,,,,,,,,,,,,,,1,,4,3,,,0,0,0,0,0,0,0,2025,0.0,0.0,,,,,,,,,,,,,,,True
bishop.nl,today,control,1.25,atkb;eduardoperez;onassis;x11creatie,,0,0.5,0.333,,,,,,,,,,,,,,,,,,,,0,,8,4,,,2,3,0,0,0,0,0,2025,0.0,0.25,0.5,0.333,,,,,,Social media organisch,Website & webdesign,,,,,,False
bitfactory.nl,today,control,1.231,bayer;blackstonefootwear;bramladage;degroenegrachten;denardi;droetker;eraneos;fraikin;fraikinapp;gemeenterotterdam;growersunited;intersafe;jgermeister;legitforum;marcelsgreensoap;naturespride;nos;npo;pinkyroselemonade;pmg;scala;skillscv;thefacilicom;tno;tonyschocolonely;vanderlogt,channel+model,2,0.51,0.254,1.0,0.222,,0.429,,,,,,,,,,,,,,,,0,,36,26,,,14,25,1,6,0,7,0,2020,0.0,0.0,0.571,0.4,1.0,0.333,,0.571,,Website & CMS,Apps & maatwerk platforms,Nederlandse stad of plaats,"Food, beverage & agriculture",,Zakelijke afnemers (B2B),,True
bliqvangers.nl,today,narrower,1.684,bbqeiland;collaglo;digitalbirds;enci;floor8;funkyveganfestival;gehlenzonwering;goodwinwestbay;joyevents;mtctransport;nfcworld;niceey;ontdekplein;reformedpilatesstudio;rewind;thecrown;theembassy;villabocce;vvstellendam,,0,,0.5,0.5,0.148,,,,,,,,,,,,,,,,,,2,,24,19,,,0,2,2,13,0,0,0,2023,0.0,0.0,,0.5,0.5,0.231,,,,,Branding & huisstijl,Specifiek buitenland,"Construction, real estate & housing",,,,False
bloeimedia.nl,today,control,1.3,axians;boekproducties;certe;certie;dagbladvanhetnoorden;diagnostiekdrenthe;dialysecentrumgroningen;easyagile;hothothot;ijsverenigingnoorderrondritten;kolibrie;nhlstenden;nsa;solidevastgoedbeheer;streetfit;swvgo;umbrella;voil;wardenburgbeveiligingentelecom;winklerprins,craft,1,,0.515,0.5,0.28,,,,,,,,,,,,,,,,,,1,,22,20,,,0,13,2,5,0,0,0,2024,0.0,0.05,,0.692,0.5,0.4,,,,,Branding & huisstijl,Regionaal (binnen Nederland),Healthcare & care,,,,True
blok56.nl,today,control,1.573,1storageopslagverhuur;1storagevalkenswaard;4low;acentro;aclinic;agrisolarclean;algoneg;allinvvebeheer;alracon;amerikaansestock;annevlek;bbrv;bigebird;bjsteeldesign;bjsteeldesigndenbosch;braverecruitment;braverecruitmentweert;buitrecruitment;canispurus;casamila;dayverloskundigen;debuteykomethode;decosterverwarming;degooijkamer;denmsktherapeut;domeinheideven;donder;dorpsraadstramproy;drwnconsultancy;dustysfrietmobiel;geogoed;greendustryzeist;hailsuit;hetgoudenrund;imperfect;itconsultingsittard;jkbhandlingbudel;josvanleeuwen;kkbsolutionsbudel;koeriersteutenweert;lexaviaamsterdam;lifeandnewborncoaching;lifenewborncoaching;lifenewborneindhoven;lisabekelaar;loungebaramadeuz;marianneconfuso;mariellevanhoef;markvandersteeg;mondzorgleudal;natuursteenbree;notarisvriesinga;osteodoc;osteodocosteopaatzeist;partnersinbedrijf;patrickgeelen;peetersduurzaam;pluscatering;pluscateringmaaseik;posiflex;projectitconsultancy;pwbewindvoeringrotterdam;restauranthuyskamerdaatjeshoeve;restaurantoudoteren;rptech;ruysdael;salonrogerfireworks;sandrabongaerts;skworxdesign;skworxdesignweert;sophiebleys;sps;stichtinggreendustry;storageworld;usstyle;vandenboerenroggen;vcs;vkinternational;weertlokaal;wijnandsmittuinen;wijnboetiekvonkel;woningtaxatieshaarlem,craft+geo,2,1.0,0.394,0.737,0.111,,,1.0,,,,,,,,,,,,,,,0,,87,82,,,1,66,47,40,0,0,1,2025,0.0,0.0,1.0,0.515,0.851,0.225,,,1.0,Website & CMS,Branding & huisstijl,Nederlandse stad of plaats,"Construction, real estate & housing",,,Familiebedrijf / gevestigd met historie,False
nathanael-allen-6727a7136,today,original340,1.0,cagewarriors;goatboxing;kiwicom;nederlandseboksbond;rodekruis;rtmlifestylegym,craft+channel,2,0.5,0.5,,,,,,,,,,,,,,,,,,,,0,,10,6,,,6,6,0,0,0,0,0,,0.0,0.0,0.667,0.667,,,,,,Social media organisch,Social media content & beheer,,,,,,False
ndplokkaar,today,original340,1.0,aazicht;beauchapeau;bodyguardio;dezeeuwtuindesign;edswanborn;ericaroosenschoon;hardwarepoint;hetoudenhuis;itfacilitybenelux;iwc;janhofmeijer;larsveenboer;mandyritmeester;marstyle;nfcgigant;notjusthair;omvoelen;racingschool;reverworkplaceinnovators;scopertadivino;themansion;topaes;vdhrechtshulp,craft,1,1.0,0.815,,,,,,,,,,,,,,,,,,,,0,,36,23,,,2,20,0,0,0,0,0,,0.0,0.0,1.0,0.9,,,,,,SEO & organische vindbaarheid,Website & webdesign,,,,,,False
nickheurter,today,original340,1.455,anneliesvisser;dionneknooren;flitsmeister;guusvanherwaarden;hellopets;huisdierennl;ivandeceuninck;marcbakker;riannevanballegooijen;sendy;wooof,,0,1.0,0.156,,0.333,1.0,1.0,,,,,,,,,,,,,,,,0,,16,11,,,2,8,0,3,1,1,0,,0.0,0.182,1.0,0.25,,0.333,1.0,1.0,,SEO & organische vindbaarheid,Strategie & advies,,Retail & e-commerce (general consumer goods),Naamsbekendheid & zichtbaarheid,Webshop consumenten (D2C),,True
niekminderhoud,today,original340,1.0,fmtelecom;tricoachmatt,,0,,1.0,,,,,1.0,,,,,,,,,,,,,,,12,,15,2,,,0,1,0,0,0,0,1,,0.0,0.0,,1.0,,,,,1.0,,"Outcome-verkoop (leads, omzet, groei)",,,,,MKB / middelgroot,False
niekvanson,today,original340,1.0,brookz;robverhoeven;voldaanfactoring,,0,0.5,0.5,,,,,,,,,,,,,,,,,,,,0,,3,3,,,2,2,0,0,0,0,0,,0.0,0.0,0.5,0.5,,,,,,"SEA, display & overige paid advertising",Online adverteren (paid ads),,,,,,False
studionul.com_424,today,original340,1.0,cbkunsthal;dedoelen;fenix;spotify,,0,,,,,,,,,,,,,,,,,,,,,,0,,4,4,,,0,0,0,0,0,0,0,,0.0,0.0,,,,,,,,,,,,,,,False
studiopiranha.com_425,today,original340,2.0,amtra;cleard3;dgmr;eijkmankliniek;favemedicalaesthetics,industry,1,,1.0,,0.375,1.0,,,,,,,,,,,,,,,,,0,,6,5,,,0,1,0,4,1,0,0,,0.2,0.0,,1.0,,0.5,1.0,,,,Branding & huisstijl,,Healthcare & care,"Merk, huisstijl & verhaal",,,False
suzanne-joosten,today,original340,1.286,amblestrut;nationalenederlanden;naturalspices;solibri;stichtingondernemersklankboard;sushito;vermaatevents,,0,1.0,0.222,,1.0,,,,,,,,,,,,,,,,,,0,,7,7,,,1,6,0,1,0,0,0,,0.0,0.0,1.0,0.333,,1.0,,,,Social media organisch,Branding & huisstijl,,"Software, IT & telecom",,,,False
svendenboer,today,original340,1.0,1801;avbamsterdam;borrelsbytesevents;marcelvanlochem,craft,1,0.5,0.625,,,,,,,,,,,,,,,,,,,,0,,4,4,,,2,4,0,0,0,0,0,,0.0,0.0,0.5,0.75,,,,,,"E-mail, CRM & marketing automation",Website & webdesign,,,,,,False
svenvannobelen,today,original340,1.2,burkely;chauddevant;happyfarmer;lasouris;malelions;officeinterior;rogelli;smartblinds;vliegenenparkeren;wijzorgen,channel+model,2,0.36,0.259,1.0,0.5,,0.556,,,,,,,,,,,,,,,,0,,10,10,,,10,9,1,2,0,3,0,,0.0,0.0,0.5,0.333,1.0,0.5,,0.667,,Multi-channel & omnichannel,Webshop & e-commerce,Internationaal / wereldwijd,Retail & e-commerce (general consumer goods),,Webshop consumenten (D2C),,False
brandleemedia.nl,today,control,1.222,audreyhoogendam;berrygieliam;duenruamtham;gewoonamir;kevindevelde;mohamedbahlaoui;nickvantilburg;niekheemskerk;sandersaircopaleis,craft,1,1.0,0.556,1.0,1.0,,,,,,,,,,,,,,,,,,0,,9,9,,,1,3,1,1,0,0,0,2025,0.0,0.111,1.0,0.667,1.0,1.0,,,,"Branding, campagne & activatie",Website & webdesign,Nederlandse stad of plaats,"Construction, real estate & housing",,,,True
brendly.nl,today,control,2.25,bertolli;ciphix;coralbranchfoundation;emq;flure;magioni;nienkeplas;sekoiaagency,craft,1,,0.594,,0.265,1.0,,,,,,,,,,,,,,,,,0,,9,8,,,0,8,0,7,1,0,0,2025,0.125,0.125,,0.75,,0.429,1.0,,,,Website & webdesign,,"Food, beverage & agriculture",Website verouderd of nieuw nodig,,,True
bsetmedia.nl,today,control,1.375,adreindersvleesrokerijzouterij;boimago;bureaudemat;dewandelcoach;facilitydealnl;gasoil;hoefnagelspecialaloys;ilsettimoborgo;imagonederland;liannevangenugten;mariekehombergvanoijen;odekerkenlogopedie;protass;relatietherapiezwolle;ssfacilityservice;technoselect,craft,1,,0.802,1.0,0.28,,,,,,,,,,,,,,,,,,1,,17,16,,,0,9,1,5,0,0,0,2025,0.0,0.0,,0.889,1.0,0.4,,,,,Website & webdesign,Specifiek buitenland,Healthcare & care,,,,True
deindruk.nl,today,control,1.4,doehetzero;gemeentewageningen;logres;tomorrowtalents;valleifinance,,0,,0.28,,1.0,1.0,1.0,1.0,,,,,,,,,,,,,,,0,,7,5,,,0,5,0,1,1,1,1,2024,0.2,0.0,,0.4,,1.0,1.0,1.0,1.0,,Branding & huisstijl,,"Software, IT & telecom",Website verouderd of nieuw nodig,Zakelijke afnemers (B2B),MKB / middelgroot,False
delucro.nl,today,control,1.0,alzheimerzorgnederland;depalletvriend;helloflex;hydrauflushinternational;knutselpakketten;minersnederland;palmveineurope;virtupply,craft,1,,0.551,,,,,,,,,,,,,,,,,,,,0,,13,8,,,0,7,0,0,0,0,0,2024,0.0,0.0,,0.714,,,,,,,Website & webdesign,,,,,,True
demakersvanmooi.nl,today,control,1.0,2dehandsbe;aanutwater;artsenzondergrenzen;eurorepar;gemeentedenhaag;greenhealthsolutions;groentenapotheek;hoam;horizonflevoland;jmt;koningspalm;megatyre;omfl;onderlingerijnenaar;peugeot;pireco;tim;uniroyal,craft,1,,1.0,,,1.0,,,,,,,,,,,,,,,,,0,,26,18,,,0,4,0,0,1,0,0,2023,0.0,0.0,,1.0,,,1.0,,,,"Grafisch ontwerp, drukwerk & print",,,Content & creatieve productie,,,True
demarrage.nl,today,control,1.111,afp;appelsientje;carqon;centerparcs;coolbest;nvp;plastchem;verkade;welkomteamamsterdam,channel+model,2,0.375,0.284,0.5,1.0,0.284,0.556,,,,,,,,,,,,,,,,9,,18,9,,,4,9,2,1,9,3,0,2023,0.0,0.0,0.5,0.444,0.5,1.0,0.444,0.667,,Social media organisch,Branding & huisstijl,Internationaal / wereldwijd,"Food, beverage & agriculture",Groei & nieuwe markten,Zakelijke afnemers (B2B),,True
dentsu.com,today,control,1.0,heineken;hema;kpn;pwc;zalando,,0,0.333,0.333,1.0,,1.0,,,,,,,,,,,,,,,,,0,,6,5,,,3,3,1,0,1,0,0,2024,0.0,0.0,0.333,0.333,1.0,,1.0,,,"SEA, display & overige paid advertising",Strategie & advies,Heel Nederland (landelijk),,Maatwerk software & efficiëntere processen,,,True
philip-vink-881b77165,today,original340,1.667,estseven;goldbergh;sportnstyles,,0,,,,1.0,,,,,,,,,,,,,,,,,,0,,3,3,,,0,0,0,2,0,0,0,,0.0,0.0,,,,1.0,,,,,,,Retail & e-commerce (general consumer goods),,,,False
pietervanderzee,today,original340,1.833,bfpversand;bmwe28specialist;bouwzorgfrysln;camperworldxlnl;devoetbaltrainer;devriesbuitencomfort;ficaccountancy;fysiowitmarsum;hollandholsteinherds;holsteininternational;metaal;micronutritions;niceflavour;schildersblad;supernova;vlot;xsires;zzperindebouw,craft+geo,2,1.0,0.347,0.44,0.218,,0.5,1.0,,,,,,,,,,,,,,,0,,19,18,,,1,12,5,15,0,2,2,,0.0,0.0,1.0,0.5,0.6,0.333,,0.5,1.0,Webshop & e-commerceplatform,Branding & huisstijl,Internationaal / wereldwijd,"Construction, real estate & housing",,Webshop consumenten (D2C),Familiebedrijf / gevestigd met historie,True
pim-berentzen-a1229325,today,original340,1.455,amaze;asics;bethefuture;castorefeyenoordrotterdambanlieue;dehallenamsterdam;eurojackpotvrouweneredivisie;jimmywoo;knvb;nationalepostcodeloterij;vangoghmuseum;ziggosport,industry+craft,2,0.5,0.432,0.5,0.375,,,1.0,,,,,,,,,,,,,,,0,,25,11,,,2,9,2,4,0,0,1,,0.0,0.0,0.5,0.556,0.5,0.5,,,1.0,Multi-channel & omnichannel,Branding & huisstijl,Heel Nederland (landelijk),"Hospitality, tourism, sports & recreation",,,Groot / corporate / marktleider,False
pionect.com_414,today,original340,1.3,algrthm;brancheorganisatiekinderopvang;dagelijksebroodkruimels;jesusnet;jma;nubuiten;pettaria;sinot;socialdebt;vaniperen,craft+channel,2,0.375,0.375,,0.333,1.0,1.0,1.0,,,,,,,,,,,,,,,8,,27,10,,,4,4,0,3,1,1,1,,0.0,0.0,0.5,0.5,,0.333,1.0,1.0,1.0,Webshop & e-commerceplatform,Apps & maatwerk platforms,,Retail & e-commerce (general consumer goods),Maatwerk software & efficiëntere processen,Consumentenmarkt offline,Startup / jong / groeiend,False
prsc.nl_415,today,original340,1.0,ballastnedamdevelopment;cod;condorprojectdevelopment;provast;redcompany;stadsherstelhistorischrotterdam;vanherk,geo,1,,,1.0,,,,,,,,,,,,,,,,,,,0,,9,7,,,0,0,7,0,0,0,0,,0.0,0.0,,,1.0,,,,,,,Nederlandse stad of plaats,,,,,False
q42.nl_416,today,original340,1.0,2guysfromandromeda;538;adidasag;amsterdamlightfestival;andirect;apptorg;bavaria;benbenet;blink;cineville;codeuur;cohere;contranoid;denhaagcom;designmuseum;dodo;dreizen;europeanspaceagency;foxsports;gazelle;gigaset;google;greenpeace;greetz;hallmark;handcraft;hema;hitster;hollandshoop;ikea;intergamma;jgzapps;kinderboekenweek;klm;laks;lessonup;lotto;madurodam;malmberg;mazda;mediamarkt;mendo;mensenmeteenmissie;mibo;mimispot;mogroep;moti;museumdelakenhal;museumvanwereldculturen;nederlandseloterij;nederlandsinstituutvoorbeeldengeluid;newyorktimes;nrc;numolition;partijvoordedieren;persgroep;philips;pieterpot;printr;prodemos;proquest;quek;quento;radbouduniversiteit;rijksoverheiddigitalaction;rocmondriaan;rodekruis;rtlventures;schooltv;shuttel;sire;soundfocus;spinncoffee;staatsloterij;stedelijkmuseum;stockon;subiet;tate;tesloop;thegrid;thiememeulenhoff;thingsthattalk;tno;top2000caf;ubutler;volkskrant;vpro;vsn;wetransfer;wieisdemol;worldpressphoto;wyse;xopus;zgrounds,craft,1,,0.661,,,,,,,,,,,,,,,,,,,,61,,167,94,,,0,47,0,0,0,0,0,,0.0,0.0,,0.809,,,,,,,Apps & maatwerk platforms,,,,,,False
quinn-hulshof-5822b8204,today,original340,1.182,adiliosoaresandrade;bas;bwyze;dbakoestiek;growgo;helionthuisbatterijen;janjaapnotenboom;mikakarthe;nourymahassen;skillable;solvastgoed,craft,1,,0.375,,,,,,,,,,,,,,,,,,,,6,,21,11,,,0,8,0,0,0,0,0,,0.0,0.182,,0.5,,,,,,,Content & copywriting,,,,,,False
ralfvanlieshout,today,original340,1.4,fontyshogescholen;monkeysbananas;spilnews;swisssense;wppmedia,craft,1,,1.0,,1.0,1.0,,1.0,,,,,,,,,,,,,,,0,,5,5,,,0,5,0,1,1,0,1,,0.0,0.2,,1.0,,1.0,1.0,,1.0,,Strategie & advies,,Education & childcare,"Merk, huisstijl & verhaal",,Startup / jong / groeiend,False
dd.agency,today,control,1.0,karllagerfeld;mercedesf1xtommyxawakeny;mercedesf1xtommyxclarenceruth;plline;rituals;rosewoodamsterdam;thehilfigerracingclub;tommyxkendall;uniserver;yoek,craft,1,,0.556,,,,,,,,,,,,,,,,,,,,0,,21,10,,,0,3,0,0,0,0,0,2023,0.0,0.0,,0.667,,,,,,,Campagnes & creatieve concepten,,,,,,True
de-reclamefabriek.nl,today,narrower,1.111,albron;aldi;bauhaus;bol;centerparc;makro;praxis;raiamsterdam;subway,,0,,1.0,,,,,,,,,,,,,,,,,,,,0,,20,9,,,0,2,0,0,0,0,0,2025,0.0,0.111,,1.0,,,,,,,"Grafisch ontwerp, drukwerk & print",,,,,,False
dearivy.nl,today,control,1.0,houtovencafkool;newmiles;qrfit;vierdaagsefeesten,craft,1,,0.556,,,,,,,,,,,,,,,,,,,,0,,4,4,,,0,3,0,0,0,0,0,2020,0.0,0.0,,0.667,,,,,,,Branding & huisstijl,,,,,,False
declubb.com,today,narrower,1.0,renewtech,,0,,1.0,,,,1.0,,,,,,,,,,,,,,,,2,,3,1,,,0,1,0,0,0,1,0,2023,0.0,0.0,,1.0,,,,1.0,,,"Outcome-verkoop (leads, omzet, groei)",,,,Zakelijke afnemers (B2B),,False
degelijkdesign.nl,today,control,1.0,ambulancezorggroningen;bentacera;bobkroll;brandweergroningen;cobramedical;gemeentehethogeland;getthere;kirstensmit;krollsr;linqk;magetitans;mauricebergman;sterinoord;voys,craft,1,1.0,0.503,,,,,,,,,,,,,,,,,,,,0,,25,14,,,1,13,0,0,0,0,0,2023,0.0,0.0,1.0,0.692,,,,,,Website & CMS,Branding & huisstijl,,,,,,False
brancom.nl,today,control,1.6,ets;identitygames;koffiepartners;kroonint;verstegenspicessauces,craft+job,2,1.0,0.52,1.0,1.0,0.556,,,,,,,,,,,,,,,,,0,,8,5,,,1,5,1,1,3,0,0,2025,0.2,0.2,1.0,0.6,1.0,1.0,0.667,,,Webshop & e-commerceplatform,Apps & maatwerk platforms,Nederlandse stad of plaats,"Food, beverage & agriculture",Webshop & online verkoop,,,False
brandbits.nl,today,control,1.48,boekenpronl;borgconsulting;brandweerbrabantnoord;businessparkaviolanda;connectingprocesses;erasmuscentreforentrepreneurship;gemeentemoerdijk;grashaag;havanatours;jamoneria;jules;logisticsunited;lorenz;luytenisolatie;maanphotography;nxtmoerdijk;rewin;sdbvitrine;slijterijnelis;syk;synano;thebestyou;visitmoerdijk;yourfellow;zwanenbos,,0,1.0,0.306,,0.2,,,,,,,,,,,,,,,,,,0,,37,25,,,2,11,0,10,0,0,0,2025,0.0,0.0,1.0,0.455,,0.3,,,,Social media organisch,Website & webdesign,,Government & public sector,,,,False
brandcode.nl,today,control,1.167,adr;bjt;blueschool;cocacola;codema;eventleader;exterus;familiebedrijffris;kannick;kuboid;publyon;rvoinnovatieattachnetwerk;savethechildren;spirit4you;strypes;thermofisher;verdouw;vumc,channel+geo,2,0.375,0.231,1.0,0.5,,,,,,,,,,,,,,,,,,7,,30,18,,,4,13,3,2,0,0,0,2025,0.0,0.0,0.5,0.385,1.0,0.5,,,,"Content, video & PR",Branding & huisstijl,Internationaal / wereldwijd,"Staffing, recruitment & HR",,,,True
brandfirm.nl,today,narrower,2.5,adamvrgamepark;becam;elisnederland;fletcherhotels;helloflex;jessyatsea;joolz;laadpuntnederland;laadpuntnl;otolift;soapolionlinenl;wincacademy,channel+model+geo,3,0.375,0.28,0.375,0.111,0.207,0.556,0.5,,,,,,,,,,,,,,,1,,15,12,,,4,5,4,9,11,3,2,2020,0.0,0.75,0.5,0.4,0.5,0.111,0.273,0.667,0.5,SEO & organische vindbaarheid,SEO & vindbaarheid,Heel Nederland (landelijk),Retail & e-commerce (general consumer goods),Advertenties & campagnes renderen niet,Gemengd,Startup / jong / groeiend,False
brandforlife.nl,today,control,1.3,dolfijnenhuis;fysiopraktijkdiezeoost;koelezomers;kroonkliniek;slompverzekeringenenhypotheken;swollwacht;thaisrestaurantbaiyok;vanwijkbikeservices;veiligthuisijsselland;zwolsedeelfietsen,craft,1,1.0,0.375,,0.333,,,,,,,,,,,,,,,,,,15,,25,10,,,2,4,0,3,0,0,0,2023,0.0,0.0,1.0,0.5,,0.333,,,,Social media organisch,Website & webdesign,,Finance & insurance,,,,True
thegoodplace,today,original340,1.0,apivandewadden;assetsonly;bluefield;buildingbalance;calamiteitenhospitaal;connexie;cornerstonepartners;greeninclusive;greenpepper;jetnet;kenmed;lvvp;nachtleven;nonnarosa;peopleselect;proefwerk;reputatiegroep;schwalbe;studioglinster;tenhave;trimbosdigitalebalans;trimbosdrugsinfonlalcoholinfonl;trimbosdrugsuitgaan;uwwerkenwerkt,craft+channel,2,1.0,0.702,,,,,,,,,,,,,,,,,,,,0,,31,24,,,16,22,0,0,0,0,0,,0.0,0.0,1.0,0.818,,,,,,SEO & organische vindbaarheid,Branding & huisstijl,,,,,,False
thom-van-de-donk,today,original340,2.2,anno1982;chargee;ezfactory;majamagazines;merelinwonderland;mettom;returnless;testersuite;trustboundgrc;villappartecom,craft+job+channel+model,4,0.592,0.438,1.0,0.224,0.375,0.375,,,,,,,,,,,,,,,,0,,15,10,,,7,8,1,7,4,4,0,,0.0,0.5,0.714,0.625,1.0,0.286,0.5,0.5,,SEO & organische vindbaarheid,SEO & vindbaarheid,Internationaal / wereldwijd,Retail & e-commerce (general consumer goods),"Meer leads, aanvragen & verkoop",Webshop consumenten (D2C),,False
tim-breur,today,original340,1.429,bijnabben;bundeling;ebusplantencashcarry;euregionalsustainabilitycenter;fieldlabsnoordlimburg;ikwileenstartershypotheeknl;kasteeltuinenarcen;kunstuithetvuistje;lagotronicsprojects;metaalketenzuid;museumvanbommelvandam;pearldrumseurope;philzuid;spacefitters;steenbergentransport;stevigstaan;stufkenshoorcentrum;vanderlaanuitvaart;venloverwelkomt;verheijensmeetsarchitecten;werkenbijpsw,craft,1,0.333,0.306,0.188,0.21,0.222,1.0,,,,,,,,,,,,,,,,0,,28,21,,,15,14,8,9,6,2,0,,0.0,0.0,0.467,0.5,0.25,0.333,0.333,1.0,,Multi-channel & omnichannel,Website & webdesign,Europa,Healthcare & care,Naamsbekendheid & zichtbaarheid,Zakelijke afnemers (B2B),,False
tim-heijne-learn-play-create,today,original340,1.353,adsevona;cairntec;clubecho;croforum;daretoshine;kpmgcroforum;lab;learnadaptbuild;mistermiles;oxyo;oxyoretreatscom;ppozo;thecultivist;timpaan;toughly;ziffziff;zingjevrij,craft+geo,2,1.0,0.858,0.625,0.222,0.5,,,,,,,,,,,,,,,,,0,,17,17,,,1,13,4,6,2,0,0,,0.0,0.0,1.0,0.923,0.75,0.333,0.5,,,Social media organisch,Branding & huisstijl,Nederlandse stad of plaats,"Software, IT & telecom",Groei & nieuwe markten,,,False
niels-debets-48861a8,today,original340,1.5,audiobrothers;voorkappers,,0,,1.0,,1.0,,1.0,,,,,,,,,,,,,,,,0,,4,2,,,0,2,0,1,0,1,0,,0.0,0.0,,1.0,,1.0,,1.0,,,Campagnes & creatieve concepten,,Retail & e-commerce (general consumer goods),,Zakelijke afnemers (B2B),,True
niels-kersten-9857615,today,original340,1.0,appl;doe;doefinancieelzekervanreusel;gemeentebestbrinckers;haacht;huisportaaldesprong;ikmoethimmelniks,craft,1,,1.0,,,,,,,,,,,,,,,,,,,,0,,7,7,,,0,4,0,0,0,0,0,,0.0,0.0,,1.0,,,,,,,Branding & huisstijl,,,,,,True
nijgh.com_412,today,original340,1.0,alfaromeo;blueban;bndestem;davidlloydclubs;degelderlander;dnb;erasmusmc;ferrerorocher;fiat;gemeenterotterdam;haagsehogeschool;hogeschoolrotterdam;hogeschoolvanamsterdam;illy;jeep;lancia;ministerievanfinancin;nutricia;pzc;rotterdamsdagblad;schoevers;shell;spa;tno;tubantia;vannelle;verkade;wegener,,0,,,,,,,,,,,,,,,,,,,,,,0,,28,28,,,0,0,0,0,0,0,0,,0.0,0.0,,,,,,,,,,,,,,,True
nikolay-petkov-,today,original340,1.0,1crew;ampeco;credissimo;infinitex;ingotify;officernd;payhawk;paylater;processflows,craft,1,,0.406,1.0,,,,,,,,,,,,,,,,,,,2,,30,9,,,0,8,1,0,0,0,0,,0.0,0.0,,0.5,1.0,,,,,,Branding & huisstijl,Internationaal / wereldwijd,,,,,True
nkerklaan,today,original340,1.0,blijdorprotterdamzoo;bouwbedrijfderoest;dehuidboetiek;emservices;kjerner;maaskade;mygreenuncle;stradadelvino;vdfgreenhouses;vorexlogistics,craft,1,,0.66,,,,,,,,,,,,,,,,,,,,0,,34,10,,,0,10,0,0,0,0,0,,0.0,0.0,,0.8,,,,,,,Branding & huisstijl,,,,,,False
bigbirdmedia.nl,today,control,1.0,autobedrijfvanempel;bamimagazine;berenhuis;beweegenspeel;bluemonkeys;change;deeweedee;dginfratechniek;dormi;doughit;jorisvanroosmalen;karmenta;openbedrijvenroute;pikenefkens;wegwijs;whoon,,0,,1.0,,,,,,,,,,,,,,,,,,,,0,,18,16,,,0,1,0,0,0,0,0,2025,0.0,0.0,,1.0,,,,,,,Branding & huisstijl,,,,,,False
bigfat.nl,today,control,1.0,degraafschap;genap;isolatieshop;mdhmediagroep;spikkerspecials;zozorgtgeldersevallei,craft,1,,1.0,,,,,,,,,,,,,,,,,,,,0,,6,6,,,0,6,0,0,0,0,0,2020,0.0,0.0,,1.0,,,,,,,Website & webdesign,,,,,,False
bigfish.nl,today,narrower,1.136,113;bookingcom;eneco;esig;europeesparlement;kesbeke;looop;muute;northc;prinsesmximacentrum;prorail;rabobank;rdw;rijksoverheid;rinkel;starafoods;tennet;tno;uva;vacanceselect;vanderlande;wwf,craft,1,1.0,0.44,1.0,0.333,,,,,,,,,,,,,,,,,,0,,25,22,,,1,5,1,3,0,0,0,2025,0.0,0.0,1.0,0.6,1.0,0.333,,,,Offline media & events,"Video, animatie & fotografie",Internationaal / wereldwijd,"Energy, utilities & environment",,,,True
bijlpr.nl,today,control,1.5,3x3unites;burengesprekbotlekeuropoort;denetherlandsspaceagency;dexcom;komindekas;nutricia,craft,1,1.0,0.375,1.0,1.0,1.0,,,,,,,,,,,,,,,,,0,,8,6,,,1,4,1,1,1,0,0,2025,0.167,0.167,1.0,0.5,1.0,1.0,1.0,,,Social media organisch,PR & influencer marketing,Heel Nederland (landelijk),Healthcare & care,Bewustwording & gedragsverandering,,,True
marketingkraam.nl,today,narrower,1.188,anatomiegebouw;elitas;groteflessenwijnnl;leesmees;loopvisie;matchq;merkvizier;nederlandseverenigingvoorzeepfabrikanten;nvz;qraad;samsamkring;solemades;tanqyou;thiadensadvies;vanerpcampers;vvelaadloket,channel,1,0.556,0.219,,,,,,,,,,,,,,,,,,,,0,,33,16,,,3,8,0,0,0,0,0,2022,0.0,0.188,0.667,0.375,,,,,,"SEA, display & overige paid advertising",Strategie & advies,,,,,,True
marketingshift.nl,today,narrower,1.308,cambadkamers;friettruckhurennl;hollandsehypothekenverzekeringen;magicmovers;mylifeslimalkmaar;rijnmondoverkapping;spects;spectsdataconsultancy;stfu;stfushop;uitlaatservicemalo;underdogdivers;zangervanhetvolk,craft,1,1.0,0.82,1.0,1.0,,1.0,,,,,,,,,,,,,,,,2,,22,13,,,1,10,2,2,0,2,0,2025,0.0,0.154,1.0,0.9,1.0,1.0,,1.0,,Social media paid,Website & webdesign,Europa,Business & professional services,,Webshop consumenten (D2C),,False
mattercontentagency.com,today,narrower,1.0,aholddelhaizeusa;albertheijn;allerhande;aswatson;bpd;casa;delhaize;fnvyoungunited;gamma;inno;mediamarktnederlands;medimarket;ministerievanocw;nationalelotterij;pfzw;plantsflowersfoundation;veteraneninstituut;wellantcollege,,0,,0.5,,,,,1.0,,,,,,,,,,,,,,,2,,23,18,,,0,2,0,0,0,0,1,2025,0.0,0.0,,0.5,,,,,1.0,,Apps & maatwerk platforms,,,,,Omvang in cijfers,False
meercollective.nl,today,control,1.222,9karat;amarbeidsrecht;amsteldutch;apenkooigym;atelierluz;ateliersukha;barkmeijertrainingen;bijvivopdebank;carolinevanwijk;cleosfairtradethee;drsmama;easyconsultancy;ena;ergomind;ergotherapienetwerkamsterdam;erikavanes;estherwooninkhaptonomie;fabiennezwanenburg;gebrouwendoorvrouwen;gebrvanderveekens;gouderdom;hartjethuis;id2bytes;imstudio;jamilavriesman;jamilavriesmancoaching;karindols;krachtwerk;leefwijsamsterdam;mindelevators;mindforgood;morethanles;nadinekieftjewelry;nederlandsinstituutvoorbeeldengeluid;nedles;nickdevree;ninekaratnadinekieftjewelry;plansysteemonline;playatslaep;skinroom;sportstudio79;stolkwebdesign;studioirismaree;suite702;taptfestival;theaterkantoor;theforwardclub;thesocialplan;thesocialplant;tjeerdschiphorst;ulujewelry;vannoordbelastingadvies;vedegin;voelstream,channel,1,0.551,0.302,,0.223,0.284,,0.5,,,,,,,,,,,,,,,0,,77,54,,,7,53,0,11,9,0,2,2023,0.0,0.0,0.714,0.453,,0.273,0.444,,0.5,SEO & organische vindbaarheid,Content & copywriting,,Healthcare & care,Naamsbekendheid & zichtbaarheid,,Startup / jong / groeiend,False
digishock.com,today,control,1.875,bluepeakenergy;brightbits;brocacefziekenhuisfarmacie;desimatrassen;medicusonline;skynetworldwideexpress;startupnijmegen;tuintopia,craft+job+geo,3,0.25,0.375,0.556,0.184,0.556,0.5,1.0,,,,,,,,,,,,,,,0,,12,8,,,4,4,3,7,3,2,1,2020,0.0,0.0,0.25,0.5,0.667,0.286,0.667,0.5,1.0,Website & CMS,Website & webdesign,Nederlandse stad of plaats,"Construction, real estate & housing",Maatwerk software & efficiëntere processen,Webshop consumenten (D2C),Omvang in cijfers,False
digitalguys.nl,today,control,1.462,delicieux;dezorgstrategen;kenc;kraeft;luitenfruit;marinedeckeurope;ronaldhazenhoffherenmode;rsmediaworks;terrazzotuinmeubels;tonerstore;twentskerstpakket;vintageride;zonex,craft+channel,2,0.722,0.592,1.0,0.333,,,1.0,,,,,,,,,,,,,,,0,,27,13,,,6,7,1,3,0,0,1,2022,0.077,0.154,0.833,0.714,1.0,0.333,,,1.0,Website & CMS,Website & webdesign,Regionaal (binnen Nederland),Retail & e-commerce (general consumer goods),,,Omvang in cijfers,True
digitalinside.nl,today,control,1.824,7dtv;anno1982;centraalbeheer;denkproducties;g4s;hypotheekonline;nomonkeybusiness;restauratiefonds;septemberonderwijs;smartoffice;spacetocreate;stichtingpensioenlab;swishfund;utrechtbasketball;vakantiewoningenaandekust;virtualflightcenter;wolfsarchitecten,,0,0.265,0.172,,1.0,,,,,,,,,,,,,,,,,,0,,28,17,,,7,13,0,1,0,0,0,2015,0.0,0.765,0.429,0.231,,1.0,,,,"SEA, display & overige paid advertising","Online marketing, performance & CRO",,"Construction, real estate & housing",,,,False
digitalness.nl,today,control,1.625,beddennl;bewustsanitair;cocertificatienl;energyarchitects;evenses;houtmaninspectie;plakspijkersnl;vbike,,0,0.344,0.5,1.0,0.2,0.5,0.5,,,,,,,,,,,,,,,,0,,8,8,,,8,2,1,5,2,2,0,2020,0.0,0.0,0.375,0.5,1.0,0.2,0.5,0.5,,SEO & organische vindbaarheid,"Online marketing, performance & CRO",Heel Nederland (landelijk),"Energy, utilities & environment","Merk, huisstijl & verhaal",Webshop consumenten (D2C),,True
edenfrost.com,today,control,1.0,almerecitymarketing;amsterdampartners;amsterdamsciencepark;cityofamsterdam;cubatravelnetwork;expatcenter;netherlandsinstituteforadvancedstudy,,0,1.0,1.0,,,,,,,,,,,,,,,,,,,,0,,7,7,,,2,2,0,0,0,0,0,2025,0.0,0.0,1.0,1.0,,,,,,Website & CMS,Website & webdesign,,,,,,False
eenvoud.nl,today,control,1.0,cruisinghome;stbarthyachting;vanamerongen;vanquishyachts,,0,1.0,0.333,,,,,,,,,,,,,,,,,,,,0,,5,4,,,1,3,0,0,0,0,0,2025,0.0,0.0,1.0,0.333,,,,,,"E-mail, CRM & marketing automation",Apps & maatwerk platforms,,,,,,True
elephantdesign.nl,today,control,1.556,bergers;brandsma;cadacsmartglobe;huybreghs;iticketz;liqwidfinance;otium;river;workfutura,industry+craft,2,1.0,0.63,,0.44,,,0.5,,,,,,,,,,,,,,,1,,15,9,,,1,9,0,5,0,0,2,2020,0.0,0.0,1.0,0.778,,0.6,,,0.5,Apps & custom platforms,Branding & huisstijl,,"Software, IT & telecom",,,Groot / corporate / marktleider,True
elstarcommunicatie.nl,today,narrower,1.5,setia;zoetermeer,,0,,1.0,1.0,1.0,,,,,,,,,,,,,,,,,,6,,8,2,,,0,1,1,1,0,0,0,2024,0.0,0.0,,1.0,1.0,1.0,,,,,Branding & huisstijl,Nederlandse stad of plaats,Business & professional services,,,,False
epic.nl,today,control,1.8,deventerontwikkelkwartier;jongensterk;rocvantwente;topsportcommunity;valuecare,geo,1,0.5,1.0,0.375,0.333,,1.0,,,,,,,,,,,,,,,,0,,8,5,,,2,1,4,3,0,1,0,2025,0.0,0.0,0.5,1.0,0.5,0.333,,1.0,,Multi-channel & omnichannel,Campagnes & creatieve concepten,Regionaal (binnen Nederland),Business & professional services,,"Overheid, zorg & onderwijs",,False
wimdatema,today,original340,1.125,aegon;afm;ballastnedam;brainportdevelopment;capgemini;cohedron;conclusion;dio;ecraid;fnv;g2k;kpmg;kpn;logius;ministerievanezk;ministerievanlnv;noordhofforiginals;partsexpress;postnl;regionoordlimburgniederrhein;tkp;today;toerismeveluwearnhemnijmegen;umcutrecht,industry,1,,,,0.556,,,,,,,,,,,,,,,,,,0,,24,24,,,0,0,0,3,0,0,0,,0.0,0.0,,,,0.667,,,,,,,Government & public sector,,,,False
wouterbesters,today,original340,1.2,barafvalbeheer;biscuitinternational;coors;cpcoaching;hartvoorwijn;ivglibil;leertouwer;lieshoutservice;martas;prefense;roxennenails;universiteitleiden;vanekeren;vanoosteromenverhagen;viltstore,,0,0.333,0.156,,0.5,,1.0,1.0,,,,,,,,,,,,,,,26,,47,15,,,3,8,0,2,0,1,1,,0.0,0.0,0.333,0.25,,0.5,,1.0,1.0,SEO & organische vindbaarheid,Employer branding & recruitment,,"Energy, utilities & environment",,Webshop consumenten (D2C),Omvang in cijfers,True
woutermuns,today,original340,1.0,americansoverseas;ballonnenservice;heineken;klaverblad;solitsocks;stoerbikes;voordeeluitjes;welkoop,,0,1.0,0.5,,,,,,,,,,,,,,,,,,,,0,,8,8,,,2,2,0,0,0,0,0,,0.0,0.0,1.0,0.5,,,,,,SEO & organische vindbaarheid,SEO & vindbaarheid,,,,,,False
yescontent.nl_430,today,original340,1.222,anwb;bosman;caldic;deg;elancoffee;eneco;menradnederland;mercurius;ofi;solidportsolutions;spineandjoint;stedin;timeblockr;topdesk;trined;vannelle;veya;vvaa,industry,1,,1.0,,0.375,,,,,,,,,,,,,,,,,,0,,29,18,,,0,2,0,4,0,0,0,,0.0,0.0,,1.0,,0.5,,,,,Branding & huisstijl,,"Transport, logistics & automotive",,,,True
0209design.nl,today,control,1.405,2dict;adsr;basisschooldelinde;boerenblosverburgkaas;boerenknoepert;boerontour;bomengineering;brasserielodgevisdonk;colsensation;corteva;cortevaagriscience;cortevapioneer;cortevazorvec;degrootverburg;dekruidenaer;dupontzorvec;gasterijdekladde;gooischepikante;jofib;keesbuijsenmakelaars;kindcentraobo;laudam;mediairadministratie;mediairadvies;meijerpotato;pagter;rihointernational;schoonheidssalonfrancien;sevagovastgoedbeheer;spar;teamdoelbewustcolsensation;verburgkaas;vermovloerverwarmingsystemen;verzinkerijwestbrabant;wijland;zematra;zemiceurope,,0,,0.225,1.0,0.129,1.0,1.0,1.0,,,,,,,,,,,,,,,3,,72,37,,,0,32,1,15,1,1,2,2020,0.0,0.0,,0.344,1.0,0.2,1.0,1.0,1.0,,Branding & huisstijl,Europa,"Construction, real estate & housing","Meer leads, aanvragen & verkoop",Webshop consumenten (D2C),Familiebedrijf / gevestigd met historie,False
2ndchapter.nl,today,control,1.833,azulbeach;camperverhuurkatwijk;colijninterieur;gezondheidscentrumzeehos;hcblumen;hireiq;hollandsevisshop;huisartsenpraktijkkingma;huisartsenpraktijknieuwrapenburg;jacolienkulkmediation;katwijksmuseum;kleijwegmakelaars;kunstvereenigingkatwijk;lichtaccessoires;northactionsports;novins;reisburonoordeinde;verdeaflowersplants,craft+geo,2,1.0,0.755,0.574,0.173,1.0,1.0,,,,,,,,,,,,,,,,0,,18,18,,,1,7,13,15,2,1,0,2025,0.0,0.0,1.0,0.857,0.692,0.267,1.0,1.0,,Website & CMS,Website & webdesign,Nederlandse stad of plaats,"Hospitality, tourism, sports & recreation",Website verouderd of nieuw nodig,Webshop consumenten (D2C),,True
2youmarketing.nl,today,control,1.6,bravesalessolutions;openbarewerkplaats;rsfinance;thebigdatachef;verzuimpartners,craft,1,1.0,0.68,,0.333,,,,,,,,,,,,,,,,,,0,,6,5,,,2,5,0,3,0,0,0,2025,0.0,0.0,1.0,0.8,,0.333,,,,Website & CMS,Website & webdesign,,Education & childcare,,,,False
360-onlinemarketing.com,today,control,1.4,megaprojects;nieuwmolen;ntmobile;stockperfume;westinghousehomeware,channel,1,0.556,0.28,,0.5,,1.0,,,,,,,,,,,,,,,,0,,5,5,,,3,5,0,2,0,2,0,2025,0.0,0.0,0.667,0.4,,0.5,,1.0,,Multi-channel & omnichannel,Online adverteren (paid ads),,"Fashion, beauty & personal goods",,Webshop consumenten (D2C),,False
369production.nl,today,control,1.5,chickenfreaxx;grillroomcarnisse;naturalbeautycare;yuelangrestaurant,craft,1,,0.625,1.0,1.0,,,,,,,,,,,,,,,,,,0,,4,4,,,0,4,1,2,0,0,0,2023,0.0,0.0,,0.75,1.0,1.0,,,,,"Grafisch ontwerp, drukwerk & print",Regionaal (binnen Nederland),"Hospitality, tourism, sports & recreation",,,,True
tekstueel-communicatie.nl,today,narrower,1.471,boonstoppeltruckservice;citybeats;diverseprojectontwikkelaars;ecobatbattery;gemeentegouda;gemeentewaddinxveen;gemeentezuidplas;mozaekwonen;ondernemersplatformwaddinxveen;raadmaasland;red;ressortwonen;sma;vba12;vinkontwikkeling;woonpartnersmiddenholland;zuidfronthellevoetsluis,job+geo,2,1.0,0.232,0.46,0.235,1.0,,1.0,,,,,,,,,,,,,,,0,,23,17,,,1,17,10,9,3,0,1,2023,0.0,0.0,1.0,0.353,0.6,0.333,1.0,,1.0,Social media organisch,Strategie & advies,Nederlandse stad of plaats,"Construction, real estate & housing",Bewustwording & gedragsverandering,,Groot / corporate / marktleider,False
thabasco.nl,today,control,1.333,biobizzworldwideorganics;janluppes;marketinggroningen;reinadvocaten;ttcircuit;wiederline,,0,1.0,0.5,1.0,1.0,0.5,,,,,,,,,,,,,,,,,0,,8,6,,,1,2,1,1,2,0,0,2021,0.167,0.0,1.0,0.5,1.0,1.0,0.5,,,Offline media & events,Branding & huisstijl,Specifiek buitenland,"Food, beverage & agriculture",Groei & nieuwe markten,,,False
theapsgroup.com,today,control,0.9,akzonobel;albertheijn;forbo;ford;maersk;philips;redbull;vapenjouwkeuze;versuni;volvo,,0,1.0,1.0,,,,,,,,,,,,,,,,,,,,0,,15,10,,,1,1,0,0,0,0,0,2025,0.0,0.0,1.0,1.0,,,,,,"Content, video & PR",PR & influencer marketing,,,,,,True
thebravenewnow.com,today,narrower,1.0,fevertree;lucid;maxicosi;skytree;tesla;zens,craft,1,,0.44,,,,,,,,,,,,,,,,,,,,0,,6,6,,,0,5,0,0,0,0,0,2023,0.0,0.0,,0.6,,,,,,,Campagnes & creatieve concepten,,,,,,False
thrillmedia.nl,today,control,2.0,baxmusic;omoda;smulderstextielnl,craft,1,1.0,0.556,,0.333,,,,,,,,,,,,,,,,,,0,,3,3,,,2,3,0,3,0,0,0,2025,0.0,0.0,1.0,0.667,,0.333,,,,Offline media & events,Strategie & advies,,"Media, culture & entertainment",,,,True
merijnjanssen,today,original340,2.0,beestjeskwijt;cuppkoffiebar;futureforpeople;harotex;koensterkennatuursteen;logifit;njojliving;schoolofunderstanding;thibo;thibohekwerken;toypro,job+geo,2,,0.259,0.556,0.136,0.44,1.0,1.0,,,,,,,,,,,,,,,1,,16,11,,,0,9,3,9,5,2,1,,0.091,0.091,,0.333,0.667,0.222,0.6,1.0,1.0,,Strategie & advies,Nederlandse stad of plaats,"Construction, real estate & housing","Meer leads, aanvragen & verkoop",Zakelijke afnemers (B2B),Familiebedrijf / gevestigd met historie,True
michaelletens,today,original340,2.906,adventureeefde;betterbodieszundert;bodyfit;bouncevalley;bowlingvenray;bowlingwestland;deadmiraal;electrocrosswanroij;evfysiofitness;fespo;fitenfunplaza;fysioenmotion;fysiotherapievlambloem;fysiotrust;homeofheroes;imova;jouwknooppunt;medifitdrunen;multifit;playin;skagaventure;sparcksportsclub;sportnaturalboutique;statensport;streetjumpapeldoorn;synergiefysiotherapiefitness;thecity;thehealthworksclub;warrenssportinstituutreformerpilates;willemsensport;ymind;zuitnlfitnessfysiotherapie,industry+craft+channel,3,0.344,0.382,1.0,0.883,,,,,,,,,,,,,,,,,,3,,39,32,,,8,25,1,32,0,0,0,,0.0,0.906,0.5,0.56,1.0,0.938,,,,"SEA, display & overige paid advertising","Outcome-verkoop (leads, omzet, groei)",Nederlandse stad of plaats,"Hospitality, tourism, sports & recreation",,,,False
michaelryan-zuurstof,today,original340,1.297,aenergie;amsta;amstazorg;annatommiemc;broersmamakelaardij;buijsregiomakelaars;cityhub;deandreaskerk;defitfactor;desocialemaatschap;dreefbeheer;evean;explorius;goodman;jolberttennapel;kabouterhuis;konicaminolta;leviaan;lidlvastgoed;liftinstituut;lyvore;noordhoff;omgevingsdiensthaaglanden;proteqs;reumanederland;sealpacinternational;sick;sorgente;suzanneovergaag;teamflex;triadevitree;unoamsterdam;unovumc;vanaanpak;verobio;vesteda;vincotte,industry+channel+geo,3,0.333,0.22,0.389,0.355,0.281,1.0,,,,,,,,,,,,,,,,1,,64,37,,,6,30,6,11,8,1,0,,0.0,0.0,0.5,0.333,0.5,0.545,0.375,1.0,,Website & CMS,Website & webdesign,Nederlandse stad of plaats,Healthcare & care,Personeel werven & werkgeversmerk,Zakelijke afnemers (B2B),,True
michel-ariens,today,original340,2.0,ekliving;eknederland;energyup;icetubs;ovenheerlijk;suite702;vintagecashcow;welvaere,,0,1.0,0.2,1.0,0.333,0.5,,,,,,,,,,,,,,,,,1,,9,8,,,1,5,1,3,2,0,0,,0.0,0.625,1.0,0.2,1.0,0.333,0.5,,,"Content, video & PR","Video, animatie & fotografie",Internationaal / wereldwijd,"Food, beverage & agriculture",Advertenties & campagnes renderen niet,,,True
michieldewijn,today,original340,1.75,emersonprocessmanagement;foxholemusic;keukenhof;maersk,craft+job+geo,3,0.5,0.375,0.556,0.333,0.556,1.0,1.0,,,,,,,,,,,,,,,0,,4,4,,,2,4,3,3,3,2,1,,0.0,0.0,0.5,0.5,0.667,0.333,0.667,1.0,1.0,Social media organisch,Branding & huisstijl,Heel Nederland (landelijk),"Hospitality, tourism, sports & recreation","Merk, huisstijl & verhaal",Zakelijke afnemers (B2B),Omvang in cijfers,False
jordy-sweers-53a582b5,today,original340,1.0,abelreizen;abelreizennl;flamecontrol;hellebrekers;klaassendakkapellen;lizalau;mantrec;outlux;stortslurf;toplawood;vanessencardetailing;vdhinstallatietechnieknl;velunovanl;werkmettalentnl,craft+job,2,1.0,0.355,1.0,,0.375,1.0,,,,,,,,,,,,,,,,0,,18,14,,,1,11,1,0,4,1,0,,0.0,0.0,1.0,0.545,1.0,,0.5,1.0,,Webshop & e-commerceplatform,Website & webdesign,Internationaal / wereldwijd,,Maatwerk software & efficiëntere processen,Webshop consumenten (D2C),,False
jorggijsbers,today,original340,1.095,actieleernetwerk;backofficer;bomenenzo;brabantwonen;camperhurennl;donkersvagparts;kinderrijk;komzorgendannl;koninklijkehandboogsportnederland;pijlers;potonline;royaalbuiten;sanbio;terrasbeglazingopmaat;vanberlocementdekvloeren;vanderlande;vangemertondermode;vlonderplaatwerk;walkro;wickey;willemdesignvloeren,channel,1,0.375,0.281,0.5,1.0,0.28,1.0,,,,,,,,,,,,,,,,0,,28,21,,,4,8,2,1,5,2,0,,0.0,0.048,0.5,0.375,0.5,1.0,0.4,1.0,,Website & CMS,Branding & huisstijl,Internationaal / wereldwijd,Retail & e-commerce (general consumer goods),"Meer leads, aanvragen & verkoop",Webshop consumenten (D2C),,False
joyce-p-3307566,today,original340,1.333,albertheijn;exactbusinesssoftware;illuminatamedia;kwfkankerbestrijding;rabobank;welzaamvleutendemeern,,0,0.5,1.0,0.5,0.5,,,,,,,,,,,,,,,,,,0,,7,6,,,2,1,2,2,0,0,0,,0.0,0.0,0.5,1.0,0.5,0.5,,,,Social media organisch,Campagnes & creatieve concepten,Specifiek buitenland,"Media, culture & entertainment",,,,True
judith-gerritsen-19ba615,today,original340,1.0,coachcenter;deburgerreserve;dekroon;filiaaltheatermakers;hospicealtena;ishdancecollective;kindercampusmolenpark;kinderenvoorkinderen;koningsspelen;krajicekfoundation;nxt;right2grow;seksueelwelzijnnl,,0,,,1.0,,,,,,,,,,,,,,,,,,,0,,19,13,,,0,0,1,0,0,0,0,,0.0,0.0,,,1.0,,,,,,,Heel Nederland (landelijk),,,,,False
ascend-online.nl,today,control,1.429,axelllogistics;fabory;jeroenkneppers;renewi;sureshsital;tuinplantenwinkel;vacanceselect,craft+channel,2,0.625,0.44,,,0.5,,,,,,,,,,,,,,,,,0,,10,7,,,4,5,0,0,2,0,0,2022,0.0,0.429,0.75,0.6,,,0.5,,,"SEA, display & overige paid advertising",Online adverteren (paid ads),,,Beter vindbaar in Google,,,False
asociaalmarketing.nl,today,control,1.615,drukbazen;dutchdutchcustoms;erasmusuniversiteitrotterdam;flamengolife;gfk;keukenstudiogouda;klevermobility;lauravannerem;loccitane;shaoruiwieringchang;simonkempers;trixxouitzendbureau;vincent,job+channel+geo,3,0.375,0.16,0.68,0.25,0.375,1.0,,,,,,,,,,,,,,,,4,,28,13,,,4,10,5,4,4,1,0,2023,0.0,0.308,0.5,0.2,0.8,0.25,0.5,1.0,,Webshop & e-commerceplatform,Online adverteren (paid ads),Nederland plus buurlanden,"Transport, logistics & automotive",Naamsbekendheid & zichtbaarheid,Webshop consumenten (D2C),,False
atlantiscreative.nl,today,control,1.0,arcmarine;erasmusmcclmz;frankelandgroep;grizzenergygum;kokwatersport;magentazorg;marente;nissewaardwoontnl;pbmdiscounter;smartsd,,0,,0.235,0.5,,,0.5,,,,,,,,,,,,,,,,0,,26,10,,,0,9,2,0,0,2,0,2024,0.0,0.0,,0.333,0.5,,,0.5,,,Webshop & e-commerce,Heel Nederland (landelijk),,,Webshop B2B,,False
atypisch.nl,today,narrower,1.28,aixros;allemanwelzijn;altero;amstelstad;amstelstadaccountants;amvjfonds;ardanza;artofbranding;avestadvocaten;axisintomanagement;beeldgeluid;bijbio;boronmanagement;brandnewgame;capcloud;cardiobridge;copilots;creativecommonsnederland;csdi;defigners;deutrechtsekinderboekwinkel;digitalecollectie;domainelehautverger;dutchcreen;editio;evolvers;floorhilgers;frisseoren;grafimedia;greenpeace;gutsglorious;herbergdekopvantland;hollandpropertyplaza;innov;joline;laternamagica;maartenjamin;maximusbrouwerij;mediapact;metaalkathedraal;mijksenaar;mrbeam;nefos;nintendowii;noordagenda;nudus;okra;primevestcapitalpartners;printsofthieves;prorail;radio6;reclasseringnederland;rijksoverheid;rivalfoods;royalfloraholland;rtlnederland;rudutrecht;socialimpactfactory;somedayim;studiovegter;sutori;todaydesigners;trueideas;universiteittwente;universiteitutrecht;uppig;vanvlissingenfoundation;vng;vpro;vpsbeveiliging;vuurtoreneiland;woudvanwapiti;wpgmedia;youngstartup;zilvermax,geo,1,,1.0,0.722,0.195,,,,,,,,,,,,,,,,,,0,,92,75,,,0,1,6,20,0,0,0,2020,0.0,0.0,,1.0,0.833,0.35,,,,,Website & webdesign,Nederlandse stad of plaats,Business & professional services,,,,True
leadi.nl,today,narrower,3.0,certo;forp;planeka,industry,1,,,,0.556,,,,,,,,,,,,,,,,,,0,,6,3,,,0,0,0,3,0,0,0,2023,0.0,1.0,,,,0.667,,,,,,,Business & professional services,,,,False
leadsmaster.nl,today,control,1.933,amplifyagency;barbarakloosterman;benjaminelyamani;christiaansnabel;devideovakvrouw;fusionsoftware;hilsen;hilseninterior;levelupevents;matthijs;mtelektro;rapelektrotechniek;serenithjewels;simonkempers;textinc,job+channel,2,0.625,0.25,1.0,0.143,0.556,0.5,1.0,,,,,,,,,,,,,,,0,,26,15,,,4,8,2,7,3,2,1,2025,0.0,0.467,0.75,0.375,1.0,0.143,0.667,0.5,1.0,SEO & organische vindbaarheid,Strategie & advies,Regionaal (binnen Nederland),Healthcare & care,"Merk, huisstijl & verhaal",Zakelijke afnemers (B2B),Startup / jong / groeiend,True
lemonscentedtea.com,today,control,1.0,4en5meiamsterdam;cortina;deltaairlines;deltalloyd;earthline;goatorganicapparel;hamburgcommercialbank;heineken;ing;iss;knaap;loods5;nationalenederlanden;nuonvattenfall;ouwehandsdierenpark;pisangambon;thedalmore;utrechtrainbowfestival;veloretti;visitoost;visittwente,craft+geo,2,,1.0,1.0,,,,,,,,,,,,,,,,,,,0,,22,21,,,0,5,5,0,0,0,0,2025,0.0,0.0,,1.0,1.0,,,,,,Branding & huisstijl,Internationaal / wereldwijd,,,,,False
lesupermarche.nl,today,control,1.0,bmw;marathonrotterdam;nudeal;osb;unievanwaterschappen;urbanarrow,craft,1,,0.722,,,,,,,,,,,,,,,,,,,,0,,6,6,,,0,6,0,0,0,0,0,2024,0.0,0.0,,0.833,,,,,,,"Grafisch ontwerp, drukwerk & print",,,,,,False
exitable.nl,today,narrower,1.05,aevitae;bcmmusicsystems;diagnostiekvooru;emmakok;espero;gemeentevenlo;gigit;grodan;hertekcare;hydrorock;mijnculturelenalatenschap;mosadex;philzuid;rd4;rd4bedrijvenservice;rockpanel;rockwool;schmidt;sif;vasco,craft,1,,0.4,,,,1.0,,,,,,,,,,,,,,,,0,,33,20,,,0,10,0,0,0,1,0,2025,0.0,0.05,,0.6,,,,1.0,,,Apps & maatwerk platforms,,,,Zakelijke afnemers (B2B),,False
exsitemedia.nl,today,control,1.0,admod3d;amazonboutique;borstverkleiningkliniek;carpaaltunnelkliniek;coachenmetsterren;easternpowermeals;evertgroot;evertgrootoutlet;firsteleven;fredfinancieel;futuratournaments;halonetwerk;handpoli;harissavillasibiza;isconsultancy;jracademy;makeenergywork;miguelbaumann;poweredbyco;scmykaccessories;seleraanda;sportweekbadhoevedorp;stelladanceprojects;studiolokke;travelmediate;travelnistas;tutsh;ufloor;unispiceswazaran,channel,1,0.556,0.333,,,1.0,,,,,,,,,,,,,,,,,0,,33,29,,,3,3,0,0,1,0,0,2024,0.0,0.0,0.667,0.333,,,1.0,,,Social media organisch,Website & webdesign,,,"Merk, huisstijl & verhaal",,,False
eye-c.nl,today,control,1.2,coolersairco;dejongglasgevel;luxorlease;unicomm;vanheugtentours,craft,1,1.0,0.44,,1.0,1.0,,,,,,,,,,,,,,,,,0,,5,5,,,1,5,0,1,1,0,0,2023,0.0,0.0,1.0,0.6,,1.0,1.0,,,SEO & organische vindbaarheid,Website & webdesign,,"Transport, logistics & automotive",Personeel werven & werkgeversmerk,,,True
faktor22.nl,today,narrower,1.676,24tent;artsportaal;bhvnijmegen;carpediem;chiropractierevalidatie;companychallenges;computron;erasmusschooloflaw;fonium;fysiochirowijchen;gemeentenijmegen;goedrechtadvocaten;gsmreparatiedirect;gsmswitch;hozard;iddance;ikestyle;infostrait;interscreen;jtactive;keukenstudiowijchen;knmg;lichtlettershuren;partsifx;pontemcollegeisk;proforto;queencenter;relay42;rocnijmegen;rofraline;stretchtenthuren;tandartsbleekwal;theparkmovement;tizdesign;ultiprint;winestein;youmobile,channel+model+geo,3,0.556,0.278,1.0,0.182,,0.556,1.0,,,,,,,,,,,,,,,0,,51,37,,,3,33,3,15,0,3,1,2020,0.027,0.216,0.667,0.424,1.0,0.267,,0.667,1.0,SEO & organische vindbaarheid,Branding & huisstijl,Nederlandse stad of plaats,Healthcare & care,,"Overheid, zorg & onderwijs",MKB / middelgroot,False
fanwork.nl,today,narrower,1.75,amsterdamnoord;asrrealestate;centrumvleuterweide;promporteum,,0,1.0,0.5,,1.0,,,,,,,,,,,,,,,,,,4,,8,4,,,1,2,0,1,0,0,0,2015,0.25,0.25,1.0,0.5,,1.0,,,,"Branding, campagne & activatie",Strategie & advies,,Retail & e-commerce (general consumer goods),,,,True
renovatiomedia.nl,today,control,1.0,charlotteprinsvanwijngaarden;engbertsiderius;wendynoordzijl,,0,,1.0,,,,,,,,,,,,,,,,,,,,0,,3,3,,,0,1,0,0,0,0,0,2023,0.0,0.0,,1.0,,,,,,,Website & webdesign,,,,,,False
reynhard.nl,today,narrower,1.385,asoeurope;barackobamaeliudkipchogegift;bureaustrakz;canonnederland;coachnutrition;danvernon;eliudkipchoge;enexisnetbeheer;euregio;firstplast;grafischkabinet;healthvalleyevent2024;healthvalleytv;innopastry;intothecycle;martinsbakery;morningmiles;nnrunningteam;plazavenetia;postnl;powerkitchen;rickysrockparty;smiths;smurfitkappaparenco;wavy;zorgpinnl,craft+model+geo,3,1.0,0.483,0.375,0.24,,1.0,1.0,,,,,,,,,,,,,,,0,,45,26,,,1,22,4,10,0,3,1,2020,0.0,0.0,1.0,0.636,0.5,0.4,,1.0,1.0,Offline media & events,"Grafisch ontwerp, drukwerk & print",Nederlandse stad of plaats,"Food, beverage & agriculture",,Zakelijke afnemers (B2B),MKB / middelgroot,True
rocketing.nl,today,narrower,1.571,boltonnlborotalco;collistar;handsoffmychocolate;meatlessfarm;mitsubasnacks;spadel;spafruit,craft+job+channel,3,0.556,0.5,0.5,0.5,0.556,,,,,,,,,,,,,,,,,0,,7,7,,,3,6,2,2,3,0,0,2023,0.143,0.143,0.667,0.667,0.5,0.5,0.667,,,Offline media & events,Campagnes & creatieve concepten,Heel Nederland (landelijk),"Food, beverage & agriculture",Naamsbekendheid & zichtbaarheid,,,True
roxtar.nl,today,control,2.0,alexandervanwijngaarden;amyfoss;apollobeauty;avehuidkliniek;bertjonk;coatingvloer;deborahklaver;dehilversumsetandarts;dewifispecialist;doijerkalff;fatfreezingcenters;fixers;hilversumsetandarts;joachimhulscher;kopenaandecosta;medicalskinclinic;metain;mikehensen;mirjamwitteveen;mondzorgvinkeveen;newchapterkraamzorg;robbycoelho;rosannebuenting;skinlaserclinic;smaragdreizen;tandartsheeren;tigonaurik;verkoopjeautoaanons;verkoopjeautoaanonsnl;vitalderma,industry+job,2,0.306,0.191,1.0,0.306,0.375,,,,,,,,,,,,,,,,,0,,46,30,,,7,15,2,12,4,0,0,2010,0.0,0.567,0.429,0.267,1.0,0.5,0.5,,,Social media organisch,Website & webdesign,Nederlandse stad of plaats,Healthcare & care,Beter vindbaar in Google,,,False
2bmedia.nl,today,control,1.0,barendvanoort;frankvanleeuwen;josvandersanden;karelvandoorn;timdewit,craft+channel,2,1.0,0.68,,,1.0,,,,,,,,,,,,,,,,,0,,5,5,,,3,5,0,0,1,0,0,2024,0.0,0.0,1.0,0.8,,,1.0,,,SEO & organische vindbaarheid,Website & webdesign,,,"Meer leads, aanvragen & verkoop",,,True
2kwadraat.nl,today,control,3.0,hbityres,,0,,1.0,1.0,1.0,,,,,,,,,,,,,,,,,,0,,1,1,,,0,1,1,1,0,0,0,2020,1.0,0.0,,1.0,1.0,1.0,,,,,Website & webdesign,Internationaal / wereldwijd,"Transport, logistics & automotive",,,,False
2manydots.nl,today,control,1.517,acait;alcoholvrijbierhuis;alku;amberalerteurope;avia;crowefoederer;elspessers;frissekoppen;grancanarianl;gstarraw;hip;idverdenl;ikbeneenbrabandernl;jacobsvanrooij;klokjerond;klokjerondhetwittewiel;koti;mondiaenmarketing;netpresenter;omroepbrabant;omroepbrabantreclame;opcharge;rudzeeland;smctilburg;stichtingamberalerteurope;teekenskarstens;teleperformance;vandermeijsglas;vivisol,channel+geo,2,0.373,0.219,1.0,0.111,,1.0,,,,,,,,,,,,,,,,0,,52,29,,,13,22,3,15,0,1,0,2023,0.0,0.0,0.538,0.409,1.0,0.2,,1.0,,Website & CMS,Website & webdesign,Regionaal (binnen Nederland),"Energy, utilities & environment",,Zakelijke afnemers (B2B),,False
michielentrop,today,original340,1.3,academievoorstressmanagement;borrenbergs;circe;embora;hspas;hutten;joanknecht;lekkerland;omron;prodrivetechnologies,craft,1,,0.68,,0.333,0.333,0.5,1.0,,,,,,,,,,,,,,,0,,19,10,,,0,5,0,3,3,2,1,,0.0,0.0,,0.8,,0.333,0.333,0.5,1.0,,Branding & huisstijl,,"Construction, real estate & housing",Groei & nieuwe markten,Gemengd,Familiebedrijf / gevestigd met historie,False
mick-middelman-5569a231,today,original340,1.875,alarmed;anubiscare;condoomnl;homeup;leonbosboomart;luxuryvillasonbonaire;middelmanwonen;yourlease,channel,1,0.556,0.184,0.5,0.5,1.0,0.5,,,,,,,,,,,,,,,,0,,21,8,,,3,7,2,2,1,2,0,,0.0,0.625,0.667,0.286,0.5,0.5,1.0,0.5,,"SEA, display & overige paid advertising","Online marketing, performance & CRO",Nederland plus buurlanden,"Hospitality, tourism, sports & recreation",Advertenties & campagnes renderen niet,Webshop consumenten (D2C),,False
mignonne-van-eijkelenburg,today,original340,1.167,autobedrijfknoop;autobedrijfmoerman;buddeehr;hetproductiehuis;michielheijmans;returntosender,craft+channel,2,0.68,0.375,,,,,,,,,,,,,,,,,,,,0,,6,6,,,5,4,0,0,0,0,0,,0.0,0.0,0.8,0.5,,,,,,Social media organisch,Social media content & beheer,,,,,,False
mireille-elberse,today,original340,1.0,aspadvocaten;jantjebeton;motul;nsretail;rodekruis;servier;signaturefoods;stationshuiskamer;universiteitleiden;vinfast;westlandsalades,,0,,1.0,,,,,,,,,,,,,,,,,,,,0,,14,11,,,0,1,0,0,0,0,0,,0.0,0.0,,1.0,,,,,,,Employer branding & recruitment,,,,,,False
hansvduijn,today,original340,1.333,angela;arnoud;faya;joost;lisanne;steff,craft+channel,2,0.375,0.5,1.0,,1.0,1.0,1.0,,,,,,,,,,,,,,,0,,7,6,,,4,6,1,0,1,1,1,,0.167,0.167,0.5,0.667,1.0,,1.0,1.0,1.0,Website & CMS,Branding & huisstijl,Nederlandse stad of plaats,,Lancering nieuw product of concept,Webshop consumenten (D2C),Startup / jong / groeiend,False
harborn.com_406,today,original340,1.731,albertschweitzerhospital;blauwhoed;cbm;dewittransport;euroindex;finnerz;giraf;holmatro;itanks;koni;lambweston;landelijkcentrumstudiekeuze;linkit;lumensfoundation;mindfoundation;municipalityhoekschewaard;municipalityofrotterdam;netherlandsrefugeefoundation;portlantis;riverbiomedics;santosbikes;vicompany;wiezewasjes;wijtechniek;ziekenhuisgeldersevallei;zorgenwelzijnplein,craft+job+channel+geo,4,0.52,0.433,0.625,0.138,0.554,1.0,,,,,,,,,,,,,,,,0,,35,26,,,5,21,4,15,11,1,0,,0.0,0.115,0.6,0.619,0.75,0.267,0.727,1.0,,Apps & custom platforms,Apps & maatwerk platforms,Nederlandse stad of plaats,Healthcare & care,Maatwerk software & efficiëntere processen,Webshop consumenten (D2C),,False
heartheyouth.com_408,today,original340,1.333,9292;adyen;audiodesk;beam;beat;boothclub;nation;njr;pourify;scapinoballetrotterdam;stadsmuseumgent;wtfff,,0,1.0,0.25,0.5,0.5,1.0,,1.0,,,,,,,,,,,,,,,0,,26,12,,,1,4,2,2,1,0,1,,0.083,0.083,1.0,0.25,0.5,0.5,1.0,,1.0,Social media organisch,Campagnes & creatieve concepten,Heel Nederland (landelijk),"Transport, logistics & automotive",Lancering nieuw product of concept,,Omvang in cijfers,False
beeinteractive.nl,today,control,2.0,benscore;dekammieshop;eurobob,craft+channel,2,0.556,1.0,0.5,0.333,0.5,0.5,,,,,,,,,,,,,,,,0,,3,3,,,3,3,2,3,2,2,0,2020,0.0,0.0,0.667,1.0,0.5,0.333,0.5,0.5,,SEO & organische vindbaarheid,SEO & vindbaarheid,Heel Nederland (landelijk),Retail & e-commerce (general consumer goods),Webshop & online verkoop,Webshop consumenten (D2C),,False
behaviourclub.nl,today,narrower,1.0,lelystad;vervoerregioamsterdam;vogelbescherming,,0,,,,,,,,,,,,,,,,,,,,,,0,,3,3,,,0,0,0,0,0,0,0,2023,0.0,0.0,,,,,,,,,,,,,,,False
bengelmedia.nl,today,control,1.263,amref;bbwasparfum;beasthealth;bolton;chdr;dekuyper;denederlandsekluis;easyhotel;essensor;exterioo;grandsud;ibood;ownesim;sheglam;shokz;slagerijgelderblom;thegoodroll;volero;woningruil24,craft,1,0.36,0.312,0.333,0.25,1.0,,,,,,,,,,,,,,,,,0,,22,19,,,5,8,3,4,1,0,0,2023,0.053,0.0,0.4,0.5,0.333,0.25,1.0,,,Social media organisch,Campagnes & creatieve concepten,Nederland plus buurlanden,Healthcare & care,Naamsbekendheid & zichtbaarheid,,,True
noahploeg,today,original340,1.143,3co;4cantera;bontgenoten;bythecreek;dehallenamsterdam;elementenstraat;fritesatelier;gr0w;icetubs;jimmywoo;kingsland;kruispunt;noart;onadailybasis;oxfordtalks;people;pizzabeppe;rever;skrendi;warnermusicbenelux;zeezout,industry,1,,0.309,,0.556,,1.0,,,,,,,,,,,,,,,,0,,25,21,,,0,9,0,3,0,1,0,,0.0,0.0,,0.444,,0.667,,1.0,,,Website & webdesign,,"Media, culture & entertainment",,Webshop consumenten (D2C),,False
norday.nl_413,today,original340,1.9,gemeenteamsterdamschoolwijzer;nederlandsbureauvoortoerismecongressen;onslandnl;oorlogvoorderechter;poetrypal;rivm;stichtingwo2net;thebe;theoceancleanup;wondercast,industry,1,,0.2,,0.383,,,,,,,,,,,,,,,,,,0,,11,10,,,0,5,0,9,0,0,0,,0.0,0.0,,0.2,,0.556,,,,,Campagnes & creatieve concepten,,"Media, culture & entertainment",,,,True
onlinemarketingmanagement,today,original340,1.75,doneereffectief;fairpricedvintage;goal3orgfoundation;schoolformoralambition,,0,0.5,0.333,1.0,1.0,1.0,,,,,,,,,,,,,,,,,10,,14,4,,,2,3,1,1,1,0,0,,0.25,0.25,0.5,0.333,1.0,1.0,1.0,,,"SEA, display & overige paid advertising",Campagnes & creatieve concepten,Europa,"Fashion, beauty & personal goods",Groei & nieuwe markten,,,True
onlinemarketingutrecht,today,original340,1.24,achterderaad;charlottelabee;coolplant;csdpodcast;dewegvanjezelf;futurefinance;gooiconsult;gotoguy;groeivoer;johnnydemol;leadersinfood;learnvoicedialogue;legionelladossier;machielhoek;nvtz;nxtgenhightech;operai;robertbridgman;securancepodcast;talentcare;tandemkracht;timdouwsma;universiteitvangroningen;wegvanjezelf;zinindezorg,craft,1,,0.867,,,,,,,,,,,,,,,,,,,,0,,25,25,,,0,14,0,0,0,0,0,,0.0,0.24,,0.929,,,,,,,"Video, animatie & fotografie",,,,,,True
dickhoffdesign.com,today,control,1.0,beex;esterfondssvrap;zondagmiddagconcertennl,,0,,0.5,,,,,,,,,,,,,,,,,,,,0,,3,3,,,0,2,0,0,0,0,0,2023,0.0,0.0,,0.5,,,,,,,Branding & huisstijl,,,,,,False
diezign.nl,today,control,1.2,dordtsport;ijhcdordrechtlions;lotstrots;nutridynamics;swartwebdesignmhmediaoplossingen,,0,,1.0,,1.0,,,,,,,,,,,,,,,,,,0,,5,5,,,0,2,0,1,0,0,0,2020,0.0,0.0,,1.0,,1.0,,,,,"Grafisch ontwerp, drukwerk & print",,"Hospitality, tourism, sports & recreation",,,,False
digibit.nl,today,control,1.647,airtempheattechnology;autobedrijfvannieuwenhoven;dpsfashion;green2go;innerka;kdsstansvormen;mobitexpeterschaap;monumentenwachtlimburg;salonpurecolor;schietsportverenigingsurete;sociteitdeclub;stadsgildesintecatharina1480;stichtingbredero;stichtinglimburgsekastelen;taxigeeretsdeleeuw;voetbalverenigingdesm;weertcollecteert,craft,1,,1.0,,0.22,,,,,,,,,,,,,,,,,,0,,17,17,,,0,17,0,10,0,0,0,2025,0.0,0.0,,1.0,,0.3,,,,,Website & webdesign,,"Nonprofits, charities & associations",,,,False
digidee.nl,today,control,1.143,acutezorgeuregio;attendizdag;bouwstroomoost;onshuis;rostwente;tofovernachten;urbancityrun053,,0,,1.0,,,,,,,,,,,,,,,,,,,,0,,8,7,,,0,1,0,0,0,0,0,2024,0.143,0.0,,1.0,,,,,,,Employer branding & recruitment,,,,,,True
digimedion.nl,today,control,1.867,creativetentsystems;deliverysupport;derijdocent;derijdocentutrecht;haardcentrumhoevelaken;hollandsmaatwerk;karssenfinancieel;lifestylesalonlilou;memobanden;meubelspuiterij4all;newtonsolutions;ninabidault;stijlbadkamers;tandartsovername;tuinbankteak,craft,1,0.5,0.625,1.0,0.148,0.5,1.0,1.0,,,,,,,,,,,,,,,0,,28,15,,,2,4,2,13,2,1,1,2020,0.0,0.0,0.5,0.75,1.0,0.308,0.5,1.0,1.0,Website & CMS,Website & webdesign,Nederlandse stad of plaats,"Construction, real estate & housing",Advertenties & campagnes renderen niet,Consumentenmarkt offline,Startup / jong / groeiend,True
meewerk.com,today,control,1.0,beautybank;humaner,,0,,0.5,,,,,,,,,,,,,,,,,,,,0,,2,2,,,0,2,0,0,0,0,0,2024,0.0,0.0,,0.5,,,,,,,Apps & maatwerk platforms,,,,,,False
metmotion.nl,today,control,1.289,antea;blikopwerk;brandfriend;cycling4climate;deregenboog;deridder;dewaard;dhlexpress;emeainstartlogic;fossielvrij;gemeentestichtsevecht;helmondmetalen;inmotiepsychologie;inspectievanonderwijs;iwell;klimaatjouwportemonnee;maderninternational;natuurmilieu;nike;nji;nkc;nro;ofta;onvz;plantscout;pleinnl;quarantainenet;redband;sportlife;starthousing;storytellingacademy;theplaymakers;tkiurbanenergy;umcutrecht;universiteittwente;vbomakelaar;wsprojecten;zwartecross,craft,1,,0.539,,0.333,0.5,,,,,,,,,,,,,,,,,6,,54,38,,,0,25,0,3,2,0,0,2023,0.053,0.158,,0.72,,0.333,0.5,,,,"Video, animatie & fotografie",,"Energy, utilities & environment",Beter vindbaar in Google,,,True
mmnt.nl,today,control,2.2,beksbeks;finchdisputeresolution;resor;snpg;zorggroepdelaren,industry,1,,0.36,1.0,0.375,1.0,1.0,,,,,,,,,,,,,,,,0,,9,5,,,0,5,2,4,1,1,0,2023,0.2,0.0,,0.4,1.0,0.5,1.0,1.0,,,Branding & huisstijl,Nederlandse stad of plaats,Business & professional services,"Merk, huisstijl & verhaal",SaaS & software,,True
modernemeesters.nl,today,control,1.048,100vanleeghwater;12snorkel;amcnoord;andrkrul;ardbruin;axello;bakkerijkoning;bakkerkoning;beemsterkerkzinn;bigfruit;bitcoindebuut;condifit;dlcengineering;dormatec;dteeurope;duikforum;ebsgym;etmanagementandadvice;eulift;firekillingcap;fooddancejoy;fundamental;generalcarsparts;heilig;hoekbouma;hyundaifakkert;infinitysports;joydrinks;jurounirek;kapsalonzoess;kellyhaarmakeup;kidscampadam;kiewittenverhoevenadvocaten;knvb;koenis;landenzeezicht;leefstijlmagazine;medisportlagune;molenaarhoveniers;nedflex;nicjonk;nordichealth;ricoh;rodirotatiedruk;sanrayyoga;scoliosiscareclinic;skicentrumheerhugowaard;stucadoorsbedrijfdaniels;studis;styleintravel;sunweb;tankwas;tradus;trimsalondehoef;uitdeukserviceschagen;valkeringclassics;valkeringtweewielers;vandenbergslotenmaker;vdbcomputers;verheul;villawest;vsm;ziggo,industry+geo,2,,0.278,1.0,1.0,,,,,,,,,,,,,,,,,,0,,89,63,,,0,53,3,3,0,0,0,2023,0.0,0.0,,0.396,1.0,1.0,,,,,Website & webdesign,Nederlandse stad of plaats,"Transport, logistics & automotive",,,,True
natwerk.nl,today,control,1.0,artis;asa;bitonic;caiway;crocs;dirkvandenbroek;febo;foxit;guidinc;mauritshuis;nationalevacaturebank;tikkie;vedett;younited;zilverenkruis,,0,,0.28,1.0,,1.0,,,,,,,,,,,,,,,,,0,,15,15,,,0,5,1,0,1,0,0,2023,0.0,0.0,,0.4,1.0,,1.0,,,,Campagnes & creatieve concepten,Nederlandse stad of plaats,,"Meer leads, aanvragen & verkoop",,,False
booomdigital.nl,today,control,1.758,100eco;call4usnl;cirqwood;clinicforbeauty;daisyjames;decom;eromesmarko;evoenergie;foodhallarnhem;gelredome;hetsportlokaal;icandynederland;impactpersoneel;jeromedesmaakmaker;jijenzij;junimodemaand;lextrmiste;maassenvandenbrink;neofollics;plushome;robbersenvandenhoogen;schuurmanomheiningen;sds;stadsvillasonsbeek;storagebox;streetgasm;svvitesse;svwp;tandartssimons;tramedico;wedesign;welifttraining;wil,craft+model+geo,3,0.306,0.48,0.388,0.111,1.0,0.556,0.5,,,,,,,,,,,,,,,0,,54,33,,,7,31,7,24,1,3,2,2023,0.0,0.0,0.429,0.677,0.571,0.167,1.0,0.667,0.5,Webshop & e-commerceplatform,Website & webdesign,Nederlandse stad of plaats,"Construction, real estate & housing",Website verouderd of nieuw nodig,Zakelijke afnemers (B2B),Startup / jong / groeiend,False
boostyour.marketing,today,control,1.0,cafdepieter;cafhallomestreeg;eclairaffair;somewhereinthemiddle;stichtingtoonhermans;thesandwichclubmestreeg;tob;youngbloodbrassband,,0,,1.0,,,,,,,,,,,,,,,,,,,,1,,9,8,,,0,1,0,0,0,0,0,2025,0.0,0.0,,1.0,,,,,,,Strategie & advies,,,,,,False
bootspat.nl,today,control,1.333,groenlinkspvda;meriamslijkerman;statiegeldnederland,craft,1,0.5,0.556,0.5,,1.0,,,,,,,,,,,,,,,,,0,,4,3,,,2,3,2,0,1,0,0,2023,0.333,0.0,0.5,0.667,0.5,,1.0,,,Offline media & events,"Grafisch ontwerp, drukwerk & print",Heel Nederland (landelijk),,Maatwerk software & efficiëntere processen,,,False
born05.com,today,control,1.045,538;asics;asn;blos;braaaf;dutchcocktailclub;easee;greenchoice;hasbro;hospitalitypact;klm;kpn;lechampion;philips;porsche;robijn;rtlvideoland;talpanetwork;tango;tomasu;wecycle;zekur,craft,1,,0.389,,,,,,,,,,,,,,,,,,,,1,,43,22,,,0,6,0,0,0,0,0,2015,0.0,0.0,,0.5,,,,,,,Branding & huisstijl,,,,,,True
brainstormenconcept.nl,today,control,1.059,alfalaval;artsenzondergrenzen;attema;berlalighting;bijdeboervarkenshouderij;circet;dts;gemeentebreda;geniusbouwen;ggdwestbrabant;goudavuurvast;guidoweijers;habufa;homeofimpact;kameleonsolar;klo;knook;kse;levens;levensmiddleby;libron;livingstone;madametussauds;pvozeelandwestbrabant;rewin;rwe;sealifeblankenberge;stimulusprogrammamanagement;thomassengifts;trimbos;ubuntutouch;waterschapaaenmaas;zlto;zuylen,channel,1,0.344,0.21,1.0,1.0,1.0,,,,,,,,,,,,,,,,,1,,54,34,,,24,20,1,2,1,0,0,2020,0.0,0.0,0.5,0.35,1.0,1.0,1.0,,,Apps & custom platforms,Apps & maatwerk platforms,Nederlandse stad of plaats,"Construction, real estate & housing",Bewustwording & gedragsverandering,,,False
tom-gregory-brink-6864b91a,today,original340,1.077,amandavandelft;bassmit;boxingsisters;detailm;finaforte;holymary;interimmo;jeffsgym;marcamsing;mariafilipov;nimaazarbayjani;rijplatform;thijschogani,craft+channel,2,0.722,0.551,,1.0,1.0,1.0,,,,,,,,,,,,,,,,3,,42,13,,,6,7,0,1,2,1,0,,0.0,0.0,0.833,0.714,,1.0,1.0,1.0,,Multi-channel & omnichannel,Online adverteren (paid ads),,"Transport, logistics & automotive","Meer leads, aanvragen & verkoop",Consumentenmarkt offline,,False
tom-uivel-120694151,today,original340,1.667,eaevents;joya;mediceuticals,,0,1.0,1.0,1.0,1.0,,,,,,,,,,,,,,,,,,0,,6,3,,,2,1,1,1,0,0,0,,0.0,0.333,1.0,1.0,1.0,1.0,,,,Social media organisch,Social media content & beheer,Heel Nederland (landelijk),Retail & e-commerce (general consumer goods),,,,True
tomkolker,today,original340,1.556,alicia;bitmantle;cevasantanimale;debelastingdienst;kastori;moveahead;prescan;spacewell;theguild,craft,1,,0.802,,0.28,,1.0,,,,,,,,,,,,,,,,0,,14,9,,,0,9,0,5,0,1,0,,0.0,0.0,,0.889,,0.4,,1.0,,,UX/UI & interface design,,"Software, IT & telecom",,"Overheid, zorg & onderwijs",,False
toonvharen,today,original340,1.333,altaroute;deltaflyadventures;ecotrekkin,,0,,,1.0,1.0,,,1.0,,,,,,,,,,,,,,,0,,3,3,,,0,0,1,1,0,0,2,,0.0,0.0,,,1.0,1.0,,,1.0,,,Specifiek buitenland,"Hospitality, tourism, sports & recreation",,,Startup / jong / groeiend,False
trichis.nl_428,today,original340,1.25,ambulancedienstrotterdamrijnmond;beterthuisintaal;brandweerregiorotterdamrijnmond;bredajazzfestival;degezamenlijkebrandweer;fcdenbosch;frankheijmann;fransreichardt;fsvdefeijenoorder;gemeenterotterdam;hogeschoolrotterdam;ikaziaziekenhuis;instaladoinstallatietechniek;instituutvoorgezondheidszorg;jeroenhertzberger;koekela;livinbeautyceramics;martinbroekema;nac;nacbusinessclub;nationaalmsfonds;nielsvanlaatum;nouwenstransport;novaform;pcs;performancematters;pijnackerinfra;raait;reijchard;ricohbusinesscenterrotterdam;roflexpersoneel;rotterdambusinessschool;rotterdamtopsport;s3staff;sophiakinderziekenhuis;tourdefrancefemmes,craft+geo,2,,0.424,0.755,0.284,0.25,1.0,0.5,,,,,,,,,,,,,,,0,,55,36,,,0,30,7,9,4,1,2,,0.0,0.0,,0.633,0.857,0.444,0.25,1.0,0.5,,"Grafisch ontwerp, drukwerk & print",Nederlandse stad of plaats,Healthcare & care,Lancering nieuw product of concept,Zakelijke afnemers (B2B),Omvang in cijfers,True
tomorrowmen.nl,today,control,1.0,buurtkeukens;hollandbarrett;notbranded,,0,1.0,0.333,,,0.5,,,,,,,,,,,,,,,,,20,,24,3,,,1,3,0,0,2,0,0,2023,0.0,0.0,1.0,0.333,,,0.5,,,"SEA, display & overige paid advertising","Outcome-verkoop (leads, omzet, groei)",,,Maatwerk software & efficiëntere processen,,,True
transvormatie.nl,today,control,1.154,abboscholen;agrifoodtrading;albertheijn;axerrio;claddingpoint;hbv;jewelconceptsinternational;mentalhealthcaribbean;nilmedia;petercv;siemenshealthcare;wijmakendewijk;zoetzout,craft,1,,0.44,0.5,0.5,,,,,,,,,,,,,,,,,,0,,16,13,,,0,5,2,2,0,0,0,2020,0.0,0.0,,0.6,0.5,0.5,,,,,"Grafisch ontwerp, drukwerk & print",Regionaal (binnen Nederland),"Software, IT & telecom",,,,False
tres.nl,today,narrower,2.167,bentacera;cjib;ggdfrysln;groningenairporteelde;histoparts;hynetworkgasunie;kkfhkozijnen;kwadrant;mhcmobility;rocmiddennederland;susa;zcert,industry+job+channel,3,1.0,0.306,,0.403,0.44,1.0,,,,,,,,,,,,,,,,0,,12,12,,,9,12,0,12,5,1,0,2023,0.0,0.167,1.0,0.417,,0.583,0.6,1.0,,Website & CMS,Website & webdesign,,Business & professional services,Maatwerk software & efficiëntere processen,Webshop consumenten (D2C),,True
turntwo.com,today,narrower,1.0,newyorkpizza;postcodeloterij,,0,,1.0,1.0,,,,,,,,,,,,,,,,,,,5,,10,2,,,0,2,1,0,0,0,0,2025,0.0,0.0,,1.0,1.0,,,,,,"Online marketing, performance & CRO",Internationaal / wereldwijd,,,,,False
ultrax.agency,today,control,1.235,citybeanz;curajob;emelisse;geertslagboom;goetheertolmanaccountants;interborgkeukens;kindervillahetkootertje;leoniebarendse;maggie;martindeleeuw;michel;notenkraamslagboom;oesterproeverijpekaar;sabienpekaar;slotoostende;verwijskreeftenparken;wilsbb,,0,1.0,0.273,0.5,0.333,,0.5,,,,,,,,,,,,,,,,12,,31,17,,,1,11,2,3,0,2,0,2025,0.0,0.0,1.0,0.455,0.5,0.333,,0.5,,Social media organisch,Website & webdesign,Nederlandse stad of plaats,Education & childcare,,Zakelijke afnemers (B2B),,True
vdveer.nl,today,control,1.333,bybjorn;cercocaff;firstgear;fitpiggy;nwvt;stonedamsterdam,craft,1,1.0,0.389,,0.5,,,,,,,,,,,,,,,,,,0,,10,6,,,2,6,0,2,0,0,0,2025,0.0,0.0,1.0,0.5,,0.5,,,,Webshop & e-commerceplatform,Branding & huisstijl,,"Transport, logistics & automotive",,,,False
vertigo6.nl,today,narrower,1.714,easportsfc25;electronicarts;friendlyfire;logitech;mga;oneplus12series;ottosimon,craft,1,1.0,1.0,,,,,,,,,,,,,,,,,,,,0,,14,7,,,1,3,0,0,0,0,0,2023,0.0,0.714,1.0,1.0,,,,,,Social media organisch,Campagnes & creatieve concepten,,,,,,False
vrijdagonline.nl,today,narrower,1.849,acodeq;acodeqnl;advancednl;aksosaccountants;aksosnl;aktoor;aktoornl;annhilnl;awillemsen;bamboek;bamboeknl;basystemen;beleefbedum;broederdevriesnl;bureauklantcontact;bureauklantcontactnl;careforbuildingsnl;centruminternkinderontvoering;dbkeukens;deltalloyd;depsychologengroep;depsychologengroepnl;duivelseiland;duivelseilandnl;etapeoplecom;eurofinsbureaudewit;feliznovia;fjordbenelux;forteggz;forteggznl;fulloption;fysiotherapiedelftnl;groenewoudassurantin;icibernl;icsvertex;inhoudcc;kruger;landschapsbeheergroningen;letselschadepsycholoogonline;letselschadepsycholoogonlinenl;luxiuscom;megasolarpower;mentaalvrij;mentaalvrijnl;metesco;nestcoat;nvvp;ocrn;ocrnnl;pbtinternational;pdocmhf;platformmeerggznl;polygoot;profileproject;profileprojectnl;psychiatrienoordnl;psychiatrierivierenlandnl;pvpnl;realizitnl;sabelectro;sabelectronl;smilease;spaaqnl;stadshartfysionl;stichtingpvp;studioreinderveenstra;tandartspraktijkdiemenzuidnl;timentomproductiesnl;tptechnology;tptechnologynl;vandijkentransportcom;visualisatienederland;youngconsultant,craft+model,2,0.333,0.364,,0.259,1.0,1.0,,,,,,,,,,,,,,,,0,,102,73,,,3,27,0,54,1,9,0,2023,0.0,0.0,0.333,0.556,,0.389,1.0,1.0,,Website & CMS,Website & webdesign,,Healthcare & care,Personeel werven & werkgeversmerk,Zakelijke afnemers (B2B),,True
webdesign-direct.nl,today,narrower,1.167,giftsnl;mastboschnl;ninstack;offerteaanvragennu;techmatchers;witgoedrandstadnl,craft,1,0.5,0.5,,1.0,,,,,,,,,,,,,,,,,,0,,6,6,,,2,6,0,1,0,0,0,2025,0.0,0.0,0.5,0.667,,1.0,,,,"SEA, display & overige paid advertising",Website & webdesign,,"Construction, real estate & housing",,,,False
webinzicht.nl,today,control,2.0,afmoerlinghausenmuseum;artisanstuccomortars;bastionhotels;deduindoorn;hofkamp;raquelrodriguez;steinweiden;vanhetwad;wijkbedrijfselwerd,job,1,0.28,0.185,1.0,0.333,0.375,,,,,,,,,,,,,,,,,0,,23,9,,,5,9,2,9,4,0,0,2023,0.0,0.0,0.4,0.222,1.0,0.444,0.5,,,Website & CMS,Website & webdesign,Regionaal (binnen Nederland),"Hospitality, tourism, sports & recreation",Naamsbekendheid & zichtbaarheid,,,True
tudordumitru,today,original340,2.333,bogdan;drfiras;julietageoroiu,industry,1,,0.5,,0.556,,,,,,,,,,,,,,,,,,0,,3,3,,,0,2,0,3,0,0,0,,0.0,0.333,,0.5,,0.667,,,,,Strategie & advies,,Healthcare & care,,,,False
tymen-cieraad-b4073040,today,original340,1.545,bluecity;circularbiobaseddelta;commissievoorwelstandenmonumenten;dedirkzwagerkrant;drift;ggdrotterdamrijnmond;leineroebana;mavoschravenlantxl;mindmap;schiedamviert750;vnoncwwest,,0,,0.289,0.5,0.333,,,,,,,,,,,,,,,,,,0,,15,11,,,0,11,2,6,0,0,0,,0.0,0.0,,0.364,0.5,0.333,,,,,Branding & huisstijl,Regionaal (binnen Nederland),"Media, culture & entertainment",,,,False
valerie-bos,today,original340,1.048,afvalpreventie;afvalvanutrecht;almereschoon;avanti;awesomealmere;bijplaatsingen;buitendering;cirkelwaarde;cultuurfondsalmere;doneerring;dutchfoodweek;economicboardalmere;edenatuurlijk;flevocampus;flooralmere;floriadefestival;floriadefoodexperience;gemeentealmere;gftetensresten;goldendays;groenengezondalmere;groengezond;groengezondalmere;growinggreencities;havenhart20;heelnederlandrepareert;maakwatvanjedorpdag;makersvanalmere;milieustraat;mistergreen;price;slaapstad;startupalmere;startupflevoland;stichtingpolderblik;textiel;theallyfoodmovement;upcyclecentrum;wasbareluiers;waterburgemeester;windesheimflevoland;zomerinhaven,,0,1.0,0.388,1.0,,,,,,,,,,,,,,,,,,,3,,59,42,,,1,7,1,0,0,0,0,,0.0,0.024,1.0,0.429,1.0,,,,,"Content, video & PR",Campagnes & creatieve concepten,Nederlandse stad of plaats,,,,,False
vdoelman,today,original340,1.12,argonex;barbecuecatering;beleefbosque;blenderbike;boveenendaal;captaincruise;debusspecialist;dewildetriltechniek;duvekotrentmeesters;ekh;groendakpan;gunneman;hsvtmp;introbouw;mkbvalleiregio;nalaten;noot;ooglift;outlineoutdoor;pensioenlogica;schipperede;tbselectronics;ttms;vandewetering;vanmanen,craft,1,,1.0,,,,,,,,,,,,,,,,,,,,0,,30,25,,,0,22,0,0,0,0,0,,0.0,0.12,,1.0,,,,,,,Website & webdesign,,,,,,False
vincent-beld-928a8b21,today,original340,1.0,4seasonsoutdoor;bellezi;totaalbed;volkerwessels,craft,1,,0.375,,,,,,,,,,,,,,,,,,,,0,,7,4,,,0,4,0,0,0,0,0,,0.0,0.0,,0.5,,,,,,,"Video, animatie & fotografie",,,,,,False
bolden.nl,today,control,1.0,aya;citysightseeing;dekmantel;ekster;femaleinitiativebusinessacademy;flaredepartment;garmundo;hollandcasino;icebar;jrnys;lovelycruises;lovers;mline;mrmarvis;nubikk;pstrstudio;sheerenloo;shoefresh;spicepr;swapmeals;thecirqle;tourstickets;umob,,0,,0.22,,,,,,,,,,,,,,,,,,,,0,,33,23,,,0,21,0,0,0,0,0,2020,0.0,0.0,,0.333,,,,,,,Strategie & advies,,,,,,True
bona-agency.com,today,control,2.5,cholocatie;desiderio;ericas;iknowly;izsit;julietazerial;lapuchadesign;norabonavera;reduce;risingcollectively;visionesg;wanderx,craft+stage,2,1.0,0.319,0.5,0.156,0.26,0.5,0.556,,,,,,,,,,,,,,,0,,13,12,,,2,12,2,8,10,2,3,2025,0.75,0.083,1.0,0.5,0.5,0.25,0.4,0.5,0.667,SEO & organische vindbaarheid,Branding & huisstijl,Nederland plus buurlanden,"Media, culture & entertainment","Merk, huisstijl & verhaal",SaaS & software,Startup / jong / groeiend,False
boodschapenbeeld.nl,today,control,1.833,denkslank;hetparkhuis;loopbaancoachingdrechtsteden;snsbankspijkenisse;zoomermakelaardij;zoomernijptaxatieburo,industry+craft,2,1.0,0.625,1.0,0.556,1.0,,,,,,,,,,,,,,,,,0,,8,6,,,1,4,1,3,1,0,0,2023,0.167,0.167,1.0,0.75,1.0,0.667,1.0,,,Social media organisch,Branding & huisstijl,Nederlandse stad of plaats,Business & professional services,Naamsbekendheid & zichtbaarheid,,,True
boomerangagency.com,today,control,1.0,abnamro;ahterra;albertheijn;barilla;beyondmeat;desperados;fanta;heineken;liga;mentos;parbo;varkensinnood,,0,,,,,,,,,,,,,,,,,,,,,,0,,17,12,,,0,0,0,0,0,0,0,2025,0.0,0.0,,,,,,,,,,,,,,,True
dentsucreative.amsterdam,today,control,1.0,dutchministryofdefense;gls;libresse;lisbonfestival;ministerievandefensie;rabobank;volkswagen,craft,1,,1.0,,,,,,,,,,,,,,,,,,,,0,,18,7,,,0,3,0,0,0,0,0,2022,0.0,0.0,,1.0,,,,,,,Branding & huisstijl,,,,,,True
deptagency.com,today,control,2.0,arm;ebay;meta;nvidia;talkingportraits,industry,1,,0.5,,0.625,,,,,,,,,,,,,,,,,,0,,6,5,,,0,2,0,4,0,0,0,2022,0.0,0.0,,0.5,,0.75,,,,,Apps & maatwerk platforms,,"Media, culture & entertainment",,,,False
deregiekamer.nl,today,control,1.0,arval;erasmusbrug;favoritegifts;heffiq;vanderendesteelprotectors;vandervliet;vostransport,craft,1,,0.5,,,,,,,,,,,,,,,,,,,,2,,18,7,,,0,6,0,0,0,0,0,2025,0.0,0.0,,0.667,,,,,,,"Grafisch ontwerp, drukwerk & print",,,,,,False
designchefs.nl,today,control,1.125,aardappelstal;deukencentrum;duni;kstrading;leerfabels;pieters;slijterijnelis;vossolar,,0,0.28,0.222,1.0,1.0,1.0,,,,,,,,,,,,,,,,,4,,12,8,,,5,6,1,1,1,0,0,2024,0.0,0.0,0.4,0.333,1.0,1.0,1.0,,,Webshop & e-commerceplatform,Webshop & e-commerce,Internationaal / wereldwijd,Retail & e-commerce (general consumer goods),"Meer leads, aanvragen & verkoop",,,False
designpro.nl,today,control,1.033,aircoinside;ajsonneveldt;anaspecsolutions;antoniushoeve;arthurverwoerdreeuwijk;autohuisbenschop;autolakonline;bbbijonsaandehem;cafetariabrasseriedeveerpoort;chateaumelay;delangebouw;deruijtertuinen;desleutel;empowerrecruitment;finishingtouch;fleurrecruitment;gasolec;gevelherstel;groeneveldgroengrondinfra;hoefblok;hondinevenwicht;janvangenttuinen;keukenateliermaats;knallertmarket;kokschoonmaak;kompassio;kroesroter;liquidrebels;littlejoya;loonbedrijfvanderspek;magazijnwagenscortenoord;manvandevloer;pannenkoekenrestaurantonderdemolen;parketloods;quadpower;rahiris;ratuculinair;roelofsfoodcentre;ruitershopwarmer;safetymarks;setah;sin;slagerijzweistra;steuer;tensentweewielers;termifa;triz;vagnetics;vanbeelen;vandenakkeraccountancy;vanderplaatmeubelen;vankatsmachines;vanlagen;variofit;vdgvloeren;veerdienstschoonhoven;verfcompleet;vgtotaal;vink;yourwayrecruitment,craft,1,0.5,0.46,,1.0,1.0,1.0,,,,,,,,,,,,,,,,0,,61,60,,,2,10,0,1,1,1,0,2023,0.017,0.0,0.5,0.6,,1.0,1.0,1.0,,Webshop & e-commerceplatform,Website & webdesign,,"Fashion, beauty & personal goods",Webshop & online verkoop,Gemengd,,False
netprofiler.nl,today,narrower,1.846,10days;brandpreventiewinkel;decokay;harman;hogeschoolutrecht;mediahuis;multicopy;newyorkpizza;oxfamnovib;parship;passasports;termeer;zorgenzekerheid,,0,0.333,0.21,1.0,0.184,0.143,,1.0,,,,,,,,,,,,,,,1,,17,13,,,3,9,1,7,7,0,1,2023,0.0,0.231,0.333,0.333,1.0,0.286,0.143,,1.0,SEO & organische vindbaarheid,Strategie & advies,Regionaal (binnen Nederland),"Fashion, beauty & personal goods",Maatwerk software & efficiëntere processen,,Omvang in cijfers,False
netxz.nl,today,control,2.333,consulexservices;famebuilder;layersxr;matrixian;novaskinpro;pagewise;rijschoolgraduate;usenetdeal;zorgservices,craft+channel+geo,3,1.0,0.312,0.556,0.306,1.0,1.0,,,,,,,,,,,,,,,,0,,11,9,,,5,8,3,7,2,1,0,2025,0.0,0.556,1.0,0.5,0.667,0.429,1.0,1.0,,SEO & organische vindbaarheid,Website & webdesign,Nederlandse stad of plaats,"Software, IT & telecom",Beter vindbaar in Google,Zakelijke afnemers (B2B),,False
no7.digital,today,narrower,1.0,hotelscom;nike;tui,craft,1,,1.0,,,,,,,,,,,,,,,,,,,,0,,3,3,,,0,3,0,0,0,0,0,2025,0.0,0.0,,1.0,,,,,,,Strategie & advies,,,,,,False
nodefy.nl,today,control,1.0,displine;frankyamsterdam;stories;tourstickets,craft+channel+model,3,0.625,1.0,,,,1.0,,,,,,,,,,,,,,,,0,,8,4,,,4,4,0,0,0,3,0,2025,0.0,0.0,0.75,1.0,,,,1.0,,Multi-channel & omnichannel,Online adverteren (paid ads),,,,Webshop consumenten (D2C),,False
pamelacrovatto,today,original340,1.889,bukoinfrasupport;cazaswonen;deberen;edge;herculeselektrotechniek;lilyloft;stigas;swvhout;vergeerholland,,0,1.0,0.21,1.0,0.219,,,,,,,,,,,,,,,,,,0,,12,9,,,1,9,2,8,0,0,0,,0.0,0.0,1.0,0.333,1.0,0.25,,,,Social media organisch,Branding & huisstijl,Nederlandse stad of plaats,"Food, beverage & agriculture",,,,True
paulverboven,today,original340,2.125,acheatingair;allbeautifulcolors;blackdiamondarchitects;davisappliancerepair;drcordiewilliams;eewardmovingstorage;gprchiropractic;msolartint,,0,1.0,,,0.5,,,,,,,,,,,,,,,,,,1,,15,8,,,1,0,0,2,0,0,0,,0.0,0.875,1.0,,,0.5,,,,SEO & organische vindbaarheid,,,"Transport, logistics & automotive",,,,False
peter-dragstra-6b9a03b5,today,original340,1.667,cfpgreenbuildings;landmarkt;moby;omdenken;supereco;utrecht4globalgoals,,0,1.0,0.5,,,,,,,,,,,,,,,,,,,,0,,15,6,,,1,2,0,0,0,0,0,,0.0,0.667,1.0,0.5,,,,,,Social media organisch,Website & webdesign,,,,,,False
petrakevenaar,today,original340,1.0,21pinchos;barlenie;bertmans;bioaanhuis;cafsjiek;dekeilewerf;dekroon;denhaagcentraalstation;destaduit;flowerburger;foodi;grafischlyceumrotterdam;guladogcare;jipundpetra;katendrecht;koopgoot;lefanfare;neoyogaonline;newfork;packback;reuzel;rotterdamcentraalstation;rotterdamcentrum;schorem;stadshavenbrouwerijrotterdam;taartenwinkelnl;theoldschoolbarberacademy;thevintagerebel;unlocqed,craft,1,,0.351,,,,,,,,,,,,,,,,,,,,0,,29,29,,,0,29,0,0,0,0,0,,0.0,0.0,,0.517,,,,,,,Social media content & beheer,,,,,,False
baazenco.nl,today,control,1.0,25jaarvmbo;energiefestivalassen;foldon;geldloketemmen;heldr;ikbendrentsondernemer;lavitaebella;nhlstendenyos;popping;skillsforlife;stichtingprimenius;thehappytraveler;voiladvies;werk30;xinteractive,craft,1,,0.388,1.0,,,,,,,,,,,,,,,,,,,0,,23,15,,,0,11,1,0,0,0,0,2023,0.0,0.0,,0.545,1.0,,,,,,Campagnes & creatieve concepten,Nederlandse stad of plaats,,,,,True
bandwerk.nl,today,control,1.167,dbatool;gemeenterijssenholten;htbconstructie;ondernemersmagazinerijssenholten;rivo;tenbrinke,,0,,0.333,1.0,1.0,,,,,,,,,,,,,,,,,,0,,6,6,,,0,3,2,1,0,0,0,2025,0.0,0.0,,0.333,1.0,1.0,,,,,Content & copywriting,Nederlandse stad of plaats,"Hospitality, tourism, sports & recreation",,,,True
be-interactive.nl,today,control,1.667,abdijolvvankoningshoeven;gruijtersaluminium;logisticforce;reynaers;tjecco;wyt,industry,1,,0.2,,0.375,,1.0,,,,,,,,,,,,,,,,0,,18,6,,,0,5,0,4,0,1,0,2025,0.0,0.0,,0.2,,0.5,,1.0,,,Webshop & e-commerce,,Manufacturing & industrial,,Zakelijke afnemers (B2B),,False
be-remarkable.nl,today,control,1.667,civilion;claudi;druppa;gardenlux;handsincontrol;strukton;szr;technohub;uwstadwerkt,craft,1,,0.506,1.0,0.28,,1.0,,,,,,,,,,,,,,,,0,,18,9,,,0,9,1,5,0,2,0,2020,0.0,0.0,,0.667,1.0,0.4,,1.0,,,Website & webdesign,Regionaal (binnen Nederland),Healthcare & care,,Webshop consumenten (D2C),,False
bearsfactory.nl,today,control,1.333,cascararodizio;performenzcoaching;veekenszadelkamers,,0,0.5,0.333,,1.0,,,,,,,,,,,,,,,,,,0,,3,3,,,2,3,0,1,0,0,0,2025,0.0,0.0,0.5,0.333,,1.0,,,,Social media paid,Website & webdesign,,"Hospitality, tourism, sports & recreation",,,,True
hesterdewit,today,original340,1.0,750jaardaminderotte;ahademan;alimentari;alpina;appeltaartvoormanagers;bplmiddendelfland;cordinatiepuntmensenbiosfeergebieden;derotte;dewielerrotte;dijkversterkinghansweert;eyoccbookingcom;fibercoreeurope;flowingrow;groenvoorzieningzuidhollandismrecreatieschaprottemeren;grontmij;hartogtoorn;hesinternational;hetoudenoordeninrotterdam;kdekkerbouwinfra;natuurenrecreatieschapijsselmonde;nemag;occbookingcom;reintgrootveld;rosengaerde;sheerenloo;sprenkelstobiasbastian;standsbos013tilburg;stichtinghumanitas;thuiszorgrotterdam;tijhuisingenieurs;vanrooijenadvocaten;vastelandadvocaten;volksuniversiteitrotterdam;zhdstevedores;zonmw,,0,,0.31,0.5,,,,,,,,,,,,,,,,,,,6,,76,35,,,0,34,2,0,0,0,0,,0.0,0.0,,0.441,0.5,,,,,,"Grafisch ontwerp, drukwerk & print",Internationaal / wereldwijd,,,,,False
hhogenbirk,today,original340,1.061,avermedia;axyondynamic;bchi;bookscomtw;braincool;carepathtechnologiesgmbh;clearmindbiomedical;deepblu;ert;geeny;hansaton;harmankardon;holoindustry;iduntechnologies;ipteq;irepell;ixensor;ledvance;liionpower;medionag;microsynetics;munichairport;nativeinstrument;oreltech;pranaq;pryd;rapidresponserevival;tado;tadogmbh;teufel;viewsonic;vostars;wearablelifescience,,0,,0.22,1.0,1.0,,,,,,,,,,,,,,,,,,0,,44,33,,,0,20,1,1,0,0,0,,0.0,0.03,,0.3,1.0,1.0,,,,,"Grafisch ontwerp, drukwerk & print",Specifiek buitenland,Retail & e-commerce (general consumer goods),,,,True
joepbogaers,today,original340,1.083,fatboy;hannekedejong;horseflex;kevinboerenhypnotherapie;lavieenrose;maijerstechniek;oomssport;raamfoliewinkelnl;relatiehuisrijnmond;spraydip;suite702;witgoedservicecc,craft,1,0.306,0.375,,,1.0,1.0,,,,,,,,,,,,,,,,0,,25,12,,,7,4,0,0,1,1,0,,0.0,0.083,0.429,0.5,,,1.0,1.0,,SEO & organische vindbaarheid,SEO & vindbaarheid,,,Beter vindbaar in Google,Webshop consumenten (D2C),,True
joeyzeelen,today,original340,0.875,dutchbank;globalactivewearbrand;globaldairybrand;globalfashionretailer;globalfootwearretailer;globalfragrancecompany;heritagesportswearbrand;performancesportswearbrand,industry+craft,2,,0.438,0.36,0.388,,,,,,,,,,,,,,,,,,0,,8,8,,,0,8,5,7,0,0,0,,0.0,0.0,,0.625,0.4,0.571,,,,,Strategie & advies,Specifiek buitenland,"Fashion, beauty & personal goods",,,,True
johanhubers,today,original340,1.2,apothekers;herobaby;indeed;klantenwelkom;reumanederland,craft+channel,2,0.375,0.625,0.5,0.5,1.0,1.0,,,,,,,,,,,,,,,,5,,11,5,,,4,4,2,2,2,1,0,,0.0,0.0,0.5,0.75,0.5,0.5,1.0,1.0,,Offline media & events,Campagnes & creatieve concepten,Europa,"Nonprofits, charities & associations","Meer leads, aanvragen & verkoop",Zakelijke afnemers (B2B),,False
mitchell-ling-58a99673,today,original340,2.0,albron;barbarossabeach;bregje;hotelrestauranttencate;lacubanita;nhcollectiongrandhotelkrasnapolsky;pizzabeppe;restaurantcharlie;restaurantpieterman;strandrestaurantwerelds,industry+craft+channel,3,0.42,0.36,,1.0,,,,,,,,,,,,,,,,,,0,,20,10,,,10,10,0,10,0,0,0,,0.0,0.0,0.5,0.5,,1.0,,,,Multi-channel & omnichannel,"Online marketing, performance & CRO",,"Hospitality, tourism, sports & recreation",,,,True
mlkoekenberg,today,original340,2.0,obmoost,,0,,,,1.0,,,,,,,,,,,,,,,,,,0,,2,1,,,0,0,0,1,0,0,0,,0.0,0.0,,,,1.0,,,,,,,Education & childcare,,,,True
muratgumrukcuoglu,today,original340,1.717,alcedo;b2works;blijkaartje;brightorange;cobracrm;cruyffkledingmerk;deventerziekenhuis;devriestrappen;dibo;egveranda;energielabeloost;feddema;glazenschuifwandxl;goaheadeagles;hanskazn;inthearena;jhab;keifit;keizersmetaal;locktight;miqa;ofm;omix;oneclicksteel;osso;phbbouw;reithpower;rogvistraiteur;rotovia;saunadrme;seaszen;smart2scool;snickersshop;spelenderwijs;staatvandienst;therealestbarberacademy;trappenmaat;trappenmaatbe;vavoscholen;voetbalfanshop;voetcomfort;vostransport;werkenbijomix;werkenbijvos;workingspirit;zijdayachting,craft+channel,2,0.506,0.414,0.265,0.156,,0.5,,,,,,,,,,,,,,,,0,,59,46,,,9,18,7,8,0,2,0,,0.0,0.543,0.667,0.611,0.429,0.25,,0.5,,SEO & organische vindbaarheid,Website & webdesign,Regionaal (binnen Nederland),"Hospitality, tourism, sports & recreation",,Webshop consumenten (D2C),,False
naomibeusink,today,original340,2.267,choose;colifecoaching;denieuweibopleiding;destiltehuisjes;dzanellatihic;gemeentemoerdijk;heartkiacademy;hetvloerenmagazijn;keesverhoudenmeubelen;lizettevanloenen;sfiedebleser;simonelevie;taxstudio;tikva;vapraktijk,craft+channel,2,0.407,0.344,1.0,0.281,1.0,,1.0,,,,,,,,,,,,,,,2,,25,15,,,9,8,1,8,1,0,1,,0.0,0.733,0.556,0.5,1.0,0.375,1.0,,1.0,Social media paid,"Outcome-verkoop (leads, omzet, groei)",Nederland plus buurlanden,Business & professional services,Naamsbekendheid & zichtbaarheid,,Startup / jong / groeiend,False
rozepepers.nl,today,control,1.333,annekedekortofficesupportvirtualassistant;bambanani;burolima;dedamesvanhurkmans;fysionoordkade;jacobshoutenbouwmaterialen;joepiekinderopvang;mett;pepaella,,0,0.28,0.281,1.0,0.5,1.0,,,,,,,,,,,,,,,,,0,,9,9,,,5,8,1,2,1,0,0,2023,0.0,0.0,0.4,0.375,1.0,0.5,1.0,,,Social media organisch,Content & copywriting,Specifiek buitenland,"Hospitality, tourism, sports & recreation",Groei & nieuwe markten,,,True
rsmediaworks.nl,today,control,1.25,3pinternationalleadershipassessments;ameschenberg;axcensa;beautysecrets;coderingloket;daanenruud;dewester;ersarchitecten;evabart;fysioalmelo;groenblauwtwente;hospitalitylogistiek;ikwilkippenvel;instain;jijmaaktenschede;katexprojektservice;medischspectrumtwente;slijterijgebotteld;smartcompounders;sportaal;tcparkveldwijk;toeleveringonline;tvtopspinners;verenigingsportaal,industry+craft+geo,3,1.0,0.338,0.429,0.389,,1.0,1.0,,,,,,,,,,,,,,,2,,27,24,,,1,23,7,6,0,1,1,2015,0.0,0.0,1.0,0.522,0.571,0.5,,1.0,1.0,"Content, video & PR","Video, animatie & fotografie",Nederlandse stad of plaats,Healthcare & care,,Webshop consumenten (D2C),Omvang in cijfers,True
rubrix.nl,today,narrower,1.774,arelabeautyhouse;beatrixdemusical;bieratelierrenes;derkscontainerservice;ekbcontainerlogistik;gfsrtm;givenergyeurope;growwebdesign;hvk2go;jointforcedevelopment;josgym;mediadome;mifasolex;notariaatmeijer;nstransport;pantherenergy;paspanelen;petersmanalpineproductions;profectus;roadjet;teamtechnicians;tmtechnicians;topperlogistics;udetect;vanderzandenadministratie;vandrieltransport;vedmarketing;wedrivecars;whpersoneelsdiensten;zwijnenburg;zwijnenburgyachting,craft+channel+geo,3,0.556,0.602,0.5,0.16,0.224,1.0,0.333,,,,,,,,,,,,,,,0,,41,31,,,6,30,6,20,7,2,3,2023,0.0,0.129,0.667,0.767,0.667,0.25,0.286,1.0,0.333,SEO & organische vindbaarheid,Website & webdesign,Nederlandse stad of plaats,Manufacturing & industrial,Maatwerk software & efficiëntere processen,Webshop consumenten (D2C),Groot / corporate / marktleider,False
seonl.nl,today,control,2.0,horecaverhuur;makelaar,,0,,,,0.5,,,,,,,,,,,,,,,,,,0,,2,2,,,0,0,0,2,0,0,0,2010,0.0,0.0,,,,0.5,,,,,,,"Hospitality, tourism, sports & recreation",,,,True
smaac.nl,today,narrower,1.357,avineontensing;danone;devosergo;elvedes;frommars;goedegebuur;greensweet;hestialiving;horainteriordesign;interconnect;jamieoliversroaringroast;krap;kruithofoptiek;ktba;lichtnl;oldamsterdam;ooperon;plantlab;qorium;rana;rituals;sportbsonuenen;stella;superfoodies;sweversrealestate;themacallan;townshipshertogenbosch;unilever,geo,1,,0.328,0.556,0.219,1.0,,1.0,,,,,,,,,,,,,,,0,,30,28,,,0,25,3,8,1,0,1,2023,0.0,0.036,,0.48,0.667,0.375,1.0,,1.0,,Branding & huisstijl,Nederlandse stad of plaats,Manufacturing & industrial,"Merk, huisstijl & verhaal",,Startup / jong / groeiend,True
072design.nl,today,control,1.429,castilomeubelmakers;conijnparket;nathaliethielen;taichiigor;tamfossils;uniteitprofessionals;vronieachenbach,craft,1,1.0,0.52,,0.333,,1.0,,,,,,,,,,,,,,,,0,,7,7,,,2,5,0,3,0,2,0,2024,0.0,0.0,1.0,0.6,,0.333,,1.0,,Webshop & e-commerceplatform,Website & webdesign,,Retail & e-commerce (general consumer goods),,Webshop consumenten (D2C),,False
10uur.nl,today,control,1.417,collectiezeeland;dare2carefestival;deflex;duopenotti;gemeentemiddelburg;gemeenteroosendaal;gemeenteschouwenduiveland;hetwatersnoodmuseum;nationaalparkdebiesbosch;nationaalparkdemeinweg;nationaleparkenbureau;zeelandia,job+geo,2,0.306,0.194,0.556,0.28,0.375,,,,,,,,,,,,,,,,,1,,16,12,,,7,12,3,5,4,0,0,2023,0.0,0.0,0.429,0.25,0.667,0.4,0.5,,,Website & CMS,Website & webdesign,Regionaal (binnen Nederland),"Food, beverage & agriculture",Personeel werven & werkgeversmerk,,,True
1kilotekst.nl,today,control,1.947,auping;bever;bmaergonomics;combideuren;denieuwehanzeunie;ditisem;gblict;groveko;hanz;innspiratie;meedoenwerktnu;mrkirstendekok;optimaaloud;reverseit;samenloopvoorhoop;snoeptastisch;sunshade;vanbuuren;vvdzwolle,geo,1,1.0,1.0,0.556,0.121,1.0,1.0,1.0,,,,,,,,,,,,,,,0,,20,19,,,1,1,3,17,1,1,1,2023,0.053,0.0,1.0,1.0,0.667,0.235,1.0,1.0,1.0,"Content, video & PR",PR & influencer marketing,Nederlandse stad of plaats,"Construction, real estate & housing",Personeel werven & werkgeversmerk,Zakelijke afnemers (B2B),Groot / corporate / marktleider,False
fffunction.studio,today,control,1.0,bellscomedyclub;bitsofspace;brainofmaterials;domusadam;energiek;fellenoord2040;gemeenteeindhoven;impactportfolio;kamubreda;lichtstadarchitecten;maaskristinssonarchitecten;magarchitecten;moaie;playgroundsinternationalfilmfestival;schommelaantafel;sexualhealing;sproutcoffeeroasters;strpfestival;studiolafo;studiosociaalcentraal;topcastmedia;ventigoenvisions,craft,1,,0.556,,,,,,,,,,,,,,,,,,,,1,,27,22,,,0,3,0,0,0,0,0,2023,0.0,0.0,,0.667,,,,,,,Website & webdesign,,,,,,False
fideo.nl,today,control,1.5,careerdesq;communicatiemakers;datgeldtvoormijnl;devoorzieningenwijzer;doomijn;engie;erikkarstfotografie;hemmink;hogeschoolutrecht;honk1;marketingoost;movingintelligence;nedcon;ntt;odijsselland;ogz;organisatiezuid;prorail;provincieoverijssel;roamler;rodekruis;saturnpetcare;slachtofferhulpnederland;stadslyceum;veiligthuisijsselland;veneta;wdodelta;zonneplan,industry+craft+stage,3,,0.501,1.0,0.38,0.309,,0.503,,,,,,,,,,,,,,,1,,44,28,,,0,27,1,10,9,0,13,2023,0.0,0.143,,0.667,1.0,0.5,0.444,,0.538,,"Video, animatie & fotografie",Nederlandse stad of plaats,"Nonprofits, charities & associations",Personeel werven & werkgeversmerk,,MKB / middelgroot,False
findfactory.nl,today,control,1.0,cabbin;ikpas;maxicosi;monsieursaucisson;sligrosolutions;tapijtcentrumnederland;tarkett;timeon;wickey,craft+job,2,,0.44,,,0.44,,,,,,,,,,,,,,,,,0,,10,9,,,0,5,0,0,5,0,0,2025,0.0,0.0,,0.6,,,0.6,,,,SEO & vindbaarheid,,,Beter vindbaar in Google,,,True
fitzroy.nl,today,control,1.487,amblestrut;anwb;artemisacademy;campina;cloudpillo;cordaid;cygnific;deartummy;doritos;eurail;fairphone;frankseltzer;gisou;glenfiddich;heinz;heyleys;icon;inshared;kennedyfitch;klarna;lavie;lays;mamasea;mms;myway;naf;omasoep;opius;poows;quaker;saborverde;shimano;smullers;smyle;stegeman;stoov;vgz;wow;yumeko,,0,,0.268,1.0,0.154,1.0,1.0,1.0,,,,,,,,,,,,,,,3,,52,39,,,0,39,1,18,1,2,1,2024,0.0,0.0,,0.333,1.0,0.278,1.0,1.0,1.0,,Campagnes & creatieve concepten,Heel Nederland (landelijk),"Food, beverage & agriculture",Groei & nieuwe markten,Zakelijke afnemers (B2B),Startup / jong / groeiend,False
likehoney.nl,today,control,1.2,basconsultancy;cnv;dravik;jsconsultancy;littlelions;maakjestap;mizuno;schneiderelectric;tinqwiseretailacademy;uptempo,,0,0.5,0.224,1.0,1.0,,1.0,,,,,,,,,,,,,,,,1,,21,10,,,2,7,1,1,0,1,0,2022,0.0,0.1,0.5,0.286,1.0,1.0,,1.0,,Social media organisch,"Online marketing, performance & CRO",Regionaal (binnen Nederland),"Nonprofits, charities & associations",,Zakelijke afnemers (B2B),,False
limesquare.nl,today,control,1.0,area;benitech;bewegenwerkt;boersrealestate;cloudwise;cogas;ctstorkcollege;detwentsezorgcentra;docup;expertisebureaurisicobeheer;greensecure;hesselinktrucks;ikletteropnl;kehbo;landgoeddewilmersberg;lappset;molhoekinfratechniek;oakpensioen;oakpensioenfonds;schouwburghengelo;smkaccountantsfiscalisten;solarteamtwente;stegginkinterieurs;talentials;terhoekvonkerosie;twentemilieu;undutchables;valkenaer,craft,1,,0.556,1.0,,0.5,,,,,,,,,,,,,,,,,1,,30,28,,,0,3,1,0,2,0,0,2022,0.0,0.0,,0.667,1.0,,0.5,,,,Branding & huisstijl,Regionaal (binnen Nederland),,"Merk, huisstijl & verhaal",,,False
lvb.nl,today,control,,,,0,,,,,,,,,,,,,,,,,,,,,,6,,6,0,,,0,0,0,0,0,0,0,2022,,,,,,,,,,,,,,,,,True
robbert-hendrix,today,original340,1.286,jurrenco;mayurkitchen;navivistatravel;samenwerkenmethetuniversum;sportraadbeuningen;winthaisemassagepedicure;youcanada,craft,1,0.333,0.429,1.0,1.0,1.0,1.0,1.0,,,,,,,,,,,,,,,0,,8,7,,,3,7,1,1,1,1,1,,0.143,0.0,0.333,0.571,1.0,1.0,1.0,1.0,1.0,Social media organisch,SEO & vindbaarheid,Heel Nederland (landelijk),"Hospitality, tourism, sports & recreation",Website verouderd of nieuw nodig,Consumentenmarkt offline,Familiebedrijf / gevestigd met historie,True
robert-de-vries-85495a6b,today,original340,1.643,biblionetgroningen;detactdiagnostics;lavg;loffwellnessassen;makeitinthenorth;monk;nieuwebladzijde;nnz;nom;pentips;purperendraak;syncom;whisperpower;wtbe,craft+geo,2,,0.42,0.625,0.167,1.0,,1.0,,,,,,,,,,,,,,,0,,18,14,,,0,10,4,6,1,0,1,,0.0,0.0,,0.5,0.75,0.167,1.0,,1.0,,Website & webdesign,Regionaal (binnen Nederland),"Hospitality, tourism, sports & recreation",Personeel werven & werkgeversmerk,,Familiebedrijf / gevestigd met historie,True
robinvdl,today,original340,1.739,beansapp;bloomon;butternutbox;claude10;clickdrive;clubdarq;crisp;dockyard;eastboundgym;europeanberries;festor;glaskoning;heerlijknl;hetschippertje;jewishheritagetours;meetfrank;onego;scalehub;studiohenk;vanquishyachts;villabloom;weareeves;yeehright,model,1,0.308,0.143,0.194,0.156,0.246,0.5,,,,,,,,,,,,,,,,0,,37,23,,,23,14,12,17,17,6,0,,0.0,0.0,0.478,0.214,0.25,0.235,0.412,0.5,,"Data, tracking & CRO",Campagnes & creatieve concepten,Internationaal / wereldwijd,"Construction, real estate & housing",Groei & nieuwe markten,Consumentenmarkt offline,,False
roellinssen,today,original340,1.667,karhu;supershortlease;terhorstvangeel,,0,,0.5,,,,,1.0,,,,,,,,,,,,,,,0,,3,3,,,0,2,0,0,0,0,1,,0.0,0.667,,0.5,,,,,1.0,,Strategie & advies,,,,,Groot / corporate / marktleider,True
rogier-croes,today,original340,1.4,boschpowertools;centrafarm;cliniclowns;corendon;dehypotheker;domuscura;justdiggit;tomtom;unitedconsumers;welvarendwonen,job,1,,0.25,1.0,0.333,0.556,,,,,,,,,,,,,,,,,0,,12,10,,,0,4,1,3,3,0,0,,0.0,0.1,,0.25,1.0,0.333,0.667,,,,Branding & huisstijl,Nederland plus buurlanden,Manufacturing & industrial,Groei & nieuwe markten,,,True
creativeflavours.nl,today,control,1.0,beautyxl;diergaardeblijdorp;easywalker;ggd;guesthousehotel;iamhardwellthemovie;magicbaby;path;revit,craft,1,,0.389,,,,,,,,,,,,,,,,,,,,0,,9,9,,,0,6,0,0,0,0,0,2020,0.0,0.0,,0.5,,,,,,,Branding & huisstijl,,,,,,True
creativemules.com,today,control,1.0,acn;alicemerton;ameritum;amsterdamchemistrynetworkacn;aycon;belassi;cercli;chiron;clearclick;collie;cornect;duxsoup;entweder;exicom;flywheel;geospin;goodtreats;granit;hold;hubject;mounteam;newriver;openkitchenlabs;spincontrol;stefanierall;tinygiants;twopeaks;venta;xeniahirmer,craft,1,,0.509,,,,,,,,,,,,,,,,,,,,0,,39,29,,,0,26,0,0,0,0,0,2020,0.0,0.0,,0.692,,,,,,,Branding & huisstijl,,,,,,False
creativeskills.nl,today,control,1.667,bonvinkeveen;bramsnatuur;capifood;deballonnerie;demacohydrogen;dewaog;doetsreizen;ezbook;gemeentezaanstad;jansensdieperink;jasa;lifeacademy;luxra;optoppartner;prouser;rentrunner;spinder;vandemoortele;vopo;wind;zwart,industry,1,,0.333,,0.32,,,,,,,,,,,,,,,,,,0,,27,21,,,0,3,0,10,0,0,0,2020,0.0,0.0,,0.333,,0.5,,,,,Branding & huisstijl,,"Energy, utilities & environment",,,,False
creja.nl,today,control,1.0,bioscienceparkleiden;bip;dectdirect;farmhouse;orgx;simstudio;taurac;vionfood,craft,1,,0.429,,,,,,,,,,,,,,,,,,,,2,,11,8,,,0,7,0,0,0,0,0,2024,0.0,0.0,,0.571,,,,,,,Branding & huisstijl,,,,,,True
crossmediahouse.nl,today,control,1.526,aqua;armdoors;checkkozijn;debuparts;dimpact;eriks;eureleaf;globusnurserymachines;lammertink;maatwerkmatrassennl;nijhofsafety;schroeffunderingnl;textowntigers;tijhuis;unitedlease;unitura;valvoline;vcare;zorgaccent,craft+job,2,,0.375,1.0,0.184,0.375,,,,,,,,,,,,,,,,,0,,23,19,,,0,4,1,7,4,0,0,2024,0.0,0.053,,0.5,1.0,0.286,0.5,,,,Website & webdesign,Internationaal / wereldwijd,"Transport, logistics & automotive",Personeel werven & werkgeversmerk,,,False
colourcake.com,today,control,1.095,billyslittlestories;breitling;buddhatobuddha;citizenm;diageo;ehingerschwarz;garcia;gorillas;limitless;mizunosportstyle;netflix;nike;oceanco;pinkgellac;scotchandsoda;sidestep;theathletesfoot;theavocadoshow;thejuly;thesocialhub;tommyhilfiger,,0,,0.243,,0.5,,,,,,,,,,,,,,,,,,0,,27,21,,,0,13,0,2,0,0,0,2023,0.0,0.0,,0.308,,0.5,,,,,"Grafisch ontwerp, drukwerk & print",,"Fashion, beauty & personal goods",,,,False
comm-on.nu,today,control,1.308,alvivahuisartsenpraktijk;benroosdakbedekking;debodegraafsekaasboer;delta;deruijterstrategie;ecorent;finncolors;motopainthogenboom;poelman;promove;redrivervaneck;royalreesink;zwammerdam,channel,1,0.531,0.278,,0.5,0.5,0.5,1.0,,,,,,,,,,,,,,,0,,14,13,,,8,12,0,2,2,2,1,2025,0.0,0.0,0.625,0.417,,0.5,0.5,0.5,1.0,Website & CMS,Website & webdesign,,Retail & e-commerce (general consumer goods),"Merk, huisstijl & verhaal",Consumentenmarkt offline,Omvang in cijfers,True
communicatiekrachten.nl,today,control,1.0,dekrarail;gemeentenijmegen;gemeentevijfheerenlanden,,0,,1.0,1.0,,,,,,,,,,,,,,,,,,,0,,3,3,,,0,1,1,0,0,0,0,2020,0.0,0.0,,1.0,1.0,,,,,,Strategie & advies,Nederlandse stad of plaats,,,,,False
higuita.amsterdam,today,control,1.296,abu;botmas;canal;check;endore;fairphone;film1;financialleasenl;garly;godo;hable;huzzy;lotofhappiness;marktplaats;mediinterim;mrjealousy;nationaleoperaballet;playtika;recsound;sainthilllijsten;seepje;theunconsultants;unique;usgfinance;usgrestart;variantzorg;workclub,,0,,0.24,,0.188,,,,,,,,,,,,,,,,,,0,,34,27,,,0,11,0,8,0,0,0,2018,0.0,0.0,,0.364,,0.25,,,,,Branding & huisstijl,,"Staffing, recruitment & HR",,,,False
hike.one,today,control,1.154,cbs;defqon1;duravermeer;fudura;hezelaerenergy;hoogendoorn;libertyglobal;lightyear;marktplaats;schiphol;sportvisunie;tkppension;yuki,craft,1,,0.51,,0.5,,,1.0,,,,,,,,,,,,,,,0,,19,13,,,0,7,0,2,0,0,1,2025,0.0,0.0,,0.571,,0.5,,,1.0,,UX/UI & interface design,,"Energy, utilities & environment",,,Omvang in cijfers,False
hiveminds.nl,today,control,2.0,arcadia;handler;swissdentalcare,craft,1,1.0,0.556,1.0,0.333,,,,,,,,,,,,,,,,,,0,,6,3,,,1,3,1,3,0,0,0,2023,0.0,0.0,1.0,0.667,1.0,0.333,,,,SEO & organische vindbaarheid,Apps & maatwerk platforms,Nederland plus buurlanden,"Media, culture & entertainment",,,,False
hlobranding.com,today,control,1.9,abin;albron;anthura;beasy;daylr;driscolls;flamefix;frankfranky;hazera;heineken;junis;koppert;nederlandsvisbureau;oblique;paardekooper;pensioenpotjenl;plntscom;premier;ridder;selati,craft,1,,0.375,1.0,0.232,,1.0,,,,,,,,,,,,,,,,0,,33,20,,,0,4,1,17,0,2,0,2020,0.0,0.0,,0.5,1.0,0.412,,1.0,,,Branding & huisstijl,Europa,"Food, beverage & agriculture",,Webshop consumenten (D2C),,False
houseofeighty8.nl,today,control,1.0,verdeinterior,,0,,1.0,,,,,,,,,,,,,,,,,,,,0,,1,1,,,0,1,0,0,0,0,0,2025,0.0,0.0,,1.0,,,,,,,Branding & huisstijl,,,,,,True
sam-jeurissen-123297197,today,original340,1.0,curatech;daanjorritsma;davediederen;degeschillencommissie;ivourlings;limbourgpartners;moods;ristorantecarregio;smartmarket;therange,,0,1.0,0.25,,,,,,,,,,,,,,,,,,,,0,,22,10,,,2,8,0,0,0,0,0,,0.0,0.0,1.0,0.25,,,,,,Social media organisch,Campagnes & creatieve concepten,,,,,,False
sander-van-ham,today,original340,1.6,eclectic;ecommit;improvedmoves;movinforce;schuttershofgoes,craft,1,1.0,0.556,,,,,,,,,,,,,,,,,,,,0,,11,5,,,1,3,0,0,0,0,0,,0.0,0.6,1.0,0.667,,,,,,SEO & organische vindbaarheid,"Online marketing, performance & CRO",,,,,,False
sandergeijtenbeek,today,original340,1.692,bangarage;bertcohen;bertcohennl;fitz;floortjebol;joostenadvocaten;maliquesteenbrink;mijneerste18jaar;paqt;relinedfibernetwork;spreeknl;topgearnederland;wevisitcuraao,,0,,0.25,1.0,0.333,0.333,,,,,,,,,,,,,,,,,1,,19,13,,,0,4,1,3,3,0,0,,0.0,0.462,,0.25,1.0,0.333,0.333,,,,Website & webdesign,Europa,"Staffing, recruitment & HR",Website verouderd of nieuw nodig,,,False
sandervanbaalen,today,original340,1.033,abnamroworldtennistournament;adodenhaag;areaaladvies;asics;benuapotheken;bibliotheekrotterdam;buurtklik;cazaswonen;chaterovernl;crestbrandidentity;dehaagsescholen;despaansepolder;euxecorys;gasterugveiligvooruit;gingermonkeys;goedebuurvandestadsnatuur;groenagendarotterdam;hetkomtdoordehaven;imoveme;itcampus;kadaster;kleinevalgrotegevolgen;koelemanvoordezorg;magazinemoefrotterdam;mcw;mcwcreativeagency;newbalance;nikerun2dayultimaterunningstore;nikexlberen;noujij;onlineseksueelgeweld;oordeelniet;prime11;qualogyamsterdammade;rdw;rdwonlinestyleguide;rocmondriaan;rotterdamchinatown;rotterdampas;run2day;runningcrew;scheidingsloketgemeenterotterdam;sportbedrijfrotterdam;staedion;staedionsamenduurzaam;tudelft;tudelftplasticroad;vakantiepaspoort;vanhessen;vanhessenletsmeat;vanweeldenwonen;vraagwijzer;watzieje;wijij;wolverine;woongeluk;wordwiejebent;worldpolicefiregames;zomercampus010;zoveilig,craft,1,,0.51,1.0,0.5,,,,,,,,,,,,,,,,,,0,,66,60,,,0,7,1,2,0,0,0,,0.0,0.0,,0.571,1.0,0.5,,,,,Branding & huisstijl,Nederlandse stad of plaats,"Media, culture & entertainment",,,,False
sandervanhoren,today,original340,1.2,anicuranederland;autorijschoolhufman;holistik;juliazjochova;leonet;ministerievanbzk;spiritsinvest;vanderzeeuwbouw;vitaily;vvmc,,0,,0.219,,1.0,,,,,,,,,,,,,,,,,,0,,30,10,,,0,8,0,1,0,0,0,,0.0,0.1,,0.25,,1.0,,,,,UX/UI & interface design,,Finance & insurance,,,,False
keyagency.nl,today,control,1.188,amsterdamfashionweek;ddrinks;doknederland;eigenhaard;foldamstaalbouw;granditalia;hmst;lovechock;mediacampusnl;metakids;riff;sena;siblu;solomidocean;spierenvoorspieren;team1001,craft,1,1.0,0.387,1.0,0.5,1.0,,,,,,,,,,,,,,,,,0,,18,16,,,1,15,1,2,1,0,0,2024,0.0,0.062,1.0,0.6,1.0,0.5,1.0,,,Webshop & e-commerceplatform,Website & webdesign,Internationaal / wereldwijd,"Media, culture & entertainment",Maatwerk software & efficiëntere processen,,,True
kinsmen.tv,today,control,1.074,adyen;antigif;bim;bnnvara;braaaf;brandblocks;daanrietbergen;dehaaien;dott;eduvibes;firely;gemeentedenbosch;homesofafrica;huis73;infront;koleksiyon;konux;methorst;nedap;nib;nvm;pitt;preshot;salarise;thelaughingcat;urbanarrow;zdhc,,0,,1.0,,0.5,,,1.0,,,,,,,,,,,,,,,0,,31,27,,,0,1,0,2,0,0,2,2023,0.0,0.0,,1.0,,0.5,,,1.0,,Branding & huisstijl,,Manufacturing & industrial,,,Familiebedrijf / gevestigd met historie,False
kleinmedia.nl,today,control,1.0,ambrosiaonlychamps;apbloem;beursadvies;bourgogneexpress;coffeeshopcentral;fertilityweek;hunter8217scoffeeshop;hunterscoffeeshop;thegametestory;theyellowacademy,craft,1,,0.375,,,,,,,,,,,,,,,,,,,,0,,15,10,,,0,4,0,0,0,0,0,2023,0.0,0.0,,0.5,,,,,,,UX/UI & interface design,,,,,,True
klikkertje.nl,today,control,2.333,extremosamsterdam;juristbewind;studiofhs,,0,0.5,0.333,,0.333,,,,,,,,,,,,,,,,,,0,,3,3,,,2,3,0,3,0,0,0,2025,0.0,0.333,0.5,0.333,,0.333,,,,Multi-channel & omnichannel,Website & webdesign,,"Hospitality, tourism, sports & recreation",,,,False
kliktaal.nl,today,control,1.714,boxmeer;dynamiekscholengroep;erwinhendriks;kwekerijaarts;mijnkeukentuintje;mitchelbenders;robertwillemsen,industry+craft,2,,0.755,1.0,0.44,,,,,,,,,,,,,,,,,,2,,10,7,,,0,7,1,5,0,0,0,2020,0.0,0.0,,0.857,1.0,0.6,,,,,"Video, animatie & fotografie",Regionaal (binnen Nederland),"Construction, real estate & housing",,,,True
flatlineagency.com,today,narrower,1.0,alexalbon;aurus;boss;cocacola;ctp;dekbeddiscounter;deloitte;gisou;justeat;lionsfashion;masongarments;mattsleeps;mysticboarding;noexcess;oger;ogr;oliviakate;samsung;swapfiets;urbanarrow;vingino,craft+channel,2,0.625,0.319,,,,1.0,,,,,,,,,,,,,,,,43,,69,21,,,4,12,0,0,0,2,0,2023,0.0,0.0,0.75,0.5,,,,1.0,,Webshop & e-commerceplatform,Webshop & e-commerce,,,,Consumentenmarkt offline,,True
flax.marketing,today,control,1.0,beerselektro;beerselektrotechniekservice;companygolfclub;conformisomyq;eurorijn;innoessentialssilkn;myqconformiso;qalkoen;vestitidelcapo,,0,,0.333,,,1.0,,,,,,,,,,,,,,,,,0,,14,9,,,0,3,0,0,1,0,0,2023,0.0,0.0,,0.333,,,1.0,,,,Campagnes & creatieve concepten,,,Lancering nieuw product of concept,,,False
flirtcreativity.com,today,control,1.333,bunq;open32;vibe,,0,1.0,1.0,,1.0,,,,,,,,,,,,,,,,,,0,,3,3,,,1,1,0,1,0,0,0,2025,0.0,0.0,1.0,1.0,,1.0,,,,Multi-channel & omnichannel,Campagnes & creatieve concepten,,Finance & insurance,,,,True
fresher.nl,today,control,1.0,2trainpersonaltraining;ackermansnatuursteen;agrosolutions;costapadel;hetbuitenatelier;storiesbyannemiek;studiobovitec,,0,1.0,0.265,,,,,,,,,,,,,,,,,,,,0,,7,7,,,2,7,0,0,0,0,0,2025,0.0,0.0,1.0,0.286,,,,,,Webshop & e-commerceplatform,Branding & huisstijl,,,,,,False
friskagency.com,today,narrower,1.25,honda;hondaverhagen;jarajewelry;vanbruggenadviesgroep,,0,1.0,0.5,1.0,,1.0,,,,,,,,,,,,,,,,,0,,4,4,,,2,2,2,0,1,0,0,2025,0.0,0.0,1.0,0.5,1.0,,1.0,,,"SEA, display & overige paid advertising",Online adverteren (paid ads),Regionaal (binnen Nederland),,Beter vindbaar in Google,,,False
personacompany.com,today,control,2.0,devest;duravermeer;makronederland;nationalenederlanden;smallstepspartou;welkoop,craft,1,,1.0,,0.222,,,,,,,,,,,,,,,,,,0,,6,6,,,0,6,0,6,0,0,0,2025,0.0,0.0,,1.0,,0.333,,,,,Strategie & advies,,Retail & e-commerce (general consumer goods),,,,True
pig.works,today,control,1.0,aiur;authenticgolf;crossbike;hummushouse;innoseis;kurtainkall;letgrow;lumenis;mountelgon;mrce;robotiq;sneakers;snijdersyachts;tibor;uhm;yamasa,craft,1,,0.68,,,,,,,,,,,,,,,,,,,,0,,16,16,,,0,16,0,0,0,0,0,2020,0.0,0.0,,0.812,,,,,,,Branding & huisstijl,,,,,,False
pingwin.nl,today,control,2.0,bergmanclinics;counselling;deacademievoorcoachingencounseling;odormenl;sjsolutions,craft+channel,2,1.0,0.52,,1.0,1.0,,0.5,,,,,,,,,,,,,,,0,,5,5,,,5,5,0,1,2,0,2,2020,0.0,0.8,1.0,0.6,,1.0,1.0,,0.5,SEO & organische vindbaarheid,SEO & vindbaarheid,,Business & professional services,Beter vindbaar in Google,,Startup / jong / groeiend,True
pixoyo.nl,today,control,1.2,airarabia;matchinmedia;svo;thedynamicway;yoursafe,craft,1,,0.556,1.0,1.0,,,1.0,,,,,,,,,,,,,,,0,,7,5,,,0,3,1,1,0,0,1,2023,0.0,0.0,,0.667,1.0,1.0,,,1.0,,Campagnes & creatieve concepten,Internationaal / wereldwijd,"Media, culture & entertainment",,,Familiebedrijf / gevestigd met historie,False
playforward.nl,today,control,1.389,andreaferreira;bartkoster;dejongduke;dennyvanveen;dutchvans;energiebankalkmaar;geurts;harmenvandermolen;heinzjankowsky;isoplanner;josluken;lottevandereng;remcokroonsberg;renateroeleveld;sharonvanleeuwen;variopool;venturasystems;webcaresorgente,industry+craft,2,,1.0,1.0,0.625,,,,,,,,,,,,,,,,,,0,,18,18,,,0,16,1,4,0,0,0,2023,0.0,0.0,,1.0,1.0,0.75,,,,,"Video, animatie & fotografie",Internationaal / wereldwijd,Manufacturing & industrial,,,,True
adworth.nl,today,control,1.0,autoruitdirect;centraalinkoopbureau;dakkampioenen;datafanatics;demolitionspecialist;letsdrive;palucci;stapreizen;vuurwerkuelsen,craft+channel,2,1.0,1.0,,,,,,,,,,,,,,,,,,,,0,,9,9,,,3,3,0,0,0,0,0,2020,0.0,0.0,1.0,1.0,,,,,,"SEA, display & overige paid advertising",Online adverteren (paid ads),,,,,,False
afdelingonline.nl,today,control,1.769,agrifirm;barnwoodweb;bibliotheeknieuwestijl;bovagfiets;brabantserfgoed;brabantwater;brainport;bravo;cheeriot;cke;creativityworldforum;cubordsignmakers;cultuurmarketingawards;cycletours;denobelaer;derooipannen;detjer;dualinventive;erfgoedfestivalgelderland;feedvalid;fun4cars;gemeentevalkenswaard;ggdreisvaccinaties;granditalia;healthconnect;jozo;krllermller;kunstloc;maastrichtuniversity;mauritshuis;mcgregor;mediamuseum;medians;medipoint;mestmagnl;metesco;nooteboomtrailers;opvoedinformatienederland;phoenixcultuur;proeftuininternationaliseringbrabant;reef;rocrivor;sensocare;stadstheaterzoetermeer;textielmuseum;thebamboovement;thiememeulenhoff;tno;triora;uwv;zuiderwaterlinie;zwconnect,model+geo,2,0.322,0.134,0.44,0.254,0.167,0.541,,,,,,,,,,,,,,,,6,,67,52,,,22,52,5,39,6,14,0,2023,0.0,0.0,0.455,0.231,0.6,0.41,0.167,0.643,,"SEA, display & overige paid advertising",Online adverteren (paid ads),Regionaal (binnen Nederland),"Media, culture & entertainment","Meer leads, aanvragen & verkoop",Zakelijke afnemers (B2B),,True
afontwerp.nl,today,control,1.375,btavanderkolk;degarage;kwaruimte;meesterspithoff;oncue;pedicuremaria;rijschoolkrabbenborg;tandartspraktijkvanderzee,,0,,0.5,,0.333,,,,,,,,,,,,,,,,,,3,,11,8,,,0,2,0,3,0,0,0,2023,0.0,0.0,,0.5,,0.333,,,,,Website & webdesign,,Healthcare & care,,,,False
afslagzuid.nl,today,control,1.0,bremaninstallatiefabriek;gemeentezwolle;hanzeheerd;ijsselheem;provincieoverijssel;route67plus;ticraoutdoor,,0,,0.333,1.0,,,,,,,,,,,,,,,,,,,0,,9,7,,,0,3,1,0,0,0,0,2023,0.0,0.0,,0.333,1.0,,,,,,Strategie & advies,Regionaal (binnen Nederland),,,,,True
maarten-laan,today,original340,1.094,ayla;bambuu;coloradocharlie;deblauw;degelekanarie;dewitt;djfaces;donuts;dutchdutch;frankhaasnoot;freasy;grace;joanmirsculptures;kunstkerk;labodemezcal;luca;mamarazzi;museumbeeldenaanzee;museumboerhaave;noletsgin;officinaisino;onwise;oranjebitterfestvial;plazafoods;sanpellegrinonaturali;schaatsbaanrotterdam;tuesday;upcourt;vanderhamoptometristen;williamscocktails;williamspremiumcannedcocktails;zalmhuis,craft,1,1.0,0.51,,0.333,,,,,,,,,,,,,,,,,,0,,41,32,,,1,7,0,3,0,0,0,,0.0,0.0,1.0,0.571,,0.333,,,,Website & CMS,Branding & huisstijl,,Healthcare & care,,,,False
maartenclement,today,original340,1.0,descheppercampagnes;muntonline,,0,1.0,0.5,,,,,1.0,,,,,,,,,,,,,,,5,,7,2,,,1,2,0,0,0,0,1,,0.0,0.0,1.0,0.5,,,,,1.0,"E-mail, CRM & marketing automation","E-mailmarketing, automation & funnels",,,,,Omvang in cijfers,False
maartenvanwilligen,today,original340,1.25,consultco;enerzien;grexx;uvsmart,,0,,1.0,1.0,1.0,,,,,,,,,,,,,,,,,,0,,7,4,,,0,2,1,1,0,0,0,,0.0,0.0,,1.0,1.0,1.0,,,,,Strategie & advies,Heel Nederland (landelijk),"Energy, utilities & environment",,,,False
maloutewierik,today,original340,1.429,centraalmuseum;centraalmuseumpopup;creatievecoalitie;nederlandmonumentenland;nijntjemuseum;spoorwegmuseum;visdeurbel,,0,0.5,0.28,0.5,1.0,,,1.0,,,,,,,,,,,,,,,0,,8,7,,,2,5,2,1,0,0,1,,0.143,0.143,0.5,0.4,0.5,1.0,,,1.0,"Branding, campagne & activatie",Campagnes & creatieve concepten,Regionaal (binnen Nederland),"Media, culture & entertainment",,,Omvang in cijfers,True
marc-bouwman,today,original340,1.714,amybouwman;chezmichel;coatingwoerden;colourit;colouritschilderwerken;gabyvanderweert;historicwood;jeffreyschipper;jmgwoondecoraties;klusbedrijfwoerden;komeback;leovanderelst;loviadesign;lucutrecht;melvinhemmer;ninavanschaik;peterkuijf;pitotutrecht;pmkelektra;siebecoffeng;woondeco,craft,1,1.0,0.592,,0.191,,,,,,,,,,,,,,,,,,0,,33,21,,,1,21,0,15,0,0,0,,0.0,0.0,1.0,0.714,,0.333,,,,SEO & organische vindbaarheid,Website & webdesign,,"Construction, real estate & housing",,,,False
kevin-tadema,today,original340,1.333,groeivoer;jopiehuismanmuseum;tailorstitch,,0,1.0,1.0,,1.0,1.0,1.0,,,,,,,,,,,,,,,,0,,3,3,,,1,1,0,1,1,1,0,,0.0,0.0,1.0,1.0,,1.0,1.0,1.0,,"Branding, campagne & activatie",Strategie & advies,,"Media, culture & entertainment",Naamsbekendheid & zichtbaarheid,Zakelijke afnemers (B2B),,False
khashayarbaghani,today,original340,1.312,boboli;conclusionmbs;cts;degraafbakeries;dusseldorpbmw;hartogcontainers;lynxx;marreeendijxhoornadvocaten;marscookies;meevermeever;multikozijn;oostendorpmuziek;putman;rudyvanburen;solow;verive,craft,1,0.28,0.296,1.0,0.333,,1.0,,,,,,,,,,,,,,,,0,,17,16,,,5,14,1,3,0,1,0,,0.062,0.062,0.4,0.5,1.0,0.333,,1.0,,Social media organisch,Website & webdesign,Internationaal / wereldwijd,"Transport, logistics & automotive",,Zakelijke afnemers (B2B),,False
kirsten-rothman-9a5b6711,today,original340,1.0,alveo;brussemasselink;eigenstijlarnhem;houthandelbosveld;jongepoerink;kringloopbedrijfdebeurs;lappset;pensioenfixer;rmhagri;robasafety;teamsanders;wittepoelschoenen;wovenwithlove,,0,,0.314,,,,,,,,,,,,,,,,,,,,0,,13,13,,,0,13,0,0,0,0,0,,0.0,0.0,,0.385,,,,,,,Website & webdesign,,,,,,True
klaviyo,today,original340,1.952,abrend;alpine;baers;beautyrewards;bedankjesnl;biologischbabyvoedingsmerk;boekenbalie;bonnemanire;braincaps;brunotti;careforskin;casuallads;claya;cococici;cookpan;cortazu;crazylabels;cutenutrition;decathlon;denksport;designblussers;diamondpainting;doublesmart;gebruikersnamen;grubterra;honeybalm;idoido;ilja;imeshh;indisha;invi;invibraceletinvi;jooneparis;juizs;knaek;kuyichi;ladress;layzinskin;lekkerbikes;llfgames;loftymanner;loopearplugs;meesterslijpers;mingokids;mkbshop;modulari;moodiesundies;moooi;myorganicformula;noshirt;notbranded;nuudcare;oliviakate;omassoep;ovabalance;papabarkley;pauw;pitpit;productpine;raboom;rizzdesign;sciencehumans;simlab;smyle;snappcar;softrevolt;somnox;sophiamae;suitable;suite702;summertoys;tattooland;tessasmealprep;thearchivestore;theblendbox;theskinpot;vallon;vloerkledenwinkel;whitegreen;wickedcushions;wildthingscollectables;yummygums;zvy,industry,1,1.0,1.0,,0.408,,,,,,,,,,,,,,,,,,0,,89,83,,,2,1,0,63,0,0,0,,0.0,0.024,1.0,1.0,,0.587,,,,"E-mail, CRM & marketing automation","Outcome-verkoop (leads, omzet, groei)",,"Fashion, beauty & personal goods",,,,False
amcreative.io,today,control,1.0,vrdayseurope,,0,,,,,,,,,,,,,,,,,,,,,,7,,8,1,,,0,0,0,0,0,0,0,2021,0.0,0.0,,,,,,,,,,,,,,,False
amigosagency.nl,today,control,2.0,alcanside;bierbrouwerijoijen;bionova;cmb;dutchtecsource;dynamics4business;prinsenberning;sandersmachinebouw;sbs;sparked;vandebeeten;vinkhoreca,stage,1,1.0,0.14,1.0,0.157,1.0,0.5,0.556,,,,,,,,,,,,,,,0,,16,12,,,1,11,1,11,1,2,3,2023,0.0,0.083,1.0,0.182,1.0,0.182,1.0,0.5,0.667,Webshop & e-commerceplatform,Content & copywriting,Regionaal (binnen Nederland),Manufacturing & industrial,Personeel werven & werkgeversmerk,Zakelijke afnemers (B2B),Groot / corporate / marktleider,True
alldots.nl,today,control,,,,0,,,,,,,,,,,,,,,,,,,,,,1,,1,0,,,0,0,0,0,0,0,0,2025,,,,,,,,,,,,,,,,,False
allison.nl,today,control,1.294,bouwmensen;bouwstarters;deventermaatjes;deventervoetbal;deventerziekenhuis;eycollege;freshnotes;geas;historischmuseum;hotelhuisvermeer;mas;overdepleinen;parolo;sied;sod;stbergkerkconcerten;vcd,job+geo,2,,0.218,0.5,0.28,0.556,,,,,,,,,,,,,,,,,0,,19,17,,,0,17,4,5,3,0,0,2023,0.0,0.0,,0.353,0.5,0.4,0.667,,,,"Grafisch ontwerp, drukwerk & print",Regionaal (binnen Nederland),"Nonprofits, charities & associations","Leden, leerlingen & donateurs werven",,,False
allyourmedia.nl,today,control,1.0,aangenaam;airmundocom;airportcodesio;akzonobelbe;allbrassindustrial;arnhembusinessschool;artezhogeschoolarnhemnijmegen;barcelonametmarta;beijeradvies;brasseriezypendaal;brooksmodelingagency;burghouwt;cadac;cadeaubonnet;capitarit;cargobee;casserole;cevinfisher;cleanmobilitycenter;consortiumgo;denederlandsezorgsite;europroxima;flexprofi;flow;fraenck;frankyrizardo;gruppo79;innovatearnhemigniteaward;karbouw;karinlambrechtse;laboratoriumnl;leseydinsnl;letocav;lonnekeleever;lovelybylucy;lunchpool;maartenvankeller;makeorbuyfulfilment;marktuitert;mavein;michaelkosta;michelberendsen;michellebuteau;mondialfoods;mountainnetwork;nationalcenterofperformingarts;nikkigiling;nouryon;onderzoekersnl;planetawesome;platowood;pureinternetmarketing;reprecruitment;rijnstatekunst;rijnstatevriendenfonds;ryal;sincerius;singel80;smivet;spijkersenspijkers;stichtinglyme;studiohands;subrow;swarovski;treinstationinfonl;tuinvijverinfo;universityofappliedsciences;uwhuisdiernl;vandermostmodern;vliegveldinfonl;waterschaprijnenijssel;weekendjewegnl;yearth,,0,0.333,0.369,,,,,,,,,,,,,,,,,,,,0,,78,73,,,3,15,0,0,0,0,0,2025,0.0,0.0,0.333,0.467,,,,,,Website & CMS,Branding & huisstijl,,,,,,False
alonamarketing.nl,today,control,1.429,budgetisolatieshop;houthandeljelsan;misterkools;succlean;tuynkamer;vanakenschroeffunderingen;vloerverwarmingcuijk,,0,,1.0,,1.0,,,,,,,,,,,,,,,,,,6,,28,7,,,0,1,0,1,0,0,0,2025,0.0,0.286,,1.0,,1.0,,,,,Website & webdesign,,"Construction, real estate & housing",,,,True
amazing.nl,today,control,1.105,aandestegge;apeldoornsintcity;circulus;csgoost;driegasthuizengroep;gemeentealkmaar;gemeenteapeldoorn;hanze;its;ivabusinessschool;kpz;luzac;matchtest;osteopathieapeldoorn;roma;samen055;theqlounge;univ;wibra,geo,1,,0.25,1.0,1.0,,,,,,,,,,,,,,,,,,4,,29,19,,,0,12,5,1,0,0,0,2023,0.0,0.053,,0.417,1.0,1.0,,,,,Campagnes & creatieve concepten,Nederlandse stad of plaats,Education & childcare,,,,False
koendulfer,today,original340,1.158,asmodee;boti;canon;clementoni;coolermaster;diergaardeblijdorprotterdamzoo;eldohm;happybed;iroin;lenovo;livefresh;mars;nordvpn;plaion;sambro;sodastreamentreprises;spinmaster;ubisoft;vogels,craft,1,,1.0,,0.5,1.0,,,,,,,,,,,,,,,,,0,,21,19,,,0,7,0,2,1,0,0,,0.0,0.0,,1.0,,0.5,1.0,,,,PR & influencer marketing,,Retail & e-commerce (general consumer goods),Lancering nieuw product of concept,,,False
koenevers,today,original340,1.286,bolcom;dela;europeescheverzekeringen;rechtnetadvocaten;renewi;rijkswaterstaat;softwatersystems,craft,1,,0.722,1.0,1.0,,,,,,,,,,,,,,,,,,0,,7,7,,,0,6,2,1,0,0,0,,0.0,0.143,,0.833,1.0,1.0,,,,,SEO & vindbaarheid,Nederlandse stad of plaats,"Construction, real estate & housing",,,,True
larissakramer,today,original340,1.0,verhage,,0,,1.0,,,,,,,,,,,,,,,,,,,,5,,6,1,,,0,1,0,0,0,0,0,,0.0,0.0,,1.0,,,,,,,Content & copywriting,,,,,,False
lars-hauwert,today,original340,1.8,amourprint;canadianbedinaboxbrand;greenwestons;manoir;soulcomfort,,0,1.0,1.0,1.0,1.0,,1.0,,,,,,,,,,,,,,,,0,,5,5,,,1,1,1,1,0,1,0,,0.0,0.8,1.0,1.0,1.0,1.0,,1.0,,Social media paid,Webshop & e-commerce,Specifiek buitenland,Retail & e-commerce (general consumer goods),,Webshop consumenten (D2C),,False
laura-van-der-molen-99b632b,today,original340,1.0,detuinkamermeppel;dewyberthilversum;drachtstervaartdrachten;ebbe;ebbingekwartiergroningen;floatinggardensamsterdamsloterdijk;grandaireberlinberlijn;grandzuwevinkeveen;groeneervennijmegen;hofstedeenirishofelzenhofhillegom;hooghetuinendeventer;jeegeevastgoedloosdrecht;kloosterdekenroesutrecht;kopvandestadswervenharderwijk;kraanbolwerkzwolle;maresdenhaagaanzee;nieuwreinhazerswouderijndijk;otthoamsterdamnieuwwest;panorama12badhoevedorp;parkvoornutrecht;ravelijndiemen;residentiederepubliekamsterdam;saamleiden;schuytgraafarnhem;sniepkwartierdiemen;superprimerentalskoningspleinamsterdam;themayoramstelveen;vanwonen;villatsjidobussum,geo,1,,,0.86,,,,,,,,,,,,,,,,,,,0,,38,29,,,0,0,27,0,0,0,0,,0.0,0.0,,,0.926,,,,,,,Nederlandse stad of plaats,,,,,True
marcel-bakkum-8000828,today,original340,1.4,archipel;expeditieloopbaan;gemeentebernheze;pozob;woonbedrijf,craft,1,,0.375,1.0,0.5,1.0,1.0,,,,,,,,,,,,,,,,0,,11,5,,,0,4,1,2,1,1,0,,0.0,0.0,,0.5,1.0,0.5,1.0,1.0,,,Branding & huisstijl,Nederlandse stad of plaats,Healthcare & care,"Merk, huisstijl & verhaal","Overheid, zorg & onderwijs",,False
marcel-sluijter-sens-online-solutions,today,original340,1.0,allesoverallergie;almerecityfc;chiptuningexperience;cosmozorg;daxtrio;dearend;deaudiq2;debanensitenl;europarcs;europarcsverhuur;eventus;giraflift;gjmeijer;greekdrive;happyrainydays;iams;josephklibansky;leftlanerecordings;mercon;morsecode;seocampagnerosenboom;seussconsulting;sharpbusinesspoint;themeatlovers;valleiauto;vivonline;worldfightingleague;xxlhoreca,craft,1,1.0,0.512,,,,,1.0,,,,,,,,,,,,,,,0,,30,28,,,2,26,0,0,0,0,1,,0.0,0.0,1.0,0.577,,,,,1.0,SEO & organische vindbaarheid,"Online marketing, performance & CRO",,,,,Klein / zelfstandig,False
marciacoppens,today,original340,1.0,gemertmert;hokkendomein;motoracademy;nederheide;schonerhuis;slagervogels,,0,,,,,,,,,,,,,,,,,,,,,,0,,7,6,,,0,0,0,0,0,0,0,,0.0,0.0,,,,,,,,,,,,,,,False
marcovanhoogdalem,today,original340,1.167,dekeukenbladenfabriek;fasteditor;hfbeauty;hoondert;mountain;zonneparkservices,channel,1,0.375,0.28,,,,,,,,,,,,,,,,,,,,0,,11,6,,,4,5,0,0,0,0,0,,0.0,0.167,0.5,0.4,,,,,,SEO & organische vindbaarheid,Website & webdesign,,,,,,True
plopmarketing.com,today,control,2.0,gmtbenelux;qsta,,0,,0.5,1.0,0.5,1.0,1.0,1.0,,,,,,,,,,,,,,,0,,2,2,,,0,2,1,2,1,1,1,2023,0.0,0.0,,0.5,1.0,0.5,1.0,1.0,1.0,,Content & copywriting,Nederlandse stad of plaats,"Food, beverage & agriculture",Naamsbekendheid & zichtbaarheid,Zakelijke afnemers (B2B),Startup / jong / groeiend,False
pre-pare.nl,today,control,1.371,4x4zuid;ageviewer;arassecurity;benzhoortoestellen;bielsbank;blend4;bondpark;bosexploitatievroom;bosfrezen;brilmoderobboon;bsbssupport;cargill;chiqoorij;cruisenightroosendaal;ctech;currymasala;dieselspareparts;fiat;gerechtsdeurwaardernederland;gpceurope;grahampackaging;halloroosendaalapp;hartvannederland;holidayhomerestyling;industro;infravak;kijkgroepkrispijn;kontaktlenzencentrumdordrecht;kortendijksestraat;krispijnoptiek;kvk;landgoedmattemburg;legalrecovery;legro;loslatinos;mijlweg;ndfmls;nichemed;nstscaffolding;nuon;passerelleroosendaal;prcgerechtsdeurwaarders;proplusbouw;radizdrive;ranchobravo;reehorst;reypenaerkaas;riensgortoptiek;ringcall;ringmaatapp;silverbrains;suncastle;sunglassesxl;taxigoverdezevenbergen;tongerlomuseum;tulipflourmills;vanderheidenoptiek;vdvd;victordelorme;waxworld;wcwonder;woonvormportugal,channel+geo,2,1.0,0.239,0.755,0.156,,,,,,,,,,,,,,,,,,1,,63,62,,,5,62,7,21,0,0,0,2023,0.0,0.0,1.0,0.339,0.857,0.238,,,,Social media organisch,"Grafisch ontwerp, drukwerk & print",Nederlandse stad of plaats,Healthcare & care,,,,False
pubmarket.nl,today,narrower,1.4,javafoodservice;luminus;supertank;unileverfoodsolutionsbelgium;unileverprofessional,craft+job,2,0.5,0.556,1.0,0.5,0.556,1.0,,,,,,,,,,,,,,,,0,,11,5,,,2,3,2,2,3,1,0,2024,0.0,0.0,0.5,0.667,1.0,0.5,0.667,1.0,,Multi-channel & omnichannel,Campagnes & creatieve concepten,Nederland plus buurlanden,"Energy, utilities & environment",Groei & nieuwe markten,Zakelijke afnemers (B2B),,True
reachcommunications.nl,today,control,1.25,arn;autorecyclingnederland;pensioenfondsing;pensioenfondszorgwelzijn,craft,1,1.0,0.556,1.0,1.0,0.5,,1.0,,,,,,,,,,,,,,,0,,7,4,,,1,3,1,1,2,0,1,2025,0.0,0.0,1.0,0.667,1.0,1.0,0.5,,1.0,Multi-channel & omnichannel,Strategie & advies,Heel Nederland (landelijk),"Energy, utilities & environment",Bewustwording & gedragsverandering,,Omvang in cijfers,False
reclame-totaal.nl,today,control,1.067,aerolet;aquacomfort;eurolhellendoornrally;fabrili;firstaiddd;gemeentetwenterand;historischfestivalalmelo;jijbouwt;joninapleij;joosttiemersma;julesleenders;karstrodenstein;puur3verzorging;puxgreen;willeketalen,,0,,0.358,1.0,,1.0,,,,,,,,,,,,,,,,,0,,17,15,,,0,9,1,0,1,0,0,2015,0.067,0.0,,0.444,1.0,,1.0,,,,Branding & huisstijl,Nederlandse stad of plaats,,"Merk, huisstijl & verhaal",,,True
adfarm.nl,today,control,1.312,bowinqnederland;eismamedia;gbomheining;hashteckel;jenstemebel;luczaaijer;martijntekampe;myfittwear;snelrijbewijskeurennl;socialstickernl;tattforaweek;veiligopleiden;vinup;vosdakprojecten;wesleybijmolt;witteveen,,0,0.224,0.28,,0.333,,,,,,,,,,,,,,,,,,3,,34,16,,,7,10,0,3,0,0,0,2024,0.0,0.125,0.286,0.4,,0.333,,,,"SEA, display & overige paid advertising",Website & webdesign,,Retail & e-commerce (general consumer goods),,,,True
advertisingheroes.com,today,control,1.0,1doornl;jackssecretcom;standaarduitgeverijbe,,0,,0.5,,,,,,,,,,,,,,,,,,,,0,,3,3,,,0,2,0,0,0,0,0,2025,0.0,0.0,,0.5,,,,,,,Branding & huisstijl,,,,,,False
adwise.nl,today,control,1.281,acrucialpiece;atkins;atkinsmealplanner;azerty;bever;bissell;boekengilde;carnavalsland;continuprofessionals;debosrand;demarec;deventrade;dijkman;dijkmanzonneenergie;drukwerkdeal;eddingkeepdistancestayconnected;eijerkamp;elektramat;epplejeck;fintessa;fitwinkel;fixjeiphone;gemeentealmelo;gemeenterijssenholten;grayle;hekwerkonline;heracles;heraclesalmelo;huiskeskokkeler;icon;irixs;kaartje2go;kalfire;keessmittuinmeubelen;keessmittuinmeubelendigitalinstore;koffergigant;kozijnshopnl;kramp;lasouris;leadax;ledloket;leendersfietsen;livium;looox;michelopreybeisterveldnatuursteen;mijnreginacoeli;morskateaandrijvingen;movares;nedupack;nljobs;oad;partly;petiteamlie;primagaz;prominent;pureenergie;qredits;qreditsmicrofinanciering;reginacoeli;regiorijkvannijmegen;rffsocks;rijbewijsinvordering;rioolreinigingsservice;roffsocks;saxion;sbmbouwenvastgoedmanagers;shampoobars;sheltersuit;smoothlaserclinic;sotoff;soudal;spar;sparnederland;specishops;stratech;supplementa;tentusscher;thales;thuisin;thuisinaanhuisnl;tiogatours;twence;twencehp;unitedretail;universiteittwente;vandentoptuinhout;viabovagnl;vibe;vodafoneziggo;vproserie;vront;werkenbijsparnl;wilminktheater;wilminktheaterenmuziekcentrumenschede;xenos;ziezodan,,0,0.13,0.094,0.36,1.0,,1.0,,,,,,,,,,,,,,,,3,,139,96,,,28,83,5,1,0,1,0,2025,0.0,0.271,0.179,0.181,0.4,1.0,,1.0,,Webshop & e-commerceplatform,"Outcome-verkoop (leads, omzet, groei)",Internationaal / wereldwijd,Manufacturing & industrial,,Zakelijke afnemers (B2B),,False
adwolves.nl,today,control,1.4,davidb;dianad;handyhero;hidded;horseadds;jaarbeurs;jeremyvanderp;krotom;michaelk;paulvanderm;robinv;starframe;thijss;variantloodsenbouw;wienekevang,,0,0.5,0.278,,0.5,,1.0,1.0,,,,,,,,,,,,,,,0,,30,15,,,2,6,0,2,0,1,1,2020,0.0,0.267,0.5,0.333,,0.5,,1.0,1.0,"SEA, display & overige paid advertising",Webshop & e-commerce,,"Hospitality, tourism, sports & recreation",,Webshop consumenten (D2C),Klein / zelfstandig,True
fruto.nl,today,narrower,1.75,allegoedsvakanties;dutchcleanupclub;easeley;erihs;fleetgripbouwheer;hannahcuppen;highteanl;jouwballonnen;lifemomentssanitair;meyraserviceapp;navivakraamzorg;nederlandseentomologischevereniging;premismedical;restauratorennederland;vanwijkvastgoedonderhoud;vestigia,channel+model+geo,3,0.68,0.355,0.556,0.139,,0.556,,,,,,,,,,,,,,,,10,,29,16,,,5,11,3,12,0,3,0,2020,0.0,0.0,0.8,0.455,0.667,0.167,,0.667,,Website & CMS,Apps & maatwerk platforms,Heel Nederland (landelijk),"Nonprofits, charities & associations",,Zakelijke afnemers (B2B),,False
fyndable.online,today,control,1.128,abelvandenakker;antoineboons;autotresor;bertdersjant;carkeyhouse;cynthiaentjes;daktechniek;derekenmeestersaccountancyadvies;easyjet;entjesadministratieenadvies;entjesschilderwerk;erwinblezer;frank;hoekinterieur;itgigant;jake;jayramtahalsing;jobnass;kippbouwkunde;koendijkstra;manondevlieger;marcplatschorre;melvinvanvelzen;micasainterieurs;miket;millmotorsport;musicismagic;notebookoutlet;petermoerkens;pimvandrimmelen;radjenchotoe;rcjcboerman;ricksprengers;robverbeek;roelnortier;rokegabetonspecialist;roneras;sophiebroeders;supergym;tanjaotten;thehealthychef;tjeerdbruinsma;tomvanmaris;uwdakgarantie;vanwijnen;woodpaneel;yourmedia,craft+channel+stage,3,0.406,0.391,1.0,0.28,0.5,,0.556,,,,,,,,,,,,,,,0,,53,47,,,8,32,1,5,2,0,3,2025,0.0,0.021,0.5,0.594,1.0,0.4,0.5,,0.667,"SEA, display & overige paid advertising",Website & webdesign,Nederlandse stad of plaats,"Transport, logistics & automotive","Meer leads, aanvragen & verkoop",,Klein / zelfstandig,True
getforward.nl,today,control,1.103,annelieboersma;arassecurity;bouwmabouwmachines;curveswear;dannykoene;delimeal;dirkvanderham;dorgelovoertuigopties;edberg;ekelhoffkeukens;enrise;ernstbrokmeier;feliciavantoever;henniezoontjes;irisvrolijks;ladieswork;leadinfo;lengersyachts;mehranmohammad;pieterwahlen;rachelboersma;reddingsbrigadenederland;rutgerdegroot;schildersbedrijfedberg;showroom;silscharmga;theartofdogtrainingnl;thermoshield;woonin,industry+channel,2,0.36,0.204,,1.0,0.5,1.0,1.0,,,,,,,,,,,,,,,0,,35,29,,,10,14,0,3,2,1,2,2023,0.0,0.0,0.5,0.357,,1.0,0.5,1.0,1.0,"SEA, display & overige paid advertising",Online adverteren (paid ads),,"Construction, real estate & housing","Meer leads, aanvragen & verkoop",Webshop consumenten (D2C),Klein / zelfstandig,True
gladior.com,today,narrower,1.0,canonlinenl,,0,,1.0,,,,,,,,,,,,,,,,,,,,10,,11,1,,,0,1,0,0,0,0,0,2024,0.0,0.0,,1.0,,,,,,,Website & webdesign,,,,,,True
klubb.nl,today,narrower,1.0,fitpreps;happybed;outnabout;sarispartners;swimessentials;vouwwagenspecialist;washin7;wasserijboumans,craft+channel,2,1.0,0.781,,,,,,,,,,,,,,,,,,,,0,,19,8,,,7,8,0,0,0,0,0,2025,0.0,0.0,1.0,0.875,,,,,,"SEA, display & overige paid advertising",Online adverteren (paid ads),,,,,,True
koos.agency,today,control,1.45,accell;bunq;careem;cbrgenomics;cityofamsterdam;coperatievgz;cuf;digicel;dubaiinternationalairport;dutchministryofhealthwelfareandsport;dutchroyallibraryrijnbrink;eurocrossassistance;fortune500techcompany;galp;ing;justlease;knmiapp;kpn;liander;lotto;ministryofinfrastructureandwatermanagement;municipalityofamsterdam;municipalityofapeldoorn;olx;politie;prosus;qmobility;rak;randstad;rioned;santeonzorgbijjou;sgs;siemensit;sograpevinhosportugal;sonaemc;thedutchrailway;thedutchrailways;thestudenthotel;vgz;zorgdomein,stage+geo,2,,0.299,0.556,0.21,,,0.625,,,,,,,,,,,,,,,0,,50,40,,,0,39,3,9,0,0,4,2023,0.0,0.25,,0.462,0.667,0.333,,,0.75,,Strategie & advies,Specifiek buitenland,Finance & insurance,,,Omvang in cijfers,False
krbcommunicatie.nl,today,control,1.0,adviesbureaudelange;ask;bevelander;broekhuismode;burenlegal;buurtgezinnen;care4life;cbmc;certicon;cgmv;conscious;cordat;deakker;demeerwaarde;denationaletrombosedienst;dfpschoon;extraservices;gemeentebarneveld;gsr;hesterhuizen;homeflex;hooijermakelaardij;huismakers;infina;interserve;kcaccounting;kibeo;lev;mantumonderwijs;montall;noom;notarisdelange;obt;ondernemerscasa;quinto;rocmondriaandenhaag;rstzorgverleners;serveindia;tavasszy;therapeutischcentrum;thrombosisflexcare;thuisbouwers;vandamvandamenverkade;vandenbrink;vandenbroekadvies;vanreeaccountants;verloskundigenpraktijkbarneveld;zevenzorg;zgg;zorggroepzaanstreek,,0,,0.5,,,,,,,,,,,,,,,,,,,,0,,64,50,,,0,2,0,0,0,0,0,2020,0.0,0.0,,0.5,,,,,,,Social media content & beheer,,,,,,True
lab701.nl,today,control,1.0,aspiredrinks;dutchfoodweek;enphaseenergy;sportsworld;tenadvocaten,,0,,,,,,,,,,,,,,,,,,,,,,0,,5,5,,,0,0,0,0,0,0,0,2023,0.0,0.0,,,,,,,,,,,,,,,True
sanne-de-wild-99262b7a,today,original340,1.286,ajenbotanicalbodycare;cme;dezalmhaven;festamsterdam;gula;laurademildt;maiweskin;nicolehuisman;nona;roffamonamour;thecoucouclub;vantilburg;voordekunst;wakey,industry+craft,2,,0.68,0.5,0.556,1.0,,,,,,,,,,,,,,,,,2,,20,14,,,0,10,2,3,1,0,0,,0.071,0.0,,0.8,0.5,0.667,1.0,,,,Branding & huisstijl,Internationaal / wereldwijd,"Fashion, beauty & personal goods","Merk, huisstijl & verhaal",,,True
sebastiaankremer,today,original340,1.455,aclostudentensport;alfredbakkermakelaardij;baascycling;browniesperpost;ciskaamsterdam;cyrus;djimondeboerscheemda;evelienandelst;fcgroningen;hotelrestaurantaduard;hwexclusive;jcremer;josderidderhouten;maxxshop;mirjamthijsseneindhoven;rebacare;rubendrachten;slump;stadspark;thijshengelo;tinyeyeeurope;ydegroningen,craft,1,1.0,0.312,,0.21,1.0,,,,,,,,,,,,,,,,,18,,81,22,,,1,16,0,9,1,0,0,,0.0,0.045,1.0,0.5,,0.333,1.0,,,"SEA, display & overige paid advertising",Website & webdesign,,"Hospitality, tourism, sports & recreation",Advertenties & campagnes renderen niet,,,False
sharon-van-beek-30aa6ab5,today,original340,1.222,ashainternational;beppy;beppywomen;bootcamp4kids;condommessage;corinebakkerlieferink;daniellevandevlag;deniserietbergenchristiaanse;erikvanos;joline;jolineshop;leonielangemaire;moszaccessoires;msz;podotherapiehurenkamp;popuptoiletevents;puurvangeluk;yourgiftchequecuracao,craft+channel,2,0.556,0.469,1.0,,,,,,,,,,,,,,,,,,,0,,21,18,,,6,8,1,0,0,0,0,,0.0,0.222,0.667,0.625,1.0,,,,,SEO & organische vindbaarheid,SEO & vindbaarheid,Specifiek buitenland,,,,,False
siem-van-dongen-49a4b280,today,original340,1.657,aesc;aircontrol;bent;bijonsaniek;boilermarktfalke;concreteexperts;corinarietveldjewelry;dakgootrenovatiespecialist;daktechnieksmit;darioendaraphotography;dbschietsport;deeetkaamer;dentaloris;deurbeslagexpert;duthlerpersonaltraining;fysiotherapie4all;ip4sure;jachtloods;letsleds;metalworxx;misfits;mozaiektegelcom;mrkoffein;romertopfwinkelnl;sanispecials;slotenserviceuden;tandartsdenbosch;tandartspraktijkridder;tandheelkundigcentrumnederland;thekitchenarylab;toiletmarkt;tuinmeubeloutletoss;vantienen;whiteboardexpress;zweetikveel,,0,,,1.0,,,,,,,,,,,,,,,,,,,10,,49,35,,,0,0,1,0,0,0,0,,0.0,0.657,,,1.0,,,,,,,Specifiek buitenland,,,,,True
simon-hatter,today,original340,1.0,coolmansuniverse;fillingpieces;hatterxpride;jordan;legobotanicals;nike;stanley;verizon,craft,1,,1.0,1.0,,,1.0,,,,,,,,,,,,,,,,0,,21,8,,,0,4,1,0,0,1,0,,0.0,0.0,,1.0,1.0,,,1.0,,,Campagnes & creatieve concepten,Specifiek buitenland,,,Zakelijke afnemers (B2B),,False
chasemarketing.nl,today,control,2.25,amsterdamskinclinic;apsglassbarsupply;arcticblue;bootschappenwatersport;debotoxspecialist;elisestore;evimvloeren;inifinitea;muchachomalo;oceanwideexpeditions;procontact;realestatemasterclass;reandanetherlands;robosrealisatie;robostofzuigers;stoneybracelets;theorietoppers;tradeline;vanderblij;zorgoppas,channel+model,2,0.361,0.149,0.222,0.14,0.245,0.556,1.0,,,,,,,,,,,,,,,3,,32,20,,,13,17,6,11,14,3,1,2024,0.0,0.7,0.538,0.235,0.333,0.182,0.357,0.667,1.0,SEO & organische vindbaarheid,Strategie & advies,Heel Nederland (landelijk),"Hospitality, tourism, sports & recreation",Groei & nieuwe markten,Webshop consumenten (D2C),Startup / jong / groeiend,False
chunkagency.com,today,control,1.0,hollandsnieuwe;nationalenederlanden;pickwick;randstad;shengli,craft,1,,1.0,,,,,,,,,,,,,,,,,,,,2,,7,5,,,0,4,0,0,0,0,0,2024,0.0,0.0,,1.0,,,,,,,Branding & huisstijl,,,,,,False
cieremansvanreijn.nl,today,control,2.0,bpdbouwfondsgebiedsontwikkeling;monchythehague,,0,1.0,1.0,1.0,1.0,1.0,1.0,,,,,,,,,,,,,,,,4,,6,2,,,1,1,1,1,1,1,0,2024,0.5,0.0,1.0,1.0,1.0,1.0,1.0,1.0,,Multi-channel & omnichannel,Branding & huisstijl,Nederlandse stad of plaats,"Construction, real estate & housing","Merk, huisstijl & verhaal",Zakelijke afnemers (B2B),,False
claimyouraim.nl,today,control,1.6,advocatenkantoortadema;anoukroest;ayhansahin;bokzen;cargo;deregtadviesgroep;eliseteunissen;ellendehaan;erwinvonpickartz;gemeentedeventer;ivosjak;jacquelinesantbergen;johan;martinkniest;mattie;noaberenergie;paal8hotelaanzee;prontoo;rick;rijvo;skinbreeze;sociteitdehereeniging;speelparadijspannenkoekenhuisvoorst;teamagronl;thea;thedutchessofthesea;thestockroom;topicushealthcare;unica;vedn,craft+geo,2,,0.68,1.0,0.109,0.333,0.5,0.5,,,,,,,,,,,,,,,9,,39,30,,,0,5,5,16,3,2,2,2024,0.0,0.0,,0.8,1.0,0.188,0.333,0.5,0.5,,"Video, animatie & fotografie",Nederlandse stad of plaats,"Hospitality, tourism, sports & recreation",Groei & nieuwe markten,"Overheid, zorg & onderwijs",Omvang in cijfers,True
cloudfactory.nl,today,control,1.05,adidas;bookingcom;breeze;dolefoodcompany;epica;gcaesthetics;greenforce;heineken;israelwomensnetwork;jacobsdouweegberts;johnsonjohnson;kfc;oysho;proctergamble;salvationarmy;strongbow;sumsub;thesalvationarmy;twitter;yoni,,0,,,1.0,1.0,,,,,,,,,,,,,,,,,,1,,22,20,,,0,0,1,1,0,0,0,2023,0.0,0.0,,,1.0,1.0,,,,,,Internationaal / wereldwijd,"Food, beverage & agriculture",,,,False
imeco.nl,today,narrower,1.333,karinvermeulen;martijnrood;sarastoop,craft,1,1.0,0.556,,1.0,,,,,,,,,,,,,,,,,,0,,3,3,,,1,3,0,1,0,0,0,2025,0.0,0.0,1.0,0.667,,1.0,,,,Webshop & e-commerceplatform,Website & webdesign,,"Transport, logistics & automotive",,,,True
imgraphics.nl,today,narrower,1.0,appeven;buenokoffie;camillecosmetics;charlieskoffiecups;dekoffiefabriek;highendnutrition;ilprimo;karma;mylearninginsight;oldamsterdam;salterra;sltc;therubclub;tsas;vandiermenmasterbakers;vanwoerkomconfituren;vawi;wilthagen;xenos;zeeuwsezeewiercrisps,,0,,0.351,,,1.0,,,,,,,,,,,,,,,,,0,,20,20,,,0,15,0,0,1,0,0,2020,0.0,0.0,,0.467,,,1.0,,,,"Grafisch ontwerp, drukwerk & print",,,"Merk, huisstijl & verhaal",,,False
indicia.nl,today,control,1.333,demandemakers;enven;fashionunited;gemeenteeindhoven;mekano;ministerievanfinancin;nok;sedico;zilverenkruis,craft,1,0.333,0.333,1.0,,,1.0,,,,,,,,,,,,,,,,0,,9,9,,,3,6,1,0,0,2,0,2023,0.0,0.333,0.333,0.5,1.0,,,1.0,,"Content, video & PR",Apps & maatwerk platforms,Heel Nederland (landelijk),,,Zakelijke afnemers (B2B),,True
inktzwartekaters.nl,today,control,0.967,2theloo;anotherskateofmind;atsure;bmw;citron;comaxx;ctig;ctrack;etos;fitline;fullhousecapital;gamma;happycactus;jumbo;kekkekids;kleinloohdanstherapie;kwantum;lichtopeindhoven;lovelyluggage;manify;mycupofteamedia;ndrealestate;nederlandsjeugdinsituut;particulier;peugeot;rkk;royalcanin;tripdate;vivowonen;webleaders,craft,1,,0.629,,,,,,,,,,,,,,,,,,,,0,,30,30,,,0,30,0,0,0,0,0,2023,0.0,0.0,,0.767,,,,,,,Content & copywriting,,,,,,False
cre8agency.nl,today,narrower,1.321,aircoserviceachterhoek;altoluxzonwering;brass;bymichl;carpaccioexpress;casamakelaarsspanje;compoziet;curlscontrol;decathlon;degrootbewerkingsmachines;delaatcoffee;duurzaamxl;eki;enven;groveko;heatup;kickboxingsociety;landgoeddewesterbouwing;livizainterieurgroep;maxfit;mntec;nassau420;purefishing;scheerdakkapellen;schoutenhoveniers;studiogym;teamrockstarsit;zinvolt,craft+channel,2,0.592,0.379,1.0,0.5,,,1.0,,,,,,,,,,,,,,,0,,39,28,,,7,21,1,2,0,0,1,2024,0.0,0.25,0.714,0.571,1.0,0.5,,,1.0,"Content, video & PR",Strategie & advies,Specifiek buitenland,"Hospitality, tourism, sports & recreation",,,Startup / jong / groeiend,False
creanza.nl,today,control,1.0,alzheimers;keesynl;philips,,0,,0.333,,,,,,,,,,,,,,,,,,,,0,,4,3,,,0,3,0,0,0,0,0,2023,0.0,0.0,,0.333,,,,,,,Campagnes & creatieve concepten,,,,,,True
createthebrand.nl,today,control,1.231,bodytec;bodytecalmere;bon;daveroelvink;denbreejen;etrias;growdigital;growfield;janvertonghen;mlk;playmental;uda;veldmanpouw,craft,1,,0.858,,0.333,,,,,,,,,,,,,,,,,,0,,17,13,,,0,13,0,3,0,0,0,2025,0.0,0.0,,0.923,,0.333,,,,,Branding & huisstijl,,"Nonprofits, charities & associations",,,,False
creation.nl,today,control,1.042,ahoy;alzheimernederland;besured;bnr;caldictechniek;chatbaar;dhsprojecten;eurocollege;frieslandnl;hero;inventum;jaarbeurs;jumbo;kanzi;laplace;mattmo;napoleon;pqsinternational;rovernl;rtl;treinrondreis;treinrondreisnl;vdmi;xam,craft+channel,2,0.528,0.431,,1.0,,,,,,,,,,,,,,,,,,0,,27,24,,,24,24,0,1,0,0,0,2025,0.0,0.0,0.708,0.625,,1.0,,,,"SEA, display & overige paid advertising",Online adverteren (paid ads),,"Hospitality, tourism, sports & recreation",,,,False
creational.nl,today,control,1.0,btgeoconsult;compendor;gibbs;lebertusfinance;maniosconsultancy;returnonprojects;thomasrau;turntoo;yellowatom,craft,1,,1.0,,,,,,,,,,,,,,,,,,,,0,,9,9,,,0,9,0,0,0,0,0,2024,0.0,0.0,,1.0,,,,,,,Website & webdesign,,,,,,False
rogierduin,today,original340,1.333,1801jeugdenonderwijsadvies;bluerock;carbonequity;headfirst;huswell;iwell;kraakman;maxillia;orangecharging;payflip;paynl;qserve;solidprofessionals;vanborselenfilters;wijzijndna,channel,1,0.438,0.254,1.0,0.5,1.0,1.0,1.0,,,,,,,,,,,,,,,0,,28,15,,,8,13,1,2,1,1,1,,0.067,0.133,0.625,0.462,1.0,0.5,1.0,1.0,1.0,"E-mail, CRM & marketing automation","E-mailmarketing, automation & funnels",Nederlandse stad of plaats,"Staffing, recruitment & HR","Meer leads, aanvragen & verkoop",Zakelijke afnemers (B2B),Omvang in cijfers,True
rontielen,today,original340,1.074,akkoord;beringerzand;boutenkozijngeveltechniek;cutthecake;echtischt;eptummers;fbricadepadel;gem;hetbouwens;hoerakindercentra;isoclima;janssenbouwenontwikkelen;jouwfysio;leendersgielenadviseurs;mrmrsfotografie;odnml;peelenmaas;raedts;sportcenterbalance;sqquadd;thuisinpanningen;vaeslinthorst;vandijckgroenteproducties;vanriel;vspagrisolutions;witlof;xelect,craft,1,0.266,0.368,1.0,1.0,1.0,,,,,,,,,,,,,,,,,4,,51,27,,,16,19,1,1,1,0,0,,0.037,0.0,0.375,0.579,1.0,1.0,1.0,,,Multi-channel & omnichannel,Branding & huisstijl,Nederlandse stad of plaats,Healthcare & care,"Merk, huisstijl & verhaal",,,True
rotterdamcs.nl_419,today,original340,1.0,barsimon;connyjanssendanst;fonds21;ggdrotterdamrijnmond;huismarseille;leineroebana;mondriaanfonds;museumkranenburgh;oerol;orangearchitects;pictoright;rijkscultuurfondsen;schiedamviert750;stedelijkmuseumschiedam;vanede;vnoncwwest;voorlinden,craft,1,,0.419,,,,,,,,,,,,,,,,,,,,0,,28,17,,,0,17,0,0,0,0,0,,0.0,0.0,,0.529,,,,,,,Website & webdesign,,,,,,False
rox.nl_420,today,original340,1.04,amvest;architectenregister;bakertilly;blauwhoed;brinckrolloutservices;dopingautoriteit;erasmusmc;gebroedersblokland;heijmans;heijmansinfra;heijmansinfradesignsystem;heijmansslimmeinfra;heijmansvastgoed;mkbnederland;mogelijk;muldershipyard;postnl;prominent;rijksoverheid;rijkswaterstaat;smarthealth;swinkelsbrewfinder;veiligheidnl;wereldnatuurfonds;woningzoeker,,0,1.0,0.216,,1.0,,,,,,,,,,,,,,,,,,0,,28,25,,,1,25,0,1,0,0,0,,0.0,0.0,1.0,0.36,,1.0,,,,"E-mail, CRM & marketing automation",Apps & maatwerk platforms,,Healthcare & care,,,,True
roydekok,today,original340,1.0,amega;ret;wantijlive,,0,,0.333,,,,,,,,,,,,,,,,,,,,3,,6,3,,,0,3,0,0,0,0,0,,0.0,0.0,,0.333,,,,,,,Campagnes & creatieve concepten,,,,,,True
